snaqV,ntaxa,nhybrids,runtime,threads
v1.0,4,1,0.615850703,1
v1.0,5,1,0.022926508,1
v1.0,6,1,0.016219806,1
v1.0,6,2,0.042165061,1
v1.0,7,1,0.204669957,1
v1.0,7,2,0.245199824,1
v1.0,8,1,0.245116299,1
v1.0,8,2,0.675067433,1
v1.0,9,1,1.687484014,1
v1.0,9,2,2.269828729,1
v1.0,9,3,0.460291514,1
v1.0,10,1,1.175387609,1
v1.0,10,2,4.757485774,1
v1.0,10,3,6.879482592,1
v1.0,11,1,6.902845329,1
v1.0,11,2,5.946290449,1
v1.0,11,3,6.721038167,1
v1.0,12,1,4.314251307,1
v1.0,12,2,0.78902783,1
v1.0,12,3,5.508553812,1
v1.0,13,1,21.808986539,1
v1.0,13,2,19.311135438,1
v1.0,13,3,33.210093955,1
v1.0,14,1,34.426667742,1
v1.0,14,2,48.177411906,1
v1.0,14,3,61.013404298,1
v1.0,15,1,55.667682838,1
v1.0,4,1,0.618231109,1
v1.0,5,1,0.023823115,1
v1.0,6,1,0.015872964,1
v1.0,6,2,0.04149813,1
v1.0,7,1,0.190417867,1
v1.0,7,2,0.242145557,1
v1.0,8,1,0.244930205,1
v1.0,8,2,0.671574483,1
v1.0,9,1,1.655320872,1
v1.0,9,2,2.220228002,1
v1.0,9,3,0.462119122,1
v1.0,10,1,1.18517639,1
v1.0,10,2,4.714530067,1
v1.0,10,3,6.599804603,1
v1.0,11,1,7.156796365,1
v1.0,11,2,6.274981908,1
v1.0,11,3,6.558385058,1
v1.0,12,1,4.211063054,1
v1.0,12,2,0.786037742,1
v1.0,12,3,5.450567468,1
v1.0,13,1,21.705603408,1
v1.0,13,2,19.928732304,1
v1.0,13,3,33.220246055,1
v1.0,14,1,33.678482746,1
v1.0,14,2,46.645046793,1
v1.0,14,3,63.451193398,1
v1.0,15,1,55.708127446,1
v1.0,15,2,32.972731421,1
v1.0,15,3,9.968982699,1
v1.0,16,1,23.459613198,1
v1.0,16,2,28.867734801,1
v1.0,16,3,75.174561404,1
v1.0,17,1,22.747025869,1
v1.0,17,2,81.150661067,1
v1.0,17,3,48.265661292,1
v1.0,18,1,224.337929764,1
v1.0,18,2,84.484111175,1
v1.0,18,3,107.95805559,1
v1.0,19,1,106.289265933,1
v1.0,19,2,34.651669942,1
v1.0,19,3,313.319575029,1
v1.0,20,1,56.946071783,1
v1.0,20,2,457.453800086,1
v1.0,20,3,183.910402567,1
v1.0,4,1,0.001206426,1
v1.0,5,1,0.009158189,1
v1.0,6,1,0.020135979,1
v1.0,4,1,0.667172694,1
v1.0,5,1,0.027873534,1
v1.0,6,1,0.016527615,1
v1.0,6,2,0.044857986,1
v1.0,7,1,0.156982048,1
v1.0,7,2,0.214475154,1
v1.0,8,1,0.258476489,1
v1.0,8,2,0.695806799,1
v1.0,9,1,1.747701436,1
v1.0,9,2,2.343292394,1
v1.0,9,3,0.503170094,1
v1.0,10,1,1.221865307,1
v1.0,10,2,4.915307934,1
v1.0,10,3,6.859397259,1
v1.0,11,1,7.364942897,1
v1.0,11,2,6.299530352,1
v1.0,11,3,7.138393979,1
v1.0,12,1,4.294329283,1
v1.0,12,2,0.785171988,1
v1.0,12,3,5.494471803,1
v1.0,13,1,21.625511205,1
v1.0,13,2,20.285785079,1
v1.0,13,3,34.695727633,1
v1.0,14,1,34.596967468,1
v1.0,14,2,46.535241661,1
v1.0,14,3,62.447702694,1
v1.0,15,1,58.421866171,1
v1.0,15,2,34.027475824,1
v1.0,15,3,9.891597914,1
v1.0,16,1,24.208508051,1
v1.0,16,2,29.708217561,1
v1.0,16,3,72.821995976,1
v1.0,17,1,23.129979979,1
v1.0,17,2,83.989801513,1
v1.0,17,3,49.573389454,1
v1.0,18,1,227.703229244,1
v1.0,18,2,85.29368483,1
v1.0,18,3,109.716651302,1
v1.0,19,1,107.098319857,1
v1.0,19,2,35.087864202,1
v1.0,19,3,320.708518244,1
v1.0,20,1,57.871180407,1
v1.0,20,2,464.976027426,1
v1.0,20,3,190.990204771,1
v1.0,4,1,0.001217903,1
v1.0,5,1,0.009532632,1
v1.0,6,1,0.021046149,1
v1.0,7,1,0.130547914,1
v1.0,7,2,0.120721504,1
v1.0,8,1,0.330941124,1
v1.0,8,2,1.545032299,1
v1.0,9,1,2.193124524,1
v1.0,9,2,1.28038774,1
v1.0,9,3,1.842907786,1
v1.0,10,1,1.201844797,1
v1.0,10,2,1.702208149,1
v1.0,10,3,3.796334824,1
v1.0,11,1,3.788127094,1
v1.0,11,2,1.099649733,1
v1.0,11,3,5.647773628,1
v1.0,12,1,9.265905193,1
v1.0,12,2,10.953233088,1
v1.0,12,3,11.253591004,1
v1.0,13,1,28.186873973,1
v1.0,13,2,7.141434524,1
v1.0,13,3,54.093076177,1
v1.0,14,1,6.017563006,1
v1.0,14,2,5.630925445,1
v1.0,14,3,46.018065958,1
v1.0,15,1,51.354416723,1
v1.0,15,2,32.639716431,1
v1.0,15,3,57.047729419,1
v1.0,16,1,26.982258144,1
v1.0,16,2,21.903308815,1
v1.0,16,3,102.294123981,1
v1.0,17,1,54.801915108,1
v1.0,17,2,20.561339981,1
v1.0,17,3,42.540517956,1
v1.0,18,1,92.941647823,1
v1.0,18,2,64.523942852,1
v1.0,18,3,61.532386502,1
v1.0,19,1,211.549846696,1
v1.0,19,2,340.564709732,1
v1.0,19,3,260.507551158,1
v1.0,20,1,31.221207882,1
v1.0,20,2,13.479321803,1
v1.0,20,3,88.978792494,1
v1.0,4,1,0.001428375,1
v1.0,5,1,0.011337378,1
v1.0,6,1,0.0712203,1
v1.0,6,2,0.015428478,1
v1.0,7,1,0.201745944,1
v1.0,7,2,0.495201129,1
v1.0,8,1,0.461706278,1
v1.0,8,2,0.757312761,1
v1.0,9,1,1.464419436,1
v1.0,9,2,2.398045059,1
v1.0,9,3,2.928438055,1
v1.0,10,1,1.360895281,1
v1.0,10,2,2.491367508,1
v1.0,10,3,0.664195699,1
v1.0,11,1,1.275464729,1
v1.0,11,2,5.777456039,1
v1.0,11,3,2.088178825,1
v1.0,12,1,7.057934925,1
v1.0,12,2,12.413030522,1
v1.0,12,3,7.547596084,1
v1.0,13,1,12.082733488,1
v1.0,13,2,16.388353187,1
v1.0,13,3,11.166831219,1
v1.0,14,1,31.038134454,1
v1.0,14,2,18.795973974,1
v1.0,14,3,12.270612917,1
v1.0,15,1,34.002263599,1
v1.0,15,2,34.852721217,1
v1.0,15,3,44.703082843,1
v1.0,16,1,62.697279654,1
v1.0,16,2,4.193659295,1
v1.0,16,3,44.138797847,1
v1.0,17,1,26.957007837,1
v1.0,17,2,64.048039536,1
v1.0,17,3,70.844730379,1
v1.0,18,1,85.137122677,1
v1.0,18,2,68.334164703,1
v1.0,18,3,137.523645974,1
v1.0,19,1,130.258696502,1
v1.0,19,2,85.976994922,1
v1.0,19,3,53.176474162,1
v1.0,20,1,287.272107017,1
v1.0,20,2,52.892255871,1
v1.0,20,3,485.046109416,1
v1.0,4,1,0.001568899,1
v1.0,5,1,0.009515876,1
v1.0,6,1,0.02649447,1
v1.0,6,2,0.012704241,1
v1.0,7,1,0.095217158,1
v1.0,7,2,0.183207494,1
v1.0,8,1,0.58844055,1
v1.0,8,2,1.391016465,1
v1.0,9,1,1.07374079,1
v1.0,9,2,1.401240552,1
v1.0,9,3,1.204299656,1
v1.0,10,1,1.289897944,1
v1.0,10,2,4.874951861,1
v1.0,10,3,5.116300947,1
v1.0,11,1,2.85798389,1
v1.0,11,2,8.071670483,1
v1.0,11,3,9.347451479,1
v1.0,12,1,5.948877532,1
v1.0,12,2,6.911506096,1
v1.0,12,3,8.687144177,1
v1.0,13,1,14.234760001,1
v1.0,13,2,7.938842334,1
v1.0,13,3,21.902085299,1
v1.0,14,1,17.83521019,1
v1.0,14,2,48.978694993,1
v1.0,14,3,16.803334968,1
v1.0,15,1,49.298532402,1
v1.0,15,2,14.70464582,1
v1.0,15,3,50.653356174,1
v1.0,16,1,58.343984315,1
v1.0,16,2,22.970831657,1
v1.0,16,3,41.823133702,1
v1.0,17,1,4.996736681,1
v1.0,17,2,20.433204327,1
v1.0,17,3,154.616762926,1
v1.0,18,1,80.099460646,1
v1.0,18,2,146.596456209,1
v1.0,18,3,132.959835123,1
v1.0,19,1,85.98924219,1
v1.0,19,2,9.285869565,1
v1.0,19,3,446.691431079,1
v1.0,20,1,13.06383808,1
v1.0,20,2,99.675353836,1
v1.0,20,3,277.275575396,1
v1.0,4,1,0.001356003,1
v1.0,5,1,0.0095823,1
v1.0,6,1,0.039528899,1
v1.0,6,2,0.051030584,1
v1.0,7,1,0.294244179,1
v1.0,7,2,0.162860806,1
v1.0,8,1,0.406007214,1
v1.0,8,2,0.618482735,1
v1.0,9,1,1.985499192,1
v1.0,9,2,2.978888597,1
v1.0,9,3,2.206600499,1
v1.0,10,1,3.022435001,1
v1.0,10,2,4.017154983,1
v1.0,10,3,3.919136815,1
v1.0,11,1,3.901417816,1
v1.0,11,2,2.91473768,1
v1.0,11,3,2.040005711,1
v1.0,12,1,11.214118521,1
v1.0,12,2,16.863804158,1
v1.0,12,3,17.17403583,1
v1.0,13,1,9.394005149,1
v1.0,13,2,4.933874821,1
v1.0,13,3,19.214099892,1
v1.0,14,1,28.889972729,1
v1.0,14,2,15.828114293,1
v1.0,14,3,19.202382684,1
v1.0,15,1,50.795319144,1
v1.0,15,2,70.977964255,1
v1.0,15,3,27.850393677,1
v1.0,16,1,11.836530819,1
v1.0,16,2,47.418837007,1
v1.0,16,3,128.886977154,1
v1.0,17,1,30.152049076,1
v1.0,17,2,102.993071556,1
v1.0,17,3,97.177368448,1
v1.0,18,1,38.771747291,1
v1.0,18,2,8.164531976,1
v1.0,18,3,76.573879475,1
v1.0,19,1,43.508016999,1
v1.0,19,2,53.770286353,1
v1.0,19,3,165.376323823,1
v1.0,20,1,45.086431138,1
v1.0,20,2,48.932729104,1
v1.0,20,3,415.222587064,1
v1.0,4,1,0.001292887,1
v1.0,5,1,0.007691809,1
v1.0,6,1,0.107658648,1
v1.0,6,2,0.059248091,1
v1.0,7,1,0.207435718,1
v1.0,7,2,0.170005412,1
v1.0,8,1,0.405005249,1
v1.0,8,2,0.360212043,1
v1.0,9,1,0.842106441,1
v1.0,9,2,1.087040847,1
v1.0,9,3,1.688226798,1
v1.0,10,1,4.690845207,1
v1.0,10,2,3.15639852,1
v1.0,10,3,4.975641542,1
v1.0,11,1,1.748878,1
v1.0,11,2,4.222021296,1
v1.0,11,3,10.928682168,1
v1.0,12,1,6.655780818,1
v1.0,12,2,24.585922148,1
v1.0,12,3,24.164380674,1
v1.0,13,1,9.271454654,1
v1.0,13,2,3.86823979,1
v1.0,13,3,17.841959147,1
v1.0,14,1,21.971801205,1
v1.0,14,2,14.063993773,1
v1.0,15,1,1.981446468,1
v1.0,15,2,54.771878617,1
v1.0,15,3,3.971035828,1
v1.0,16,1,33.894699533,1
v1.0,16,2,90.599267305,1
v1.0,16,3,89.950211764,1
v1.0,17,1,42.244148913,1
v1.0,17,2,64.678761856,1
v1.0,17,3,115.538449383,1
v1.0,18,1,50.261566529,1
v1.0,18,2,23.970680929,1
v1.0,18,3,231.300647456,1
v1.0,19,1,119.014203342,1
v1.0,19,2,45.007815269,1
v1.0,19,3,164.56147766,1
v1.0,20,1,173.463438177,1
v1.0,20,2,275.540145147,1
v1.0,20,3,111.709720959,1
v1.0,4,1,0.000926202,1
v1.0,5,1,0.037191277,1
v1.0,6,1,0.040928307,1
v1.0,6,2,0.145421296,1
v1.0,7,1,0.134310839,1
v1.0,7,2,0.198881164,1
v1.0,8,1,0.346076522,1
v1.0,8,2,0.587825883,1
v1.0,9,1,0.884394164,1
v1.0,9,2,2.272415129,1
v1.0,9,3,3.245228771,1
v1.0,10,1,2.134084083,1
v1.0,10,2,1.792330897,1
v1.0,10,3,2.718596344,1
v1.0,11,1,1.196544126,1
v1.0,11,2,11.302857221,1
v1.0,11,3,4.038095904,1
v1.0,12,1,10.952313873,1
v1.0,12,2,7.349842821,1
v1.0,12,3,10.066436384,1
v1.0,13,1,3.415021772,1
v1.0,13,2,16.339862655,1
v1.0,13,3,15.624758081,1
v1.0,14,1,12.671686774,1
v1.0,14,2,6.820149324,1
v1.0,14,3,16.84266225,1
v1.0,15,1,2.679734434,1
v1.0,15,2,13.426513839,1
v1.0,15,3,73.221115928,1
v1.0,16,1,72.754000158,1
v1.0,16,2,79.984885199,1
v1.0,16,3,46.255467309,1
v1.0,17,1,114.131004966,1
v1.0,17,2,68.872571521,1
v1.0,17,3,93.836922473,1
v1.0,18,1,27.072930359,1
v1.0,18,2,59.91488611,1
v1.0,18,3,303.575393227,1
v1.0,19,1,142.47305496,1
v1.0,19,2,81.003760928,1
v1.0,19,3,100.240234119,1
v1.0,20,1,96.321291079,1
v1.0,20,2,177.34317116,1
v1.0,20,3,348.138161577,1
v1.0,4,1,0.001355713,1
v1.0,5,1,0.014883798,1
v1.0,6,1,0.085035899,1
v1.0,6,2,0.175488385,1
v1.0,7,1,0.053645494,1
v1.0,7,2,0.463739401,1
v1.0,8,1,0.285844357,1
v1.0,8,2,0.784265541,1
v1.0,9,1,0.705046375,1
v1.0,9,2,0.660115266,1
v1.0,9,3,0.955257602,1
v1.0,10,1,0.600672939,1
v1.0,10,2,3.567188723,1
v1.0,10,3,0.573057147,1
v1.0,11,1,7.442389481,1
v1.0,11,2,1.38186552,1
v1.0,11,3,9.259084423,1
v1.0,12,1,2.444433621,1
v1.0,12,2,16.058774989,1
v1.0,12,3,12.36015135,1
v1.0,13,1,8.627677705,1
v1.0,13,2,11.402220318,1
v1.0,13,3,36.494214442,1
v1.0,14,1,2.219404378,1
v1.0,14,2,27.164037988,1
v1.0,14,3,2.121313475,1
v1.0,15,1,24.031552987,1
v1.0,15,2,29.493783863,1
v1.0,15,3,92.808985776,1
v1.0,16,1,4.122491986,1
v1.0,16,2,60.343755579,1
v1.0,16,3,73.237493212,1
v1.0,17,1,97.533011017,1
v1.0,17,2,44.042967911,1
v1.0,17,3,62.755959955,1
v1.0,18,1,40.136643777,1
v1.0,18,2,67.933457272,1
v1.0,18,3,112.2963108,1
v1.0,19,1,328.803948453,1
v1.0,19,2,114.412870989,1
v1.0,19,3,289.836294203,1
v1.0,20,1,296.117507833,1
v1.0,20,2,290.894111953,1
v1.0,20,3,253.88380307,1
v1.0,4,1,0.001412574,1
v1.0,5,1,0.037765018,1
v1.0,6,1,0.072313131,1
v1.0,6,2,0.131631655,1
v1.0,7,1,0.188139385,1
v1.0,7,2,0.544429134,1
v1.0,8,1,0.461652921,1
v1.0,8,2,0.26996124,1
v1.0,9,1,0.814585362,1
v1.0,9,2,1.582693373,1
v1.0,9,3,0.359812784,1
v1.0,10,1,2.290749092,1
v1.0,10,2,3.871315975,1
v1.0,10,3,6.637917348,1
v1.0,11,1,3.557835622,1
v1.0,11,2,2.899470065,1
v1.0,11,3,12.601549172,1
v1.0,12,1,6.461588151,1
v1.0,12,2,9.169300065,1
v1.0,12,3,10.125706268,1
v1.0,13,1,17.461479653,1
v1.0,13,2,25.360894925,1
v1.0,13,3,14.676322586,1
v1.0,14,1,69.469507411,1
v1.0,14,2,27.551637542,1
v1.0,14,3,24.58361523,1
v1.0,15,1,28.655936328,1
v1.0,15,2,4.51122032,1
v1.0,15,3,47.988288014,1
v1.0,16,1,29.725780656,1
v1.0,16,2,90.552871842,1
v1.0,16,3,40.064554935,1
v1.0,17,1,50.664244391,1
v1.0,17,2,68.36918341,1
v1.0,17,3,164.545182847,1
v1.0,18,1,63.924369118,1
v1.0,18,2,141.358988789,1
v1.0,18,3,56.431003538,1
v1.0,19,1,138.914850139,1
v1.0,19,2,342.16150265,1
v1.0,19,3,128.863676765,1
v1.0,20,1,198.864776758,1
v1.0,20,2,457.374862645,1
v1.0,20,3,49.861570837,1
v1.0,4,1,0.001740679,1
v1.0,5,1,0.027935884,1
v1.0,6,1,0.102337325,1
v1.0,6,2,0.071126169,1
v1.0,7,1,0.246594149,1
v1.0,7,2,0.567655789,1
v1.0,8,1,0.209579166,1
v1.0,8,2,1.158259935,1
v1.0,9,1,1.467742327,1
v1.0,9,2,1.070458118,1
v1.0,9,3,1.112176543,1
v1.0,10,1,2.318900945,1
v1.0,10,2,7.018680733,1
v1.0,10,3,1.830841242,1
v1.0,11,1,3.879686439,1
v1.0,11,2,10.299968323,1
v1.0,11,3,5.015650532,1
v1.0,12,1,2.027293682,1
v1.0,12,2,9.183056105,1
v1.0,12,3,9.033017617,1
v1.0,13,1,8.765831015,1
v1.0,13,2,26.448172432,1
v1.0,13,3,25.568055089,1
v1.0,14,1,17.951434523,1
v1.0,14,2,16.509622768,1
v1.0,14,3,28.925609553,1
v1.0,15,1,2.592578328,1
v1.0,15,2,24.922874073,1
v1.0,15,3,12.949114378,1
v1.0,16,1,38.538811024,1
v1.0,16,2,31.87896757,1
v1.0,16,3,50.668453404,1
v1.0,17,1,118.840551785,1
v1.0,17,2,87.323748077,1
v1.0,17,3,86.851294716,1
v1.0,18,1,224.094663699,1
v1.0,18,2,6.728255008,1
v1.0,18,3,257.278743631,1
v1.0,19,1,122.66593235,1
v1.0,19,2,154.141925455,1
v1.0,19,3,198.995976502,1
v1.0,20,1,125.906232275,1
v1.0,20,2,173.762509236,1
v1.0,20,3,223.443175727,1
v1.0,4,1,0.002587348,1
v1.0,5,1,0.009059443,1
v1.0,6,1,0.049811285,1
v1.0,6,2,0.088598257,1
v1.0,7,1,0.071456871,1
v1.0,7,2,0.269854131,1
v1.0,8,1,0.093202663,1
v1.0,8,2,0.491202398,1
v1.0,9,1,1.028481936,1
v1.0,9,2,1.139826086,1
v1.0,9,3,0.203172792,1
v1.0,10,1,2.124405824,1
v1.0,10,2,5.132516795,1
v1.0,10,3,5.181380604,1
v1.0,11,1,3.097471882,1
v1.0,11,2,8.776149244,1
v1.0,11,3,0.668928082,1
v1.0,12,1,11.706216541,1
v1.0,12,2,3.549391283,1
v1.0,12,3,12.259018465,1
v1.0,13,1,19.282818448,1
v1.0,13,2,16.338757108,1
v1.0,13,3,28.705924349,1
v1.0,14,1,14.407790861,1
v1.0,14,2,14.217783105,1
v1.0,14,3,57.276209686,1
v1.0,15,1,8.508033722,1
v1.0,15,2,36.464293114,1
v1.0,15,3,38.813292524,1
v1.0,16,1,33.979563494,1
v1.0,16,2,28.97794091,1
v1.0,16,3,15.494921673,1
v1.0,17,1,73.676733368,1
v1.0,17,2,18.197716244,1
v1.0,17,3,195.357799744,1
v1.0,18,1,171.525846878,1
v1.0,18,2,87.088540369,1
v1.0,18,3,68.613684438,1
v1.0,19,1,164.14878368,1
v1.0,19,2,117.288217964,1
v1.0,19,3,78.923325158,1
v1.0,20,1,73.378823721,1
v1.0,20,2,429.301403232,1
v1.0,20,3,164.094010926,1
v1.0,4,1,0.001747493,1
v1.0,5,1,0.006509975,1
v1.0,6,1,0.194945628,1
v1.0,6,2,0.213745083,1
v1.0,7,1,0.298362068,1
v1.0,7,2,0.952223952,1
v1.0,8,1,0.32637234,1
v1.0,8,2,1.196388247,1
v1.0,9,1,1.320102952,1
v1.0,9,2,1.722968755,1
v1.0,9,3,5.406841126,1
v1.0,10,1,2.48999119,1
v1.0,10,2,3.907314145,1
v1.0,10,3,2.519508978,1
v1.0,11,1,3.442929898,1
v1.0,11,2,12.358429904,1
v1.0,11,3,10.530635024,1
v1.0,12,1,3.386010043,1
v1.0,12,2,10.590709407,1
v1.0,12,3,51.278835233,1
v1.0,13,1,12.279150293,1
v1.0,13,2,23.83738394,1
v1.0,13,3,10.244130051,1
v1.0,14,1,21.196841164,1
v1.0,14,2,31.944631985,1
v1.0,14,3,8.763390241,1
v1.0,15,1,51.613401555,1
v1.0,15,2,3.451549148,1
v1.0,15,3,67.21831421,1
v1.0,16,1,54.09332595,1
v1.0,16,2,14.735105248,1
v1.0,16,3,86.164027197,1
v1.0,17,1,73.512833385,1
v1.0,17,2,60.322044101,1
v1.0,17,3,121.702334521,1
v1.0,18,1,43.03884077,1
v1.0,18,2,66.058793899,1
v1.0,18,3,189.734661523,1
v1.0,19,1,298.753127768,1
v1.0,19,2,74.770308095,1
v1.0,19,3,233.479318305,1
v1.0,20,1,160.074708182,1
v1.0,20,2,133.160539457,1
v1.0,20,3,175.878721076,1
v1.0,4,1,0.001572503,1
v1.0,5,1,0.038724418,1
v1.0,6,1,0.113523377,1
v1.0,6,2,0.041955509,1
v1.0,7,1,0.130089513,1
v1.0,7,2,0.443373721,1
v1.0,8,1,0.688051883,1
v1.0,8,2,0.300175859,1
v1.0,9,1,1.626867159,1
v1.0,9,2,3.189764998,1
v1.0,9,3,2.376268698,1
v1.0,10,1,0.256839695,1
v1.0,10,2,11.460083594,1
v1.0,10,3,4.76201959,1
v1.0,11,1,7.787834913,1
v1.0,11,2,4.490407634,1
v1.0,11,3,12.581498876,1
v1.0,12,1,9.428478596,1
v1.0,12,2,13.708933599,1
v1.0,12,3,16.181850339,1
v1.0,13,1,10.563725576,1
v1.0,13,2,25.866415686,1
v1.0,13,3,9.580823268,1
v1.0,14,1,10.119064311,1
v1.0,14,2,29.653970172,1
v1.0,14,3,12.892486507,1
v1.0,15,1,34.045357957,1
v1.0,15,2,20.665558242,1
v1.0,15,3,75.808172748,1
v1.0,16,1,38.669427032,1
v1.0,16,2,64.813278015,1
v1.0,16,3,62.298606455,1
v1.0,17,1,32.275066613,1
v1.0,17,2,173.961483498,1
v1.0,17,3,57.025503217,1
v1.0,18,1,101.607588104,1
v1.0,18,2,48.459307349,1
v1.0,18,3,12.401654739,1
v1.0,19,1,25.41571102,1
v1.0,19,2,332.571039682,1
v1.0,19,3,177.950212404,1
v1.0,20,1,175.398359312,1
v1.0,20,2,132.266486039,1
v1.0,20,3,275.00816733,1
v1.0,4,1,0.001159269,1
v1.0,5,1,0.016929953,1
v1.0,6,1,0.049243592,1
v1.0,6,2,0.181290989,1
v1.0,7,1,0.096198669,1
v1.0,7,2,0.476792218,1
v1.0,8,1,0.246274567,1
v1.0,8,2,0.914349772,1
v1.0,9,1,1.411473262,1
v1.0,9,2,2.788674559,1
v1.0,9,3,0.750661811,1
v1.0,10,1,2.593413174,1
v1.0,10,2,2.30601712,1
v1.0,10,3,0.507854447,1
v1.0,11,1,4.921577143,1
v1.0,11,2,10.159084094,1
v1.0,11,3,6.56158311,1
v1.0,12,1,5.567510346,1
v1.0,12,2,3.549613048,1
v1.0,12,3,11.634988291,1
v1.0,13,1,32.231106596,1
v1.0,13,2,20.839688968,1
v1.0,13,3,2.041939235,1
v1.0,14,1,25.091480465,1
v1.0,14,2,51.704204127,1
v1.0,14,3,50.117013017,1
v1.0,15,1,56.305602297,1
v1.0,15,2,44.7193732,1
v1.0,15,3,22.129806638,1
v1.0,16,1,20.98244858,1
v1.0,16,2,51.991481705,1
v1.0,16,3,55.585321712,1
v1.0,17,1,108.348968394,1
v1.0,17,2,54.627241568,1
v1.0,17,3,88.419271325,1
v1.0,18,1,49.933403501,1
v1.0,18,2,53.735515165,1
v1.0,18,3,116.176290495,1
v1.0,19,1,276.076798871,1
v1.0,19,2,97.933536209,1
v1.0,19,3,156.53021426,1
v1.0,20,1,80.492990724,1
v1.0,20,2,247.701503805,1
v1.0,20,3,97.190049783,1
v1.0,4,1,0.00125837,1
v1.0,5,1,0.005475475,1
v1.0,6,1,0.059544841,1
v1.0,7,1,0.307402077,1
v1.0,7,2,0.207381717,1
v1.0,8,1,0.365373347,1
v1.0,8,2,1.002105219,1
v1.0,9,1,1.153057809,1
v1.0,9,2,1.276055603,1
v1.0,9,3,1.473297685,1
v1.0,10,1,1.197127562,1
v1.0,10,2,2.47314229,1
v1.0,10,3,3.579827296,1
v1.0,11,1,1.450042747,1
v1.0,11,2,5.644411959,1
v1.0,11,3,10.161081789,1
v1.0,12,1,17.964851886,1
v1.0,12,2,14.373831916,1
v1.0,12,3,6.109688158,1
v1.0,13,1,5.318482404,1
v1.0,13,2,21.67998782,1
v1.0,13,3,11.463416846,1
v1.0,14,1,4.794220953,1
v1.0,14,2,15.460266904,1
v1.0,14,3,3.186776799,1
v1.0,15,1,37.475395072,1
v1.0,15,2,15.006585584,1
v1.0,15,3,78.831852206,1
v1.0,16,1,65.563410028,1
v1.0,16,2,154.224273452,1
v1.0,16,3,17.74455053,1
v1.0,17,1,41.313541123,1
v1.0,17,2,24.514006646,1
v1.0,17,3,109.202861137,1
v1.0,18,1,104.139438971,1
v1.0,18,2,144.62910522,1
v1.0,18,3,200.514146306,1
v1.0,19,1,26.854932762,1
v1.0,19,2,191.762077789,1
v1.0,19,3,307.04316848,1
v1.0,20,1,235.877286831,1
v1.0,20,2,194.210744139,1
v1.0,20,3,308.271562195,1
v1.0,4,1,0.001205134,1
v1.0,5,1,0.006327402,1
v1.0,6,1,0.04545634,1
v1.0,7,1,0.152271097,1
v1.0,7,2,0.370091147,1
v1.0,8,1,0.47392825,1
v1.0,8,2,0.742515139,1
v1.0,9,1,0.770126676,1
v1.0,9,2,1.400718269,1
v1.0,9,3,0.828237364,1
v1.0,10,1,4.21357151,1
v1.0,10,2,1.846239651,1
v1.0,10,3,2.867771659,1
v1.0,11,1,0.352157881,1
v1.0,11,2,5.353730821,1
v1.0,11,3,3.78965116,1
v1.0,12,1,4.520462654,1
v1.0,12,2,1.103302794,1
v1.0,12,3,20.147019894,1
v1.0,13,1,12.87438912,1
v1.0,13,2,8.949714352,1
v1.0,13,3,39.00368108,1
v1.0,14,1,9.426413864,1
v1.0,14,2,43.283451036,1
v1.0,14,3,49.580273643,1
v1.0,15,1,31.172437739,1
v1.0,15,2,8.368900326,1
v1.0,15,3,32.080044438,1
v1.0,16,1,68.779702186,1
v1.0,16,2,35.080227899,1
v1.0,16,3,25.994907761,1
v1.0,17,1,68.587066252,1
v1.0,17,2,57.872959754,1
v1.0,17,3,40.031104998,1
v1.0,18,1,56.716517598,1
v1.0,18,2,63.475097709,1
v1.0,18,3,153.92222739,1
v1.0,19,1,160.826591181,1
v1.0,19,2,11.274201028,1
v1.0,19,3,259.188336142,1
v1.0,20,1,287.021786315,1
v1.0,20,2,303.969658226,1
v1.0,20,3,225.198622988,1
v1.0,4,1,0.001450296,1
v1.0,5,1,0.009175696,1
v1.0,6,1,0.050505761,1
v1.0,6,2,0.122006763,1
v1.0,7,1,0.1949487,1
v1.0,7,2,0.458221115,1
v1.0,8,1,1.080600719,1
v1.0,8,2,0.457503758,1
v1.0,9,1,1.179148361,1
v1.0,9,2,2.678469092,1
v1.0,9,3,1.277883471,1
v1.0,10,1,3.821841467,1
v1.0,10,2,2.12998505,1
v1.0,10,3,5.57134051,1
v1.0,11,1,5.113707404,1
v1.0,11,2,5.851135786,1
v1.0,11,3,6.48615568,1
v1.0,12,1,3.009501534,1
v1.0,12,2,9.791721266,1
v1.0,12,3,15.832192864,1
v1.0,13,1,4.712969673,1
v1.0,13,2,5.143632058,1
v1.0,13,3,13.13489729,1
v1.0,14,1,19.235421905,1
v1.0,14,2,2.275510857,1
v1.0,14,3,20.70813344,1
v1.0,15,1,37.276564148,1
v1.0,15,2,8.337345675,1
v1.0,15,3,16.223859189,1
v1.0,16,1,32.969558723,1
v1.0,16,2,113.045725289,1
v1.0,16,3,77.544450761,1
v1.0,17,1,76.21460105,1
v1.0,17,2,200.010251895,1
v1.0,17,3,144.07453186,1
v1.0,18,1,34.102080072,1
v1.0,18,2,99.073085276,1
v1.0,18,3,203.577759823,1
v1.0,19,1,60.809968097,1
v1.0,19,2,74.362284856,1
v1.0,19,3,193.891020858,1
v1.0,20,1,141.145327831,1
v1.0,20,2,297.399158541,1
v1.0,20,3,66.811215149,1
v1.0,4,1,0.001683762,1
v1.0,5,1,0.007793221,1
v1.0,6,1,0.091473592,1
v1.0,7,1,0.129285534,1
v1.0,7,2,0.308445931,1
v1.0,8,1,0.504976187,1
v1.0,8,2,0.570673702,1
v1.0,9,1,0.868344571,1
v1.0,9,2,1.070109399,1
v1.0,9,3,0.329535846,1
v1.0,10,1,1.384630751,1
v1.0,10,2,4.692007936,1
v1.0,10,3,1.523047114,1
v1.0,11,1,4.035518508,1
v1.0,11,2,1.603402809,1
v1.0,11,3,2.238141528,1
v1.0,12,1,20.951617347,1
v1.0,12,2,3.862893997,1
v1.0,12,3,19.693600339,1
v1.0,13,1,14.912244671,1
v1.0,13,2,16.571928949,1
v1.0,13,3,16.16881114,1
v1.0,14,1,26.409982693,1
v1.0,14,2,34.790407342,1
v1.0,14,3,20.847775737,1
v1.0,15,1,22.571961576,1
v1.0,15,2,15.448148973,1
v1.0,15,3,26.374028825,1
v1.0,16,1,25.148616277,1
v1.0,16,2,130.925140912,1
v1.0,16,3,172.563866415,1
v1.0,17,1,76.720459932,1
v1.0,17,2,27.316699058,1
v1.0,17,3,169.340004961,1
v1.0,18,1,204.211710013,1
v1.0,18,2,103.801790031,1
v1.0,18,3,36.741754427,1
v1.0,19,1,160.488158387,1
v1.0,19,2,160.213840928,1
v1.0,19,3,153.305341028,1
v1.0,20,1,68.971734831,1
v1.0,20,2,60.799468703,1
v1.0,20,3,531.14370566,1
v1.0,4,1,0.001440331,1
v1.0,5,1,0.013954565,1
v1.0,6,1,0.053574586,1
v1.0,6,2,0.030414506,1
v1.0,7,1,0.153105262,1
v1.0,7,2,0.249052284,1
v1.0,8,1,0.577642071,1
v1.0,8,2,0.364534122,1
v1.0,9,1,0.954445063,1
v1.0,9,2,2.091356899,1
v1.0,10,1,1.892677592,1
v1.0,10,2,3.08481588,1
v1.0,10,3,3.412582089,1
v1.0,11,1,10.006837799,1
v1.0,11,2,2.999644522,1
v1.0,11,3,10.234721933,1
v1.0,12,1,2.664295043,1
v1.0,12,2,10.402053132,1
v1.0,12,3,10.124718226,1
v1.0,13,1,15.845212568,1
v1.0,13,2,26.178878021,1
v1.0,13,3,2.764224118,1
v1.0,14,1,14.46017356,1
v1.0,14,2,35.080973881,1
v1.0,14,3,40.90308463,1
v1.0,15,1,13.102486289,1
v1.0,15,2,13.166814508,1
v1.0,15,3,43.599766802,1
v1.0,16,1,46.047382536,1
v1.0,16,2,19.622251907,1
v1.0,16,3,116.803079499,1
v1.0,17,1,15.76514277,1
v1.0,17,2,108.388198154,1
v1.0,17,3,22.538377476,1
v1.0,18,1,206.795495469,1
v1.0,18,2,103.648569519,1
v1.0,18,3,70.491350774,1
v1.0,19,1,220.883216999,1
v1.0,19,2,167.134795524,1
v1.0,19,3,360.315949277,1
v1.0,20,1,37.358481331,1
v1.0,20,2,308.629134547,1
v1.0,20,3,408.404947795,1
v1.0,4,1,0.001324695,1
v1.0,5,1,0.02055718,1
v1.0,6,1,0.040855319,1
v1.0,7,1,0.318064281,1
v1.0,7,2,0.238902791,1
v1.0,8,1,0.310628632,1
v1.0,8,2,0.583310855,1
v1.0,9,1,0.958334936,1
v1.0,9,2,0.574244883,1
v1.0,9,3,1.369079673,1
v1.0,10,1,0.929553274,1
v1.0,10,2,0.95078413,1
v1.0,10,3,3.164358037,1
v1.0,11,1,2.096914336,1
v1.0,11,2,8.285294919,1
v1.0,11,3,7.251223168,1
v1.0,12,1,0.94524012,1
v1.0,12,2,11.089501065,1
v1.0,12,3,9.741227036,1
v1.0,13,1,13.422229361,1
v1.0,13,2,17.405988542,1
v1.0,13,3,39.42429844,1
v1.0,14,1,1.898903489,1
v1.0,14,2,11.714914486,1
v1.0,14,3,39.769530302,1
v1.0,15,1,22.194864898,1
v1.0,15,2,74.340102494,1
v1.0,15,3,22.505307124,1
v1.0,16,1,44.752485448,1
v1.0,16,2,43.860933956,1
v1.0,16,3,38.460689561,1
v1.0,17,1,81.303362383,1
v1.0,17,2,128.606583168,1
v1.0,17,3,47.300848173,1
v1.0,18,1,74.279528007,1
v1.0,18,2,70.19502609,1
v1.0,18,3,33.855362267,1
v1.0,19,1,112.000544042,1
v1.0,19,2,275.252343201,1
v1.0,19,3,403.268630039,1
v1.0,20,1,179.31738604,1
v1.0,20,2,140.64566998,1
v1.0,20,3,216.8857089,1
v1.0,4,1,0.001784592,1
v1.0,5,1,0.009626772,1
v1.0,6,1,0.042537314,1
v1.0,6,2,0.058399775,1
v1.0,7,1,0.218632903,1
v1.0,7,2,0.251831026,1
v1.0,8,1,0.261475034,1
v1.0,8,2,0.890053013,1
v1.0,9,1,0.653911752,1
v1.0,9,2,1.863865728,1
v1.0,9,3,0.690160027,1
v1.0,10,1,1.667035716,1
v1.0,10,2,1.192020658,1
v1.0,10,3,3.875416193,1
v1.0,11,1,4.378214258,1
v1.0,11,2,4.565362099,1
v1.0,11,3,5.158383387,1
v1.0,12,1,7.77615889,1
v1.0,12,2,14.903088288,1
v1.0,12,3,4.920153334,1
v1.0,13,1,16.219636507,1
v1.0,13,2,17.597049069,1
v1.0,13,3,1.554039894,1
v1.0,14,1,37.561409935,1
v1.0,14,2,25.098906498,1
v1.0,14,3,45.229160476,1
v1.0,15,1,39.027727682,1
v1.0,15,2,45.654646256,1
v1.0,15,3,56.249014937,1
v1.0,16,1,36.272539171,1
v1.0,16,2,75.651302733,1
v1.0,16,3,14.34832316,1
v1.0,17,1,41.272961625,1
v1.0,17,2,86.158500592,1
v1.0,17,3,101.640123399,1
v1.0,18,1,41.44449665,1
v1.0,18,2,112.103728853,1
v1.0,18,3,95.88706559,1
v1.0,19,1,179.366662923,1
v1.0,19,2,104.666987762,1
v1.0,19,3,57.683633848,1
v1.0,20,1,191.631150209,1
v1.0,20,2,296.593737532,1
v1.0,20,3,103.354528008,1
v1.0,4,1,0.001613776,1
v1.0,5,1,0.009545136,1
v1.0,6,1,0.027870482,1
v1.0,6,2,0.043057572,1
v1.0,7,1,0.030439996,1
v1.0,7,2,0.65262606,1
v1.0,8,1,0.577534747,1
v1.0,8,2,0.543697583,1
v1.0,9,1,0.155408157,1
v1.0,9,2,1.33141636,1
v1.0,9,3,2.741124892,1
v1.0,10,1,1.255712208,1
v1.0,10,2,0.397786445,1
v1.0,10,3,1.621219397,1
v1.0,11,1,3.143683821,1
v1.0,11,2,0.619095766,1
v1.0,11,3,15.002547979,1
v1.0,12,1,16.433971185,1
v1.0,12,2,5.62884511,1
v1.0,12,3,4.343754751,1
v1.0,13,1,13.279574069,1
v1.0,13,2,24.690842502,1
v1.0,13,3,28.118627928,1
v1.0,14,1,14.356888197,1
v1.0,14,2,59.761914607,1
v1.0,14,3,25.0248001,1
v1.0,15,1,2.165898545,1
v1.0,15,2,10.368879692,1
v1.0,15,3,2.380480836,1
v1.0,16,1,53.066492326,1
v1.0,16,2,118.762166219,1
v1.0,16,3,112.181555358,1
v1.0,17,1,35.467293721,1
v1.0,17,2,118.477076415,1
v1.0,17,3,43.721902672,1
v1.0,18,1,66.316709438,1
v1.0,18,2,28.816606056,1
v1.0,18,3,187.172707217,1
v1.0,19,1,63.920183808,1
v1.0,19,2,102.629186473,1
v1.0,19,3,157.827971823,1
v1.0,20,1,160.04873726,1
v1.0,20,2,189.047926532,1
v1.0,20,3,386.304333873,1
v1.0,4,1,0.00093113,1
v1.0,5,1,0.01155697,1
v1.0,6,1,0.047749644,1
v1.0,6,2,0.05949819,1
v1.0,7,1,0.346504538,1
v1.0,7,2,0.408251662,1
v1.0,8,1,0.535517562,1
v1.0,8,2,0.640138041,1
v1.0,9,1,0.983427798,1
v1.0,9,2,1.382760313,1
v1.0,9,3,4.660355506,1
v1.0,10,1,3.074969363,1
v1.0,10,2,6.900140411,1
v1.0,10,3,5.292536649,1
v1.0,11,1,1.06445541,1
v1.0,11,2,7.62699159,1
v1.0,11,3,3.220601963,1
v1.0,12,1,15.931954418,1
v1.0,12,2,3.460190897,1
v1.0,12,3,1.752264899,1
v1.0,13,1,9.207036664,1
v1.0,13,2,10.91059791,1
v1.0,13,3,8.410069451,1
v1.0,14,1,4.646862874,1
v1.0,14,2,12.254948069,1
v1.0,14,3,18.600932915,1
v1.0,15,1,71.69860735,1
v1.0,15,2,19.191846411,1
v1.0,15,3,27.931789062,1
v1.0,16,1,8.923127623,1
v1.0,16,2,12.886312352,1
v1.0,16,3,31.033874751,1
v1.0,17,1,68.439251187,1
v1.0,17,2,189.229998303,1
v1.0,17,3,7.373256202,1
v1.0,18,1,110.408366758,1
v1.0,18,2,96.056723072,1
v1.0,18,3,149.468798625,1
v1.0,19,1,108.734269637,1
v1.0,19,2,148.830209457,1
v1.0,20,1,369.915558501,1
v1.0,20,2,239.632214889,1
v1.0,20,3,484.755981742,1
v1.0,4,1,0.001144015,1
v1.0,5,1,0.009993035,1
v1.0,6,1,0.051137918,1
v1.0,6,2,0.060522359,1
v1.0,7,1,0.167525932,1
v1.0,7,2,0.291236678,1
v1.0,8,1,0.51416143,1
v1.0,8,2,1.1410274,1
v1.0,9,1,1.704378015,1
v1.0,9,2,0.977707362,1
v1.0,9,3,3.408892432,1
v1.0,10,1,1.411926766,1
v1.0,10,2,6.054285209,1
v1.0,10,3,1.967710199,1
v1.0,11,1,5.418062827,1
v1.0,11,2,3.446621377,1
v1.0,11,3,4.90108597,1
v1.0,12,1,5.631688413,1
v1.0,12,2,6.674895187,1
v1.0,12,3,17.639546994,1
v1.0,13,1,12.482064527,1
v1.0,13,2,16.66655835,1
v1.0,13,3,32.227752857,1
v1.0,14,1,47.653731354,1
v1.0,14,2,26.906750646,1
v1.0,14,3,10.507276836,1
v1.0,15,1,11.956154792,1
v1.0,15,2,4.238721681,1
v1.0,15,3,15.095018097,1
v1.0,16,1,77.284616878,1
v1.0,16,2,22.311603864,1
v1.0,16,3,60.920210687,1
v1.0,17,1,51.218819047,1
v1.0,17,2,64.063232092,1
v1.0,17,3,162.429137612,1
v1.0,18,1,93.433686857,1
v1.0,18,2,162.389771354,1
v1.0,18,3,148.679761929,1
v1.0,19,1,62.678619227,1
v1.0,19,2,37.299559959,1
v1.0,19,3,125.191935921,1
v1.0,20,1,154.638302852,1
v1.0,20,2,258.11099898,1
v1.0,20,3,168.862124982,1
v1.0,4,1,0.001137044,1
v1.0,5,1,0.007145726,1
v1.0,6,1,0.035710348,1
v1.0,7,1,0.205747019,1
v1.0,7,2,0.100854716,1
v1.0,8,1,0.636951814,1
v1.0,8,2,0.752542604,1
v1.0,9,1,0.952575282,1
v1.0,9,2,1.26428426,1
v1.0,9,3,0.210605256,1
v1.0,10,1,2.455786021,1
v1.0,10,2,2.367817078,1
v1.0,10,3,5.877344282,1
v1.0,11,1,2.308225718,1
v1.0,11,2,7.394993432,1
v1.0,11,3,11.861950204,1
v1.0,12,1,7.329781362,1
v1.0,12,2,0.846060557,1
v1.0,12,3,4.627323772,1
v1.0,13,1,13.777717067,1
v1.0,13,2,7.692112557,1
v1.0,13,3,30.475209641,1
v1.0,14,1,28.670976055,1
v1.0,14,2,22.011505094,1
v1.0,14,3,51.294082812,1
v1.0,15,1,20.019455748,1
v1.0,15,2,20.861789544,1
v1.0,15,3,9.520068841,1
v1.0,16,1,61.346274506,1
v1.0,16,2,41.478791724,1
v1.0,16,3,58.556502046,1
v1.0,17,1,61.874034601,1
v1.0,17,2,128.90377924,1
v1.0,17,3,104.373751411,1
v1.0,18,1,28.800787414,1
v1.0,18,2,80.633569771,1
v1.0,18,3,7.706575006,1
v1.0,19,1,89.040429017,1
v1.0,19,2,69.203816381,1
v1.0,19,3,227.069916062,1
v1.0,20,1,218.078862962,1
v1.0,20,2,83.734614096,1
v1.0,20,3,260.645364466,1
v1.0,4,1,0.001577194,1
v1.0,5,1,0.006394234,1
v1.0,6,1,0.049248343,1
v1.0,6,2,0.060105226,1
v1.0,7,1,0.077605905,1
v1.0,7,2,0.49529521,1
v1.0,8,1,0.72675188,1
v1.0,8,2,0.555439502,1
v1.0,9,1,1.311124416,1
v1.0,9,2,1.583516183,1
v1.0,10,1,2.948696046,1
v1.0,10,2,1.417388991,1
v1.0,10,3,4.527396106,1
v1.0,11,1,5.13195424,1
v1.0,11,2,4.16194301,1
v1.0,11,3,4.172424553,1
v1.0,12,1,8.199619447,1
v1.0,12,2,13.1779277,1
v1.0,12,3,21.888871799,1
v1.0,13,1,19.694900662,1
v1.0,13,2,13.364765425,1
v1.0,13,3,13.017562946,1
v1.0,14,1,1.25278431,1
v1.0,14,2,38.692067874,1
v1.0,14,3,22.579130688,1
v1.0,15,1,30.919130914,1
v1.0,15,2,8.730096804,1
v1.0,15,3,77.346982841,1
v1.0,16,1,80.790833514,1
v1.0,16,2,50.172825905,1
v1.0,16,3,106.263791741,1
v1.0,17,1,60.146266773,1
v1.0,17,2,82.075317289,1
v1.0,17,3,31.215492058,1
v1.0,18,1,39.461926815,1
v1.0,18,2,50.745841667,1
v1.0,18,3,28.276603229,1
v1.0,19,1,53.899308891,1
v1.0,19,2,122.275474365,1
v1.0,19,3,186.065871512,1
v1.0,20,1,110.790545827,1
v1.0,20,2,233.154835323,1
v1.0,20,3,249.635148873,1
v1.0,4,1,0.001527244,1
v1.0,5,1,0.00695691,1
v1.0,6,1,0.025778605,1
v1.0,7,1,0.237574477,1
v1.0,7,2,0.190178804,1
v1.0,8,1,0.64103759,1
v1.0,8,2,0.166309525,1
v1.0,9,1,0.837755388,1
v1.0,9,2,1.278118996,1
v1.0,9,3,6.70544893,1
v1.0,10,1,2.741980297,1
v1.0,10,2,2.604856816,1
v1.0,10,3,3.954100684,1
v1.0,11,1,9.890188875,1
v1.0,11,2,7.456905958,1
v1.0,11,3,3.312065869,1
v1.0,12,1,7.752912694,1
v1.0,12,2,12.318650586,1
v1.0,12,3,4.517620625,1
v1.0,13,1,13.697362464,1
v1.0,13,2,21.630294917,1
v1.0,13,3,31.657343185,1
v1.0,14,1,21.190366004,1
v1.0,14,2,37.462227184,1
v1.0,14,3,39.483842472,1
v1.0,15,1,22.104802227,1
v1.0,15,2,65.958823521,1
v1.0,15,3,77.275912039,1
v1.0,16,1,88.637297692,1
v1.0,16,2,38.261418727,1
v1.0,16,3,65.415298358,1
v1.0,17,1,141.972939358,1
v1.0,17,2,4.547052171,1
v1.0,17,3,127.97758433,1
v1.0,18,1,96.102037403,1
v1.0,18,2,69.85800003,1
v1.0,18,3,95.932336833,1
v1.0,19,1,29.543887151,1
v1.0,19,2,425.338904564,1
v1.0,19,3,119.787746788,1
v1.0,20,1,295.970161009,1
v1.0,20,2,284.972896314,1
v1.0,20,3,148.990685988,1
v1.0,4,1,0.00122779,1
v1.0,5,1,0.00962296,1
v1.0,6,1,0.034707769,1
v1.0,6,2,0.109168624,1
v1.0,7,1,0.070935452,1
v1.0,7,2,0.209680701,1
v1.0,8,1,0.504078405,1
v1.0,8,2,1.128231457,1
v1.0,9,1,1.193122615,1
v1.0,9,2,1.597007138,1
v1.0,9,3,3.896725319,1
v1.0,10,1,0.579926647,1
v1.0,10,2,9.835424926,1
v1.0,10,3,8.937646867,1
v1.0,11,1,4.063192002,1
v1.0,11,2,1.803559693,1
v1.0,11,3,4.289541841,1
v1.0,12,1,7.549530924,1
v1.0,12,2,6.647269536,1
v1.0,12,3,11.707941358,1
v1.0,13,1,0.886422112,1
v1.0,13,2,10.8502024,1
v1.0,13,3,13.464322087,1
v1.0,14,1,27.138001764,1
v1.0,14,2,16.880391146,1
v1.0,14,3,31.304243494,1
v1.0,15,1,17.982999516,1
v1.0,15,2,43.104593311,1
v1.0,15,3,64.122453577,1
v1.0,16,1,12.226594197,1
v1.0,16,2,98.092728971,1
v1.0,16,3,107.34189384,1
v1.0,17,1,83.880375859,1
v1.0,17,2,114.217316432,1
v1.0,17,3,118.701611593,1
v1.0,18,1,95.16287726,1
v1.0,18,2,49.776998641,1
v1.0,18,3,110.32822858,1
v1.0,19,1,36.544272348,1
v1.0,19,2,64.834351672,1
v1.0,19,3,145.789978496,1
v1.0,20,1,68.399384383,1
v1.0,20,2,204.325775851,1
v1.0,20,3,195.674865252,1
v1.0,4,1,0.001867483,1
v1.0,5,1,0.003460092,1
v1.0,6,1,0.035586195,1
v1.0,6,2,0.098509423,1
v1.0,7,1,0.139397615,1
v1.0,7,2,0.163371839,1
v1.0,8,1,0.36650042,1
v1.0,8,2,0.75283012,1
v1.0,9,1,0.610519734,1
v1.0,9,2,2.240908943,1
v1.0,9,3,1.506633317,1
v1.0,10,1,2.682660459,1
v1.0,10,2,0.429217876,1
v1.0,10,3,2.448703008,1
v1.0,11,1,4.943227699,1
v1.0,11,2,5.711459994,1
v1.0,11,3,6.859628059,1
v1.0,12,1,2.436261807,1
v1.0,12,2,19.371903661,1
v1.0,12,3,12.452670203,1
v1.0,13,1,10.636029906,1
v1.0,13,2,12.800130651,1
v1.0,13,3,14.876359868,1
v1.0,14,1,1.831598542,1
v1.0,14,2,22.689733508,1
v1.0,14,3,29.846312038,1
v1.0,15,1,8.115194453,1
v1.0,15,2,80.735500426,1
v1.0,15,3,110.114877185,1
v1.0,16,1,22.803596437,1
v1.0,16,2,43.193235878,1
v1.0,16,3,116.437978635,1
v1.0,17,1,180.321571472,1
v1.0,17,2,128.595867135,1
v1.0,17,3,52.713219489,1
v1.0,18,1,178.08137856,1
v1.0,18,2,270.547603889,1
v1.0,18,3,92.010968243,1
v1.0,19,1,46.372223926,1
v1.0,19,2,61.769345373,1
v1.0,19,3,204.325966575,1
v1.0,20,1,103.15507081,1
v1.0,20,2,281.855636315,1
v1.0,20,3,450.170785189,1
v1.0,4,1,0.001262107,1
v1.0,5,1,0.018469609,1
v1.0,6,1,0.07687174,1
v1.0,6,2,0.038715353,1
v1.0,7,1,0.436674055,1
v1.0,7,2,0.514320125,1
v1.0,8,1,0.29683444,1
v1.0,8,2,0.168348147,1
v1.0,9,1,1.542359281,1
v1.0,9,2,0.867247892,1
v1.0,9,3,3.236393484,1
v1.0,10,1,3.278816008,1
v1.0,10,2,2.886297249,1
v1.0,10,3,5.010482112,1
v1.0,11,1,3.373543261,1
v1.0,11,2,0.629497436,1
v1.0,11,3,6.210898372,1
v1.0,12,1,1.002867861,1
v1.0,12,2,13.685281379,1
v1.0,12,3,7.486796644,1
v1.0,13,1,13.438104745,1
v1.0,13,2,28.211845585,1
v1.0,13,3,12.290789339,1
v1.0,14,1,31.635511442,1
v1.0,14,2,8.848340624,1
v1.0,14,3,26.653614922,1
v1.0,15,1,30.513113513,1
v1.0,15,2,37.900937098,1
v1.0,15,3,33.752370263,1
v1.0,16,1,56.706793258,1
v1.0,16,2,47.465249944,1
v1.0,16,3,73.422870333,1
v1.0,17,1,41.741747795,1
v1.0,17,2,65.392500656,1
v1.0,17,3,45.509857424,1
v1.0,18,1,109.504092305,1
v1.0,18,2,296.043305001,1
v1.0,18,3,153.492106853,1
v1.0,19,1,345.97223239,1
v1.0,19,2,375.807742663,1
v1.0,19,3,47.129027154,1
v1.0,20,1,131.411523175,1
v1.0,20,2,75.24261828,1
v1.0,20,3,570.495727648,1
v1.0,4,1,0.001478586,1
v1.0,5,1,0.011482611,1
v1.0,6,1,0.045780789,1
v1.0,6,2,0.062326321,1
v1.0,7,1,0.146059002,1
v1.0,7,2,0.956996695,1
v1.0,8,1,0.503464242,1
v1.0,8,2,0.561635866,1
v1.0,9,1,0.609616398,1
v1.0,9,2,1.64710068,1
v1.0,9,3,1.519211265,1
v1.0,10,1,2.806906021,1
v1.0,10,2,5.187808208,1
v1.0,10,3,1.915638447,1
v1.0,11,1,5.393730365,1
v1.0,11,2,1.811044235,1
v1.0,11,3,8.240468079,1
v1.0,12,1,11.199447461,1
v1.0,12,2,10.274060177,1
v1.0,12,3,5.28647826,1
v1.0,13,1,13.033882371,1
v1.0,13,2,9.592778764,1
v1.0,13,3,5.011851874,1
v1.0,14,1,10.118347333,1
v1.0,14,2,1.9650171,1
v1.0,14,3,8.815411194,1
v1.0,15,1,13.625762228,1
v1.0,15,2,82.136869662,1
v1.0,15,3,23.917121939,1
v1.0,16,1,50.354646462,1
v1.0,16,2,19.882762148,1
v1.0,16,3,99.611335639,1
v1.0,17,1,67.358811066,1
v1.0,17,2,67.874345765,1
v1.0,17,3,8.245347331,1
v1.0,18,1,83.890583618,1
v1.0,18,2,80.859427332,1
v1.0,18,3,49.811032161,1
v1.0,19,1,22.068070071,1
v1.0,19,2,67.980619755,1
v1.0,19,3,292.872256947,1
v1.0,20,1,139.79158722,1
v1.0,20,2,286.393111643,1
v1.0,20,3,459.662534353,1
v1.0,4,1,0.001351897,1
v1.0,5,1,0.009682659,1
v1.0,6,1,0.03823977,1
v1.0,6,2,0.070333609,1
v1.0,7,1,0.207370914,1
v1.0,7,2,0.744210482,1
v1.0,8,1,0.714114972,1
v1.0,8,2,0.680093109,1
v1.0,9,1,1.34057168,1
v1.0,9,2,1.26683572,1
v1.0,9,3,1.090407614,1
v1.0,10,1,1.067674628,1
v1.0,10,2,2.437098449,1
v1.0,10,3,3.369035404,1
v1.0,11,1,4.669153479,1
v1.0,11,2,6.702566106,1
v1.0,11,3,7.134387533,1
v1.0,12,1,4.665986708,1
v1.0,12,2,18.48800191,1
v1.0,12,3,12.63329943,1
v1.0,13,1,1.037808933,1
v1.0,13,2,17.4891105,1
v1.0,13,3,10.775001783,1
v1.0,14,1,10.920822126,1
v1.0,14,2,26.523245843,1
v1.0,14,3,43.087615544,1
v1.0,15,1,2.175168791,1
v1.0,15,2,132.38146542,1
v1.0,15,3,52.560718738,1
v1.0,16,1,36.376877464,1
v1.0,16,2,143.56474108,1
v1.0,16,3,16.413988326,1
v1.0,17,1,57.494601353,1
v1.0,17,2,170.099331836,1
v1.0,17,3,56.357030733,1
v1.0,18,1,250.423857164,1
v1.0,18,2,160.188977617,1
v1.0,18,3,25.624002707,1
v1.0,19,1,75.589636413,1
v1.0,19,2,206.585249229,1
v1.0,19,3,120.07275291,1
v1.0,20,1,369.687009044,1
v1.0,20,2,398.926495764,1
v1.0,20,3,183.741882287,1
v1.0,4,1,0.001942807,1
v1.0,5,1,0.010938792,1
v1.0,6,1,0.023507788,1
v1.0,6,2,0.05367251,1
v1.0,7,1,0.341467895,1
v1.0,7,2,0.216796982,1
v1.0,8,1,0.175644299,1
v1.0,8,2,0.657527479,1
v1.0,9,1,1.070619899,1
v1.0,9,2,0.163316692,1
v1.0,9,3,2.46858653,1
v1.0,10,1,1.900780479,1
v1.0,10,2,8.550944917,1
v1.0,10,3,1.080022834,1
v1.0,11,1,9.030343094,1
v1.0,11,2,6.559454968,1
v1.0,11,3,0.888614697,1
v1.0,12,1,15.092711787,1
v1.0,12,2,7.079957723,1
v1.0,12,3,6.592712216,1
v1.0,13,1,6.582170817,1
v1.0,13,2,19.299282463,1
v1.0,13,3,15.198084474,1
v1.0,14,1,20.8837432,1
v1.0,14,2,39.210928717,1
v1.0,14,3,26.689008045,1
v1.0,15,1,19.005469728,1
v1.0,15,2,44.734332983,1
v1.0,15,3,55.015638904,1
v1.0,16,1,13.252684785,1
v1.0,16,2,50.753775749,1
v1.0,16,3,130.801850987,1
v1.0,17,1,26.448854749,1
v1.0,17,2,64.343204343,1
v1.0,17,3,74.721975441,1
v1.0,18,1,32.498727956,1
v1.0,18,2,235.558934041,1
v1.0,18,3,84.821253568,1
v1.0,19,1,127.815924523,1
v1.0,19,2,171.498978688,1
v1.0,19,3,191.382074059,1
v1.0,20,1,412.402098752,1
v1.0,20,2,197.119841637,1
v1.0,20,3,364.055033592,1
v1.0,4,1,0.001407886,1
v1.0,5,1,0.014122098,1
v1.0,6,1,0.297505203,1
v1.0,6,2,0.030485333,1
v1.0,7,1,0.139241728,1
v1.0,7,2,0.043031724,1
v1.0,8,1,0.596591994,1
v1.0,8,2,0.306316889,1
v1.0,9,1,0.649239956,1
v1.0,9,2,3.041505177,1
v1.0,9,3,0.285146932,1
v1.0,10,1,2.790854896,1
v1.0,10,2,2.744089151,1
v1.0,10,3,3.586213644,1
v1.0,11,1,4.466180201,1
v1.0,11,2,2.193305492,1
v1.0,11,3,10.426586782,1
v1.0,12,1,7.364456979,1
v1.0,12,2,8.941770795,1
v1.0,12,3,30.113534432,1
v1.0,13,1,15.29516489,1
v1.0,13,2,26.436563758,1
v1.0,13,3,33.032239292,1
v1.0,14,1,14.163909985,1
v1.0,14,2,9.144879919,1
v1.0,14,3,32.419572845,1
v1.0,15,1,40.854163254,1
v1.0,15,2,19.209443327,1
v1.0,15,3,40.418471753,1
v1.0,16,1,30.583936256,1
v1.0,16,2,59.873320214,1
v1.0,16,3,135.662968585,1
v1.0,17,1,77.635993865,1
v1.0,17,2,84.0322735,1
v1.0,17,3,51.018021349,1
v1.0,18,1,144.561597051,1
v1.0,18,2,128.813665322,1
v1.0,18,3,37.697476169,1
v1.0,19,1,49.977989828,1
v1.0,19,2,358.27568928,1
v1.0,19,3,116.958270877,1
v1.0,20,1,102.452165723,1
v1.0,20,2,125.048650879,1
v1.0,20,3,242.693826384,1
v1.0,4,1,0.001261806,1
v1.0,5,1,0.006855118,1
v1.0,6,1,0.057266647,1
v1.0,6,2,0.094260682,1
v1.0,7,1,0.178162127,1
v1.0,7,2,0.295647822,1
v1.0,8,1,0.412551868,1
v1.0,8,2,0.765115379,1
v1.0,9,1,1.436344697,1
v1.0,9,2,0.518938108,1
v1.0,9,3,2.608445745,1
v1.0,10,1,2.765257842,1
v1.0,10,2,5.23653269,1
v1.0,10,3,3.267937725,1
v1.0,11,1,2.62808114,1
v1.0,11,2,13.514357015,1
v1.0,11,3,5.302989506,1
v1.0,12,1,5.6709835,1
v1.0,12,2,5.734398574,1
v1.0,12,3,7.218380358,1
v1.0,13,1,7.718754358,1
v1.0,13,2,13.085690598,1
v1.0,13,3,9.216709792,1
v1.0,14,1,5.889786402,1
v1.0,14,2,18.640959005,1
v1.0,14,3,22.321298237,1
v1.0,15,1,26.773531813,1
v1.0,15,2,11.733659468,1
v1.0,15,3,9.172887051,1
v1.0,16,1,29.404675376,1
v1.0,16,2,43.48746196,1
v1.0,16,3,67.608870132,1
v1.0,17,1,64.781105588,1
v1.0,17,2,78.216178913,1
v1.0,17,3,130.575508871,1
v1.0,18,1,54.970934847,1
v1.0,18,2,96.234964101,1
v1.0,18,3,264.318074813,1
v1.0,19,1,67.071143984,1
v1.0,19,2,57.678378616,1
v1.0,19,3,77.659305069,1
v1.0,20,1,121.552859047,1
v1.0,20,2,298.284973292,1
v1.0,20,3,125.232929647,1
v1.0,4,1,0.001230178,1
v1.0,5,1,0.007820517,1
v1.0,6,1,0.084229864,1
v1.0,6,2,0.132347247,1
v1.0,7,1,0.125144279,1
v1.0,7,2,0.674277446,1
v1.0,8,1,0.299457187,1
v1.0,8,2,0.660844687,1
v1.0,9,1,1.026688753,1
v1.0,9,2,1.381084742,1
v1.0,9,3,2.036833906,1
v1.0,10,1,2.336618929,1
v1.0,10,2,0.338172222,1
v1.0,10,3,6.284800886,1
v1.0,11,1,5.99627605,1
v1.0,11,2,3.890638619,1
v1.0,11,3,8.382200548,1
v1.0,12,1,6.482511234,1
v1.0,12,2,2.308155788,1
v1.0,12,3,25.490052482,1
v1.0,13,1,7.400228506,1
v1.0,13,2,3.840311502,1
v1.0,13,3,9.353584874,1
v1.0,14,1,21.004926826,1
v1.0,14,2,38.676961381,1
v1.0,14,3,30.566113382,1
v1.0,15,1,7.672917119,1
v1.0,15,2,86.256459636,1
v1.0,15,3,58.756922913,1
v1.0,16,1,36.903047356,1
v1.0,16,2,90.600269874,1
v1.0,16,3,36.915870727,1
v1.0,17,1,4.012396357,1
v1.0,17,2,16.541655489,1
v1.0,17,3,42.795135462,1
v1.0,18,1,24.260520621,1
v1.0,18,2,183.722793388,1
v1.0,18,3,177.570128515,1
v1.0,19,1,150.410470666,1
v1.0,19,2,212.413566887,1
v1.0,19,3,82.074226272,1
v1.0,20,1,186.953095292,1
v1.0,20,2,118.232347175,1
v1.0,20,3,231.037752078,1
v1.0,4,1,0.001009301,1
v1.0,5,1,0.01631052,1
v1.0,6,1,0.057784719,1
v1.0,6,2,0.111966762,1
v1.0,7,1,0.175297753,1
v1.0,7,2,0.335803187,1
v1.0,8,1,0.898300274,1
v1.0,8,2,0.236284919,1
v1.0,9,1,1.768689034,1
v1.0,9,2,1.842093289,1
v1.0,9,3,2.505543306,1
v1.0,10,1,4.1448721,1
v1.0,10,2,2.938518784,1
v1.0,10,3,2.38585744,1
v1.0,11,1,1.684902248,1
v1.0,11,2,4.462120365,1
v1.0,11,3,10.535921331,1
v1.0,12,1,2.254653383,1
v1.0,12,2,16.131654888,1
v1.0,12,3,19.446095918,1
v1.0,13,1,3.54755055,1
v1.0,13,2,15.357878605,1
v1.0,13,3,13.102118752,1
v1.0,14,1,1.69747751,1
v1.0,14,2,15.971166488,1
v1.0,14,3,25.289835808,1
v1.0,15,1,19.218801429,1
v1.0,15,2,51.049444432,1
v1.0,15,3,52.041044644,1
v1.0,16,1,29.513092175,1
v1.0,16,2,80.266769329,1
v1.0,16,3,51.040924736,1
v1.0,17,1,13.763294383,1
v1.0,17,2,127.110149584,1
v1.0,17,3,95.348607612,1
v1.0,18,1,111.378041618,1
v1.0,18,2,46.968577197,1
v1.0,18,3,123.088665626,1
v1.0,19,1,116.521944816,1
v1.0,19,2,68.098380476,1
v1.0,19,3,136.382000538,1
v1.0,20,1,29.352489494,1
v1.0,20,2,458.888087253,1
v1.0,20,3,116.820811803,1
v1.0,4,1,0.001651702,1
v1.0,5,1,0.017123342,1
v1.0,6,1,0.040223521,1
v1.0,7,1,0.237679404,1
v1.0,7,2,0.297495408,1
v1.0,8,1,1.356781374,1
v1.0,8,2,0.755937201,1
v1.0,9,1,0.737599282,1
v1.0,9,2,2.244199484,1
v1.0,9,3,4.082678694,1
v1.0,10,1,1.934806817,1
v1.0,10,2,2.540052354,1
v1.0,10,3,3.607870968,1
v1.0,11,1,3.732281239,1
v1.0,11,2,6.22192358,1
v1.0,11,3,2.339201972,1
v1.0,12,1,7.97730704,1
v1.0,12,2,8.679475146,1
v1.0,12,3,4.451171667,1
v1.0,13,1,10.914860135,1
v1.0,13,2,7.259815642,1
v1.0,13,3,44.838141738,1
v1.0,14,1,23.733983067,1
v1.0,14,2,22.167021016,1
v1.0,14,3,43.257657226,1
v1.0,15,1,21.183889576,1
v1.0,15,2,8.816276103,1
v1.0,15,3,42.658289824,1
v1.0,16,1,43.845343134,1
v1.0,16,2,41.036670509,1
v1.0,16,3,81.637587231,1
v1.0,17,1,22.226991244,1
v1.0,17,2,76.592096354,1
v1.0,17,3,49.432243495,1
v1.0,18,1,73.470270707,1
v1.0,18,2,95.31402767,1
v1.0,18,3,157.733556225,1
v1.0,19,1,286.516062079,1
v1.0,19,2,141.262041317,1
v1.0,19,3,127.446541631,1
v1.0,20,1,165.146968869,1
v1.0,20,2,62.626952738,1
v1.0,20,3,129.435976967,1
v1.0,4,1,0.001708685,1
v1.0,5,1,0.009029766,1
v1.0,6,1,0.056480651,1
v1.0,6,2,0.103943624,1
v1.0,7,1,0.250326961,1
v1.0,7,2,0.173190314,1
v1.0,8,1,0.376996873,1
v1.0,8,2,0.701965499,1
v1.0,9,1,0.672724753,1
v1.0,9,2,1.443313701,1
v1.0,9,3,2.808363656,1
v1.0,10,1,2.067840369,1
v1.0,10,2,1.324425798,1
v1.0,10,3,3.342712729,1
v1.0,11,1,3.248824311,1
v1.0,11,2,5.178227891,1
v1.0,11,3,1.773458358,1
v1.0,12,1,8.626118705,1
v1.0,12,2,2.574367477,1
v1.0,12,3,19.23652114,1
v1.0,13,1,7.473598667,1
v1.0,13,2,4.338164517,1
v1.0,13,3,19.43149533,1
v1.0,14,1,9.915623313,1
v1.0,14,2,20.85446517,1
v1.0,14,3,27.214720975,1
v1.0,15,1,39.702074285,1
v1.0,15,2,25.317327704,1
v1.0,15,3,88.918499835,1
v1.0,16,1,54.269758194,1
v1.0,16,2,88.592537278,1
v1.0,16,3,30.437561706,1
v1.0,17,1,55.880126418,1
v1.0,17,2,26.918576627,1
v1.0,17,3,97.470937373,1
v1.0,18,1,105.710670381,1
v1.0,18,2,61.63711021,1
v1.0,18,3,52.896714176,1
v1.0,19,1,171.904135169,1
v1.0,19,2,147.58097551,1
v1.0,19,3,132.926173644,1
v1.0,20,1,107.269964923,1
v1.0,20,2,218.396218903,1
v1.0,20,3,21.527628107,1
v1.0,4,1,0.001348698,1
v1.0,5,1,0.011139865,1
v1.0,6,1,0.093243343,1
v1.0,7,1,0.157685414,1
v1.0,7,2,0.303623997,1
v1.0,8,1,0.127737831,1
v1.0,8,2,0.975705166,1
v1.0,9,1,0.686338394,1
v1.0,9,2,1.496887835,1
v1.0,9,3,0.217470171,1
v1.0,10,1,1.533976837,1
v1.0,10,2,0.463267973,1
v1.0,10,3,2.006976423,1
v1.0,11,1,0.566482606,1
v1.0,11,2,0.902453307,1
v1.0,11,3,7.563132811,1
v1.0,12,1,13.330291179,1
v1.0,12,2,6.48172875,1
v1.0,12,3,14.826474079,1
v1.0,13,1,3.026239584,1
v1.0,13,2,27.750714235,1
v1.0,13,3,2.868265893,1
v1.0,14,1,29.098121958,1
v1.0,14,2,34.430206569,1
v1.0,14,3,24.56864617,1
v1.0,15,1,8.77258691,1
v1.0,15,2,75.212578026,1
v1.0,15,3,45.98574989,1
v1.0,16,1,40.281208947,1
v1.0,16,2,33.755084537,1
v1.0,16,3,93.558686483,1
v1.0,17,1,51.901305895,1
v1.0,17,2,24.536637897,1
v1.0,17,3,47.035922051,1
v1.0,18,1,30.253804395,1
v1.0,18,2,98.374975762,1
v1.0,18,3,84.303564498,1
v1.0,19,1,211.032065298,1
v1.0,19,2,66.853372017,1
v1.0,19,3,194.88539435,1
v1.0,20,1,300.083046763,1
v1.0,20,2,191.566674352,1
v1.0,20,3,111.691786808,1
v1.0,4,1,0.001419186,1
v1.0,5,1,0.009384212,1
v1.0,6,1,0.050273673,1
v1.0,7,1,0.142449492,1
v1.0,7,2,0.249245897,1
v1.0,8,1,0.238445042,1
v1.0,8,2,0.507504245,1
v1.0,9,1,0.98020816,1
v1.0,9,2,0.709498109,1
v1.0,9,3,2.247392332,1
v1.0,10,1,1.653482561,1
v1.0,10,2,5.543035813,1
v1.0,10,3,2.867394103,1
v1.0,11,1,4.528480335,1
v1.0,11,2,1.972186531,1
v1.0,11,3,11.282310653,1
v1.0,12,1,3.53284378,1
v1.0,12,2,14.42632944,1
v1.0,12,3,4.642815029,1
v1.0,13,1,15.354683931,1
v1.0,13,2,14.375652236,1
v1.0,13,3,21.415358841,1
v1.0,14,1,36.898147484,1
v1.0,14,2,14.399016054,1
v1.0,14,3,43.162515896,1
v1.0,15,1,14.801724221,1
v1.0,15,2,42.760027472,1
v1.0,15,3,48.180360402,1
v1.0,16,1,26.699566699,1
v1.0,16,2,63.979781849,1
v1.0,16,3,37.669590498,1
v1.0,17,1,29.091713734,1
v1.0,17,2,19.697492662,1
v1.0,17,3,177.236187903,1
v1.0,18,1,90.88411586,1
v1.0,18,2,61.947182113,1
v1.0,18,3,63.334980331,1
v1.0,19,1,86.288612901,1
v1.0,19,2,178.596229002,1
v1.0,19,3,246.246776106,1
v1.0,20,1,126.371716916,1
v1.0,20,2,383.618224783,1
v1.0,20,3,219.136390848,1
v1.0,4,1,0.001270624,1
v1.0,5,1,0.047741232,1
v1.0,6,1,0.035466154,1
v1.0,6,2,0.056942636,1
v1.0,7,1,0.1297205,1
v1.0,7,2,0.124057612,1
v1.0,8,1,1.166177799,1
v1.0,8,2,0.405459952,1
v1.0,9,1,1.30199983,1
v1.0,9,2,0.25794084,1
v1.0,9,3,1.658140671,1
v1.0,10,1,0.785234659,1
v1.0,10,2,3.03764756,1
v1.0,10,3,5.459875634,1
v1.0,11,1,2.509548644,1
v1.0,11,2,5.94601686,1
v1.0,11,3,4.632675692,1
v1.0,12,1,7.490250995,1
v1.0,12,2,2.900754357,1
v1.0,12,3,14.558488161,1
v1.0,13,1,23.779312598,1
v1.0,13,2,9.638295463,1
v1.0,13,3,55.517237561,1
v1.0,14,1,13.841282805,1
v1.0,14,2,29.70602705,1
v1.0,14,3,42.35451289,1
v1.0,15,1,64.919805967,1
v1.0,15,2,12.114204497,1
v1.0,15,3,44.974994052,1
v1.0,16,1,42.239138419,1
v1.0,16,2,54.819011719,1
v1.0,16,3,37.343717868,1
v1.0,17,1,213.393252665,1
v1.0,17,2,149.575971412,1
v1.0,17,3,206.138802175,1
v1.0,18,1,64.260470123,1
v1.0,18,2,62.424050013,1
v1.0,18,3,48.883997862,1
v1.0,19,1,173.973041909,1
v1.0,19,2,141.838671601,1
v1.0,19,3,51.043493202,1
v1.0,20,1,97.081694902,1
v1.0,20,2,399.258425477,1
v1.0,20,3,151.334227533,1
v1.0,4,1,0.001377275,1
v1.0,5,1,0.016392023,1
v1.0,6,1,0.066886483,1
v1.0,6,2,0.120606008,1
v1.0,7,1,0.07467523,1
v1.0,7,2,0.401071473,1
v1.0,8,1,0.086137717,1
v1.0,8,2,0.776556579,1
v1.0,9,1,0.831143499,1
v1.0,9,2,0.643079056,1
v1.0,9,3,0.654218675,1
v1.0,10,1,0.729685276,1
v1.0,10,2,3.836163758,1
v1.0,10,3,5.545346728,1
v1.0,11,1,7.866082842,1
v1.0,11,2,5.363864874,1
v1.0,11,3,6.88772541,1
v1.0,12,1,5.383282933,1
v1.0,12,2,0.825445171,1
v1.0,12,3,11.684756357,1
v1.0,13,1,7.908030834,1
v1.0,13,2,1.039235446,1
v1.0,13,3,27.936730751,1
v1.0,14,1,28.105160157,1
v1.0,14,2,18.826588711,1
v1.0,14,3,54.034556352,1
v1.0,15,1,62.335013547,1
v1.0,15,2,34.042158923,1
v1.0,15,3,14.180370518,1
v1.0,16,1,11.370178072,1
v1.0,16,2,101.436534715,1
v1.0,16,3,45.074230142,1
v1.0,17,1,69.084845875,1
v1.0,17,2,144.214361181,1
v1.0,17,3,101.568445834,1
v1.0,18,1,101.998060202,1
v1.0,18,2,98.948951257,1
v1.0,18,3,216.236912572,1
v1.0,19,1,95.381558671,1
v1.0,19,2,171.227720103,1
v1.0,19,3,175.166572812,1
v1.0,20,1,278.692186062,1
v1.0,20,2,132.793752253,1
v1.0,20,3,206.658541645,1
v1.0,4,1,0.001486236,1
v1.0,5,1,0.011430765,1
v1.0,6,1,0.173662657,1
v1.0,6,2,0.075773984,1
v1.0,7,1,0.250953349,1
v1.0,7,2,0.269090163,1
v1.0,8,1,0.454427343,1
v1.0,8,2,1.941616585,1
v1.0,9,1,3.210567033,1
v1.0,9,2,0.966123435,1
v1.0,9,3,0.546345099,1
v1.0,10,1,1.21129465,1
v1.0,10,2,2.29713213,1
v1.0,10,3,0.640437549,1
v1.0,11,1,4.460668033,1
v1.0,11,2,2.29914609,1
v1.0,11,3,7.70903573,1
v1.0,12,1,11.013155937,1
v1.0,12,2,8.74043401,1
v1.0,12,3,10.994374755,1
v1.0,13,1,18.787452131,1
v1.0,13,2,18.710555565,1
v1.0,13,3,22.691237587,1
v1.0,14,1,15.967680304,1
v1.0,14,2,13.696582199,1
v1.0,14,3,27.110880545,1
v1.0,15,1,3.252151622,1
v1.0,15,2,23.016524858,1
v1.0,15,3,73.570730185,1
v1.0,16,1,35.180821212,1
v1.0,16,2,74.502484675,1
v1.0,16,3,79.441370092,1
v1.0,17,1,51.181553477,1
v1.0,17,2,15.858421743,1
v1.0,17,3,96.527913606,1
v1.0,18,1,51.709385367,1
v1.0,18,2,33.265579238,1
v1.0,18,3,7.991134141,1
v1.0,19,1,249.104691513,1
v1.0,19,2,158.9064195,1
v1.0,19,3,185.534263896,1
v1.0,20,1,120.037127749,1
v1.0,20,2,59.088867103,1
v1.0,20,3,68.256888891,1
v1.0,4,1,0.0012378,1
v1.0,5,1,0.013847272,1
v1.0,6,1,0.100395155,1
v1.0,6,2,0.070899501,1
v1.0,7,1,0.217015488,1
v1.0,7,2,0.344211262,1
v1.0,8,1,0.430246192,1
v1.0,8,2,1.43040447,1
v1.0,9,1,1.517169714,1
v1.0,9,2,0.228467577,1
v1.0,9,3,1.019345253,1
v1.0,10,1,4.138353266,1
v1.0,10,2,6.28179537,1
v1.0,10,3,3.736551954,1
v1.0,11,1,7.239802543,1
v1.0,11,2,8.535272808,1
v1.0,11,3,9.37507268,1
v1.0,12,1,6.455306395,1
v1.0,12,2,6.783042481,1
v1.0,12,3,11.129112794,1
v1.0,13,1,8.489830081,1
v1.0,13,2,23.647575329,1
v1.0,13,3,15.532362091,1
v1.0,14,1,10.462299454,1
v1.0,14,2,15.369577535,1
v1.0,14,3,28.762474286,1
v1.0,15,1,1.940340454,1
v1.0,15,2,52.108882321,1
v1.0,15,3,3.742220709,1
v1.0,16,1,28.52517968,1
v1.0,16,2,113.654943763,1
v1.0,16,3,18.806524007,1
v1.0,17,1,39.897734211,1
v1.0,17,2,4.913898127,1
v1.0,17,3,48.879695615,1
v1.0,18,1,62.082356522,1
v1.0,18,2,101.040154471,1
v1.0,18,3,154.298997307,1
v1.0,19,1,90.011446954,1
v1.0,19,2,88.755460188,1
v1.0,19,3,404.342760534,1
v1.0,20,1,258.517446793,1
v1.0,20,2,95.078857668,1
v1.0,20,3,413.333698423,1
v1.0,4,1,0.001703685,1
v1.0,5,1,0.045911159,1
v1.0,6,1,0.144530458,1
v1.0,7,1,0.081303996,1
v1.0,7,2,0.147847565,1
v1.0,8,1,0.820241498,1
v1.0,8,2,0.504987401,1
v1.0,9,1,0.624418902,1
v1.0,9,2,0.721969887,1
v1.0,9,3,0.671346948,1
v1.0,10,1,1.422445226,1
v1.0,10,2,3.433232446,1
v1.0,10,3,18.655081073,1
v1.0,11,1,3.77815401,1
v1.0,11,2,6.660540357,1
v1.0,11,3,8.61022989,1
v1.0,12,1,3.942786245,1
v1.0,12,2,9.763430212,1
v1.0,12,3,14.396008886,1
v1.0,13,1,18.742453961,1
v1.0,13,2,14.553579488,1
v1.0,13,3,2.929020085,1
v1.0,14,1,18.423388273,1
v1.0,14,2,16.866719911,1
v1.0,14,3,9.19942956,1
v1.0,15,1,14.48828077,1
v1.0,15,2,9.861679695,1
v1.0,15,3,42.202876121,1
v1.0,16,1,33.057010973,1
v1.0,16,2,62.466937251,1
v1.0,16,3,76.207330418,1
v1.0,17,1,35.645926265,1
v1.0,17,2,61.141750692,1
v1.0,17,3,84.562627566,1
v1.0,18,1,144.64710223,1
v1.0,18,2,109.356242151,1
v1.0,18,3,230.218106176,1
v1.0,19,1,255.893027837,1
v1.0,19,2,127.51457126,1
v1.0,19,3,144.962075483,1
v1.0,20,1,33.316905441,1
v1.0,20,2,361.466196835,1
v1.0,20,3,130.476835463,1
v1.0,4,1,0.001560978,1
v1.0,5,1,0.018458574,1
v1.0,6,1,0.094777824,1
v1.0,6,2,0.037932628,1
v1.0,7,1,0.083359077,1
v1.0,7,2,0.109661927,1
v1.0,8,1,0.575955952,1
v1.0,8,2,0.201596987,1
v1.0,9,1,1.180497495,1
v1.0,9,2,1.702268614,1
v1.0,9,3,2.206308033,1
v1.0,10,1,2.513399648,1
v1.0,10,2,4.170038833,1
v1.0,10,3,5.599048755,1
v1.0,11,1,4.227595939,1
v1.0,11,2,2.449673546,1
v1.0,11,3,15.814962552,1
v1.0,12,1,5.418616414,1
v1.0,12,2,10.546034215,1
v1.0,12,3,7.639936707,1
v1.0,13,1,9.391330759,1
v1.0,13,2,14.502676595,1
v1.0,13,3,5.428394007,1
v1.0,14,1,5.531030264,1
v1.0,14,2,35.614988466,1
v1.0,14,3,22.976953614,1
v1.0,15,1,24.084313699,1
v1.0,15,2,23.825022585,1
v1.0,15,3,25.941153204,1
v1.0,16,1,9.29325825,1
v1.0,16,2,119.775859031,1
v1.0,16,3,50.728422966,1
v1.0,17,1,58.496672303,1
v1.0,17,2,68.709697229,1
v1.0,17,3,16.498112235,1
v1.0,18,1,48.411094955,1
v1.0,18,2,35.690187748,1
v1.0,18,3,8.94773362,1
v1.0,19,1,255.48560136,1
v1.0,19,2,388.653142156,1
v1.0,19,3,180.931542567,1
v1.0,20,1,192.096962248,1
v1.0,20,2,17.383737085,1
v1.0,20,3,260.25109296,1
v1.0,4,1,0.001734397,1
v1.0,5,1,0.010352531,1
v1.0,6,1,0.037110668,1
v1.0,6,2,0.090179887,1
v1.0,7,1,0.19635815,1
v1.0,7,2,0.284102805,1
v1.0,8,1,0.405037214,1
v1.0,8,2,0.1190178,1
v1.0,9,1,1.302659333,1
v1.0,9,2,0.640654764,1
v1.0,9,3,3.465539062,1
v1.0,10,1,1.266426309,1
v1.0,10,2,3.703508656,1
v1.0,10,3,5.91178003,1
v1.0,11,1,5.307067545,1
v1.0,11,2,0.760499393,1
v1.0,11,3,2.769122288,1
v1.0,12,1,5.84813178,1
v1.0,12,2,5.158018137,1
v1.0,12,3,17.217332559,1
v1.0,13,1,17.22343729,1
v1.0,13,2,29.674106304,1
v1.0,13,3,5.123245842,1
v1.0,14,1,18.136870072,1
v1.0,14,2,1.396337225,1
v1.0,14,3,30.160895314,1
v1.0,15,1,54.19504287,1
v1.0,15,2,32.774547373,1
v1.0,15,3,3.355743875,1
v1.0,16,1,23.676547937,1
v1.0,16,2,77.097658294,1
v1.0,16,3,69.179390394,1
v1.0,17,1,60.335489689,1
v1.0,17,2,62.833760987,1
v1.0,17,3,72.815980192,1
v1.0,18,1,78.119654671,1
v1.0,18,2,219.487202934,1
v1.0,18,3,94.765561741,1
v1.0,19,1,173.186343322,1
v1.0,19,2,100.064272256,1
v1.0,19,3,234.406285373,1
v1.0,20,1,43.472647062,1
v1.0,20,2,428.566327467,1
v1.0,20,3,15.302365393,1
v1.0,4,1,0.001108796,1
v1.0,5,1,0.010267519,1
v1.0,6,1,0.055504624,1
v1.0,7,1,0.269620124,1
v1.0,7,2,0.307520193,1
v1.0,8,1,0.193336264,1
v1.0,8,2,0.279324857,1
v1.0,9,1,0.181915757,1
v1.0,9,2,1.173065199,1
v1.0,9,3,1.693568476,1
v1.0,10,1,3.410801161,1
v1.0,10,2,2.681223454,1
v1.0,10,3,6.610126708,1
v1.0,11,1,8.532501574,1
v1.0,11,2,7.215933024,1
v1.0,11,3,2.671729812,1
v1.0,12,1,16.464604174,1
v1.0,12,2,26.026086169,1
v1.0,12,3,5.603350478,1
v1.0,13,1,8.35044091,1
v1.0,13,2,7.723479549,1
v1.0,13,3,21.472941497,1
v1.0,14,1,20.926175949,1
v1.0,14,2,28.722408405,1
v1.0,14,3,30.751745267,1
v1.0,15,1,6.41232385,1
v1.0,15,2,13.493989097,1
v1.0,15,3,68.822983083,1
v1.0,16,1,48.660608852,1
v1.0,16,2,60.539834947,1
v1.0,16,3,63.55044162,1
v1.0,17,1,31.997091441,1
v1.0,17,2,50.564550937,1
v1.0,17,3,68.314701524,1
v1.0,18,1,19.374366356,1
v1.0,18,2,23.420664579,1
v1.0,18,3,61.20115448,1
v1.0,19,1,140.586584733,1
v1.0,19,2,165.162198443,1
v1.0,19,3,12.457847451,1
v1.0,20,1,365.06410707,1
v1.0,20,2,184.615738418,1
v1.0,20,3,331.271648133,1
v1.0,4,1,0.001740821,1
v1.0,5,1,0.016496259,1
v1.0,6,1,0.043448125,1
v1.0,7,1,0.129190388,1
v1.0,7,2,0.611518183,1
v1.0,8,1,0.723272277,1
v1.0,8,2,1.285291751,1
v1.0,9,1,0.668724246,1
v1.0,9,2,1.66915936,1
v1.0,9,3,2.41182408,1
v1.0,10,1,1.181647415,1
v1.0,10,2,0.407617356,1
v1.0,10,3,7.53267396,1
v1.0,11,1,4.158652198,1
v1.0,11,2,3.362097654,1
v1.0,11,3,8.811450193,1
v1.0,12,1,11.961861545,1
v1.0,12,2,3.526545779,1
v1.0,12,3,7.445032415,1
v1.0,13,1,15.683939648,1
v1.0,13,2,29.493066878,1
v1.0,13,3,25.682044153,1
v1.0,14,1,3.304707661,1
v1.0,14,2,22.592343454,1
v1.0,14,3,65.17888483,1
v1.0,15,1,56.892428865,1
v1.0,15,2,44.287096306,1
v1.0,15,3,17.349363276,1
v1.0,16,1,18.191644557,1
v1.0,16,2,21.165363179,1
v1.0,16,3,36.698496756,1
v1.0,17,1,42.282609077,1
v1.0,17,2,32.551222227,1
v1.0,17,3,77.385460492,1
v1.0,18,1,20.023603619,1
v1.0,18,2,99.995867937,1
v1.0,18,3,35.337133016,1
v1.0,19,1,114.9768687,1
v1.0,19,2,276.858242035,1
v1.0,19,3,212.729614989,1
v1.0,20,1,176.15219736,1
v1.0,20,2,14.76962674,1
v1.0,20,3,207.360641748,1
v1.0,4,1,0.001774515,1
v1.0,5,1,0.022976192,1
v1.0,6,1,0.025178236,1
v1.0,6,2,0.042474139,1
v1.0,7,1,0.100535855,1
v1.0,7,2,0.461776871,1
v1.0,8,1,0.507930532,1
v1.0,8,2,0.644420312,1
v1.0,9,1,0.631627871,1
v1.0,9,2,0.586083256,1
v1.0,9,3,0.396651597,1
v1.0,10,1,1.236141723,1
v1.0,10,2,4.604207288,1
v1.0,10,3,3.613021253,1
v1.0,11,1,6.640418197,1
v1.0,11,2,5.577489652,1
v1.0,11,3,10.395302542,1
v1.0,12,1,12.792743396,1
v1.0,12,2,10.10106265,1
v1.0,12,3,6.293426545,1
v1.0,13,1,10.81009477,1
v1.0,13,2,1.292632103,1
v1.0,13,3,22.365978193,1
v1.0,14,1,15.310826896,1
v1.0,14,2,19.197896873,1
v1.0,14,3,29.031301901,1
v1.0,15,1,21.24405061,1
v1.0,15,2,68.853526342,1
v1.0,15,3,35.52665663,1
v1.0,16,1,15.804961321,1
v1.0,16,2,51.091326402,1
v1.0,16,3,97.507993927,1
v1.0,17,1,14.428796852,1
v1.0,17,2,139.184422492,1
v1.0,17,3,42.604890643,1
v1.0,18,1,137.177717425,1
v1.0,18,2,98.263557399,1
v1.0,18,3,183.254742921,1
v1.0,19,1,38.919701217,1
v1.0,19,2,151.922784418,1
v1.0,19,3,126.753383422,1
v1.0,20,1,64.416848773,1
v1.0,20,2,203.998517415,1
v1.0,20,3,78.86072239,1
v1.0,4,1,0.001374785,1
v1.0,5,1,0.011566397,1
v1.0,6,1,0.109653869,1
v1.0,7,1,0.101408722,1
v1.0,7,2,0.313729837,1
v1.0,8,1,0.062707922,1
v1.0,8,2,1.054706788,1
v1.0,9,1,0.439693107,1
v1.0,9,2,0.869803329,1
v1.0,9,3,2.284005533,1
v1.0,10,1,2.304054312,1
v1.0,10,2,2.329448908,1
v1.0,10,3,3.45505561,1
v1.0,11,1,12.956685713,1
v1.0,11,2,2.571705953,1
v1.0,11,3,3.995291719,1
v1.0,12,1,7.390559336,1
v1.0,12,2,9.274135862,1
v1.0,12,3,11.287983872,1
v1.0,13,1,13.314199867,1
v1.0,13,2,14.210210948,1
v1.0,13,3,21.117371638,1
v1.0,14,1,6.379151973,1
v1.0,14,2,18.848394812,1
v1.0,14,3,36.678178673,1
v1.0,15,1,37.71467923,1
v1.0,15,2,95.772446954,1
v1.0,15,3,28.846864879,1
v1.0,16,1,45.059660535,1
v1.0,16,2,97.798526731,1
v1.0,16,3,96.299631501,1
v1.0,17,1,58.616674621,1
v1.0,17,2,31.699052824,1
v1.0,17,3,21.150530585,1
v1.0,18,1,46.297951296,1
v1.0,18,2,109.240051951,1
v1.0,18,3,32.277691243,1
v1.0,19,1,117.399866326,1
v1.0,19,2,36.727045775,1
v1.0,19,3,162.524087879,1
v1.0,20,1,100.853642213,1
v1.0,20,2,531.051354054,1
v1.0,20,3,65.978375194,1
v1.0,4,1,0.000978728,1
v1.0,5,1,0.004942577,1
v1.0,6,1,0.047722855,1
v1.0,6,2,0.059581597,1
v1.0,7,1,0.032230992,1
v1.0,7,2,0.580963689,1
v1.0,8,1,0.174914074,1
v1.0,8,2,0.514860812,1
v1.0,9,1,0.750038794,1
v1.0,9,2,0.69507677,1
v1.0,9,3,1.389635701,1
v1.0,10,1,2.342866162,1
v1.0,10,2,5.414158875,1
v1.0,10,3,3.089462406,1
v1.0,11,1,6.864950473,1
v1.0,11,2,5.419476128,1
v1.0,11,3,2.796380268,1
v1.0,12,1,12.597758793,1
v1.0,12,2,11.522075924,1
v1.0,12,3,3.442563765,1
v1.0,13,1,3.264529969,1
v1.0,13,2,14.174094914,1
v1.0,13,3,21.437815946,1
v1.0,14,1,42.976285194,1
v1.0,14,2,9.756058023,1
v1.0,14,3,10.131294133,1
v1.0,15,1,27.887483168,1
v1.0,15,2,19.152874751,1
v1.0,15,3,34.739363119,1
v1.0,16,1,30.371234573,1
v1.0,16,2,35.046143995,1
v1.0,16,3,110.874302085,1
v1.0,17,1,40.254273492,1
v1.0,17,2,6.235445712,1
v1.0,17,3,53.501853798,1
v1.0,18,1,46.517291734,1
v1.0,18,2,238.548080712,1
v1.0,18,3,213.638757009,1
v1.0,19,1,185.047019883,1
v1.0,19,2,151.623537754,1
v1.0,19,3,48.857058049,1
v1.0,20,1,80.688603434,1
v1.0,20,2,179.619312042,1
v1.0,20,3,336.391787509,1
v1.0,4,1,0.001751334,1
v1.0,5,1,0.009382943,1
v1.0,6,1,0.082020541,1
v1.0,6,2,0.076790434,1
v1.0,7,1,0.148736993,1
v1.0,7,2,0.178883582,1
v1.0,8,1,0.545862858,1
v1.0,8,2,0.54015275,1
v1.0,9,1,0.259547004,1
v1.0,9,2,0.627633837,1
v1.0,9,3,7.850665619,1
v1.0,10,1,1.10198724,1
v1.0,10,2,0.805810474,1
v1.0,10,3,0.534987809,1
v1.0,11,1,6.259570177,1
v1.0,11,2,3.649447674,1
v1.0,11,3,8.860949505,1
v1.0,12,1,7.144511086,1
v1.0,12,2,8.50278912,1
v1.0,12,3,12.463778783,1
v1.0,13,1,19.03769355,1
v1.0,13,2,15.102012591,1
v1.0,13,3,13.668544409,1
v1.0,14,1,26.154845137,1
v1.0,14,2,35.731211818,1
v1.0,14,3,60.164051784,1
v1.0,15,1,45.587884201,1
v1.0,15,2,31.492171224,1
v1.0,15,3,43.456378433,1
v1.0,16,1,31.218092723,1
v1.0,16,2,62.363492439,1
v1.0,16,3,65.405157968,1
v1.0,17,1,78.893801141,1
v1.0,17,2,79.182599316,1
v1.0,17,3,20.70443128,1
v1.0,18,1,126.115790897,1
v1.0,18,2,74.658299762,1
v1.0,18,3,14.653009911,1
v1.0,19,1,151.892845535,1
v1.0,19,2,91.835524248,1
v1.0,19,3,66.961861362,1
v1.0,20,1,9.475641129,1
v1.0,20,2,12.753607037,1
v1.0,20,3,15.147707749,1
v1.0,4,1,0.001113268,1
v1.0,5,1,0.012451287,1
v1.0,6,1,0.111881916,1
v1.0,6,2,0.112194415,1
v1.0,7,1,0.145629999,1
v1.0,7,2,0.509872273,1
v1.0,8,1,0.396104557,1
v1.0,8,2,0.77714194,1
v1.0,9,1,1.22234238,1
v1.0,9,2,1.110404664,1
v1.0,9,3,1.061203751,1
v1.0,10,1,2.905376772,1
v1.0,10,2,3.268442545,1
v1.0,10,3,6.016425682,1
v1.0,11,1,1.325920504,1
v1.0,11,2,4.355844943,1
v1.0,11,3,3.722463125,1
v1.0,12,1,11.994083539,1
v1.0,12,2,12.366552786,1
v1.0,12,3,16.123529533,1
v1.0,13,1,8.473570161,1
v1.0,13,2,7.281385738,1
v1.0,13,3,22.312571785,1
v1.0,14,1,1.544187084,1
v1.0,14,2,5.787057614,1
v1.0,14,3,34.323896331,1
v1.0,15,1,13.01783935,1
v1.0,15,2,31.291231397,1
v1.0,15,3,27.85764344,1
v1.0,16,1,27.187054656,1
v1.0,16,2,129.659942558,1
v1.0,16,3,44.301961807,1
v1.0,17,1,44.231078115,1
v1.0,17,2,222.104126826,1
v1.0,17,3,50.454205579,1
v1.0,18,1,120.60760619,1
v1.0,18,2,101.927813481,1
v1.0,18,3,116.063529625,1
v1.0,19,1,129.544771224,1
v1.0,19,2,9.297265385,1
v1.0,19,3,251.888011306,1
v1.0,20,1,128.828891454,1
v1.0,20,2,133.623628851,1
v1.0,20,3,200.305571076,1
v1.0,4,1,0.00145515,1
v1.0,5,1,0.037969278,1
v1.0,6,1,0.114135486,1
v1.0,6,2,0.098793526,1
v1.0,7,1,0.318546108,1
v1.0,7,2,0.445686118,1
v1.0,8,1,0.159654435,1
v1.0,8,2,0.813881814,1
v1.0,9,1,1.049032911,1
v1.0,9,2,2.336081182,1
v1.0,9,3,1.261562917,1
v1.0,10,1,0.790522699,1
v1.0,10,2,1.731729133,1
v1.0,10,3,4.169330774,1
v1.0,11,1,2.913660353,1
v1.0,11,2,6.169859951,1
v1.0,11,3,9.835424189,1
v1.0,12,1,9.205711899,1
v1.0,12,2,5.761695455,1
v1.0,12,3,12.345783103,1
v1.0,13,1,9.940792407,1
v1.0,13,2,15.511323354,1
v1.0,13,3,29.818804787,1
v1.0,14,1,10.421870249,1
v1.0,14,2,31.867641686,1
v1.0,14,3,2.303888134,1
v1.0,15,1,19.626458215,1
v1.0,15,2,47.938050826,1
v1.0,15,3,34.824570231,1
v1.0,16,1,18.641476894,1
v1.0,16,2,80.317722318,1
v1.0,16,3,54.085040689,1
v1.0,17,1,54.425566195,1
v1.0,17,2,179.43482103,1
v1.0,17,3,107.721557989,1
v1.0,18,1,15.018519585,1
v1.0,18,2,88.243817038,1
v1.0,18,3,61.868731783,1
v1.0,19,1,134.068695148,1
v1.0,19,2,173.683181808,1
v1.0,19,3,139.796388427,1
v1.0,20,1,195.446970268,1
v1.0,20,2,529.378840416,1
v1.0,20,3,470.430670809,1
v1.0,4,1,0.001393382,1
v1.0,5,1,0.014295821,1
v1.0,6,1,0.008091429,1
v1.0,6,2,0.098149931,1
v1.0,7,1,0.33499513,1
v1.0,7,2,0.172616092,1
v1.0,8,1,0.208959287,1
v1.0,8,2,0.299616313,1
v1.0,9,1,1.045748719,1
v1.0,9,2,4.872900716,1
v1.0,9,3,1.803883623,1
v1.0,10,1,4.022872536,1
v1.0,10,2,1.806207386,1
v1.0,10,3,2.433150492,1
v1.0,11,1,7.641622929,1
v1.0,11,2,3.718151473,1
v1.0,11,3,11.914654081,1
v1.0,12,1,9.812723137,1
v1.0,12,2,0.677204554,1
v1.0,12,3,18.040610684,1
v1.0,13,1,13.552955604,1
v1.0,13,2,9.002031046,1
v1.0,13,3,16.326581387,1
v1.0,14,1,27.397287971,1
v1.0,14,2,24.367636519,1
v1.0,14,3,16.380988179,1
v1.0,15,1,18.160690764,1
v1.0,15,2,20.290051974,1
v1.0,15,3,42.660114452,1
v1.0,16,1,89.389096181,1
v1.0,16,2,91.247885565,1
v1.0,16,3,38.532164843,1
v1.0,17,1,16.415764281,1
v1.0,17,2,147.097809225,1
v1.0,17,3,90.366356483,1
v1.0,18,1,109.210103849,1
v1.0,18,2,87.792113147,1
v1.0,18,3,92.327225517,1
v1.0,19,1,90.463607385,1
v1.0,19,2,108.880450024,1
v1.0,19,3,140.188852491,1
v1.0,20,1,208.711716748,1
v1.0,20,2,185.51554076,1
v1.0,20,3,142.686125564,1
v1.0,4,1,0.001637354,1
v1.0,5,1,0.01079469,1
v1.0,6,1,0.010254258,1
v1.0,6,2,0.060716365,1
v1.0,7,1,0.217510219,1
v1.0,7,2,0.268126388,1
v1.0,8,1,0.069134223,1
v1.0,8,2,1.010377635,1
v1.0,9,1,0.382123016,1
v1.0,9,2,1.630096228,1
v1.0,9,3,2.566252097,1
v1.0,10,1,1.466083866,1
v1.0,10,2,0.367835214,1
v1.0,10,3,3.831063228,1
v1.0,11,1,9.734152884,1
v1.0,11,2,3.214592314,1
v1.0,11,3,3.698440076,1
v1.0,12,1,16.419672385,1
v1.0,12,2,13.756097833,1
v1.0,12,3,7.236484313,1
v1.0,13,1,7.327797948,1
v1.0,13,2,3.353601464,1
v1.0,13,3,11.126876306,1
v1.0,14,1,13.702272357,1
v1.0,14,2,32.588794883,1
v1.0,14,3,29.263268846,1
v1.0,15,1,39.347066143,1
v1.0,15,2,30.477283717,1
v1.0,15,3,25.657646484,1
v1.0,16,1,73.075338971,1
v1.0,16,2,40.433396176,1
v1.0,16,3,57.453002962,1
v1.0,17,1,36.447478287,1
v1.0,17,2,141.267742459,1
v1.0,17,3,90.408903194,1
v1.0,18,1,68.018270651,1
v1.0,18,2,132.333555164,1
v1.0,18,3,102.990776586,1
v1.0,19,1,139.799490358,1
v1.0,19,2,122.350916926,1
v1.0,19,3,234.730498694,1
v1.0,20,1,162.696716054,1
v1.0,20,2,135.127497341,1
v1.0,20,3,130.734676131,1
v1.0,4,1,0.001262927,1
v1.0,5,1,0.007002238,1
v1.0,6,1,0.058022615,1
v1.0,6,2,0.111552146,1
v1.0,7,1,0.206886018,1
v1.0,7,2,0.532993704,1
v1.0,8,1,0.999984702,1
v1.0,8,2,0.659871731,1
v1.0,9,1,0.978148713,1
v1.0,9,2,1.184491965,1
v1.0,9,3,1.573771864,1
v1.0,10,1,2.296128912,1
v1.0,10,2,6.439142756,1
v1.0,10,3,3.452030035,1
v1.0,11,1,22.523028065,1
v1.0,11,2,10.419244492,1
v1.0,11,3,7.393933479,1
v1.0,12,1,7.101071855,1
v1.0,12,2,6.924742689,1
v1.0,12,3,16.355892865,1
v1.0,13,1,11.985691632,1
v1.0,13,2,12.056525632,1
v1.0,13,3,23.055510663,1
v1.0,14,1,23.360861778,1
v1.0,14,2,36.621832486,1
v1.0,14,3,66.75660016,1
v1.0,15,1,43.187364275,1
v1.0,15,2,3.208946593,1
v1.0,15,3,65.048864243,1
v1.0,16,1,33.522854833,1
v1.0,16,2,26.791297492,1
v1.0,16,3,4.628055553,1
v1.0,17,1,24.970817108,1
v1.0,17,2,30.215148777,1
v1.0,17,3,38.291782743,1
v1.0,18,1,62.27667553,1
v1.0,18,2,162.973147011,1
v1.0,18,3,29.465345843,1
v1.0,19,1,111.729532803,1
v1.0,19,2,70.991887877,1
v1.0,19,3,30.515011659,1
v1.0,20,1,13.607617705,1
v1.0,20,2,354.861737595,1
v1.0,20,3,291.450196803,1
v1.0,4,1,0.001674043,1
v1.0,5,1,0.006668576,1
v1.0,6,1,0.042893821,1
v1.0,6,2,0.133248035,1
v1.0,7,1,0.140469763,1
v1.0,7,2,0.234658142,1
v1.0,8,1,0.324031326,1
v1.0,8,2,0.353950774,1
v1.0,9,1,2.285894496,1
v1.0,9,2,3.066081324,1
v1.0,9,3,1.650490977,1
v1.0,10,1,0.692213288,1
v1.0,10,2,5.452820246,1
v1.0,10,3,1.500242774,1
v1.0,11,1,1.288294427,1
v1.0,11,2,2.493269489,1
v1.0,11,3,1.924932421,1
v1.0,12,1,13.798815869,1
v1.0,12,2,18.792207512,1
v1.0,12,3,9.945951086,1
v1.0,13,1,3.568012481,1
v1.0,13,2,24.207343325,1
v1.0,13,3,21.411487969,1
v1.0,14,1,20.009192991,1
v1.0,14,2,7.616293678,1
v1.0,14,3,14.590846973,1
v1.0,15,1,28.618045158,1
v1.0,15,2,9.607402998,1
v1.0,15,3,61.021224335,1
v1.0,16,1,47.076982918,1
v1.0,16,2,80.273298427,1
v1.0,16,3,37.312642364,1
v1.0,17,1,115.134917669,1
v1.0,17,2,43.241895306,1
v1.0,17,3,127.656218516,1
v1.0,18,1,169.543766667,1
v1.0,18,2,30.651129562,1
v1.0,18,3,81.991776256,1
v1.0,19,1,158.024231322,1
v1.0,19,2,52.879903394,1
v1.0,19,3,121.843124579,1
v1.0,20,1,75.87855508,1
v1.0,20,2,208.791894725,1
v1.0,20,3,381.52659169,1
v1.0,4,1,0.001533504,1
v1.0,5,1,0.024839137,1
v1.0,6,1,0.088669302,1
v1.0,7,1,0.320663001,1
v1.0,7,2,0.119063756,1
v1.0,8,1,0.148288255,1
v1.0,8,2,0.615186039,1
v1.0,9,1,1.07378826,1
v1.0,9,2,0.13386384,1
v1.0,9,3,2.125502567,1
v1.0,10,1,1.494518385,1
v1.0,10,2,0.453088459,1
v1.0,10,3,9.515260308,1
v1.0,11,1,5.15579313,1
v1.0,11,2,10.764552901,1
v1.0,11,3,12.706636388,1
v1.0,12,1,10.262993499,1
v1.0,12,2,16.15447411,1
v1.0,12,3,20.555172401,1
v1.0,13,1,8.795014493,1
v1.0,13,2,6.69530172,1
v1.0,13,3,4.111928618,1
v1.0,14,1,4.576296741,1
v1.0,14,2,25.430401583,1
v1.0,14,3,40.27198721,1
v1.0,15,1,29.903747591,1
v1.0,15,2,49.778578294,1
v1.0,15,3,31.308724685,1
v1.0,16,1,56.224357646,1
v1.0,16,2,54.334109918,1
v1.0,16,3,78.572269898,1
v1.0,17,1,54.476563879,1
v1.0,17,2,37.027678146,1
v1.0,17,3,84.269600453,1
v1.0,18,1,89.268306097,1
v1.0,18,2,50.64649198,1
v1.0,18,3,14.269036942,1
v1.0,19,1,62.081516852,1
v1.0,19,2,45.464848087,1
v1.0,19,3,213.526892036,1
v1.0,20,1,85.760601334,1
v1.0,20,2,48.011771299,1
v1.0,20,3,115.346987506,1
v1.0,4,1,0.001202381,1
v1.0,5,1,0.00855141,1
v1.0,6,1,0.088753463,1
v1.0,7,1,0.082962949,1
v1.0,7,2,0.811445459,1
v1.0,8,1,0.56735727,1
v1.0,8,2,1.41502422,1
v1.0,9,1,0.696975986,1
v1.0,9,2,2.820129454,1
v1.0,9,3,1.282921044,1
v1.0,10,1,1.376195431,1
v1.0,10,2,4.701775996,1
v1.0,10,3,4.206119924,1
v1.0,11,1,3.154712636,1
v1.0,11,2,7.232832579,1
v1.0,11,3,23.017744824,1
v1.0,12,1,4.798796587,1
v1.0,12,2,11.314997268,1
v1.0,12,3,14.912645631,1
v1.0,13,1,1.892843925,1
v1.0,13,2,12.702624969,1
v1.0,13,3,33.446233804,1
v1.0,14,1,13.981107975,1
v1.0,14,2,21.832597703,1
v1.0,14,3,2.68066147,1
v1.0,15,1,21.02235436,1
v1.0,15,2,15.488096644,1
v1.0,15,3,83.203468705,1
v1.0,16,1,24.411627569,1
v1.0,16,2,14.828720647,1
v1.0,16,3,121.752704955,1
v1.0,17,1,68.644962116,1
v1.0,17,2,69.261632044,1
v1.0,17,3,73.183701742,1
v1.0,18,1,129.481813314,1
v1.0,18,2,29.578335532,1
v1.0,18,3,33.648659391,1
v1.0,19,1,160.128477883,1
v1.0,19,2,390.985573244,1
v1.0,19,3,179.257886719,1
v1.0,20,1,31.931684695,1
v1.0,20,2,129.380925557,1
v1.0,20,3,21.978872084,1
v1.0,4,1,0.001292944,1
v1.0,5,1,0.013051545,1
v1.0,6,1,0.034943868,1
v1.0,6,2,0.053063815,1
v1.0,7,1,0.276801008,1
v1.0,7,2,0.293019773,1
v1.0,8,1,0.392746347,1
v1.0,8,2,1.393261582,1
v1.0,9,1,2.225611502,1
v1.0,9,2,0.686503789,1
v1.0,10,1,2.741993652,1
v1.0,10,2,3.233665389,1
v1.0,10,3,4.52905671,1
v1.0,11,1,1.082155971,1
v1.0,11,2,6.118957628,1
v1.0,11,3,6.903998917,1
v1.0,12,1,5.443265931,1
v1.0,12,2,9.988050176,1
v1.0,12,3,7.070962936,1
v1.0,13,1,26.71897672,1
v1.0,13,2,24.200339786,1
v1.0,13,3,37.847726052,1
v1.0,14,1,14.004577722,1
v1.0,14,2,53.419368842,1
v1.0,14,3,7.598127785,1
v1.0,15,1,8.698520442,1
v1.0,15,2,61.752415975,1
v1.0,15,3,25.50844709,1
v1.0,16,1,53.041974038,1
v1.0,16,2,67.518686908,1
v1.0,16,3,42.224592985,1
v1.0,17,1,31.171853974,1
v1.0,17,2,55.393574507,1
v1.0,17,3,72.875981893,1
v1.0,18,1,41.914281989,1
v1.0,18,2,315.013490789,1
v1.0,18,3,103.159781886,1
v1.0,19,1,115.646825059,1
v1.0,19,2,353.215389416,1
v1.0,19,3,322.58483828,1
v1.0,20,1,184.453174029,1
v1.0,20,2,220.543074538,1
v1.0,20,3,140.485693964,1
v1.0,4,1,0.00154248,1
v1.0,5,1,0.00476954,1
v1.0,6,1,0.110397129,1
v1.0,6,2,0.044024094,1
v1.0,7,1,0.306912934,1
v1.0,7,2,0.135753093,1
v1.0,8,1,0.495984308,1
v1.0,8,2,0.878322409,1
v1.0,9,1,2.136627115,1
v1.0,9,2,1.148436459,1
v1.0,9,3,0.772493411,1
v1.0,10,1,1.86664787,1
v1.0,10,2,2.09259958,1
v1.0,10,3,1.082110957,1
v1.0,11,1,3.552360192,1
v1.0,11,2,2.940417579,1
v1.0,11,3,5.621410954,1
v1.0,12,1,2.315769534,1
v1.0,12,2,6.240814279,1
v1.0,12,3,13.234010419,1
v1.0,13,1,10.475011206,1
v1.0,13,2,6.15550553,1
v1.0,13,3,30.592198881,1
v1.0,14,1,28.655852319,1
v1.0,14,2,18.787045134,1
v1.0,14,3,31.389548279,1
v1.0,15,1,16.331884053,1
v1.0,15,2,36.653352173,1
v1.0,15,3,11.67175879,1
v1.0,16,1,72.700385745,1
v1.0,16,2,75.044881012,1
v1.0,16,3,19.978543135,1
v1.0,17,1,54.68657081,1
v1.0,17,2,88.143065225,1
v1.0,17,3,52.40889923,1
v1.0,18,1,92.733686034,1
v1.0,18,2,165.914251971,1
v1.0,18,3,101.579725095,1
v1.0,19,1,46.905666253,1
v1.0,19,2,9.177928064,1
v1.0,19,3,231.768184604,1
v1.0,20,1,374.106994234,1
v1.0,20,2,380.512435542,1
v1.0,20,3,176.319396211,1
v1.0,4,1,0.001426151,1
v1.0,5,1,0.02075232,1
v1.0,6,1,0.087324403,1
v1.0,6,2,0.075080457,1
v1.0,7,1,0.251919267,1
v1.0,7,2,0.325207369,1
v1.0,8,1,0.191521523,1
v1.0,8,2,1.443758064,1
v1.0,9,1,3.137905515,1
v1.0,9,2,1.666819138,1
v1.0,9,3,1.047405649,1
v1.0,10,1,2.010893401,1
v1.0,10,2,1.886437607,1
v1.0,10,3,3.482236523,1
v1.0,11,1,1.896609872,1
v1.0,11,2,5.734546972,1
v1.0,11,3,12.308558998,1
v1.0,12,1,11.584460703,1
v1.0,12,2,10.632017954,1
v1.0,12,3,6.480216295,1
v1.0,13,1,21.40584985,1
v1.0,13,2,10.520155915,1
v1.0,13,3,2.812095379,1
v1.0,14,1,20.967621421,1
v1.0,14,2,27.464405504,1
v1.0,14,3,22.986507245,1
v1.0,15,1,17.510416941,1
v1.0,15,2,8.424876705,1
v1.0,15,3,59.088984545,1
v1.0,16,1,32.678231925,1
v1.0,16,2,70.766180728,1
v1.0,16,3,42.019982085,1
v1.0,17,1,16.997486261,1
v1.0,17,2,85.042725105,1
v1.0,17,3,34.991200806,1
v1.0,18,1,96.60459085,1
v1.0,18,2,46.939731303,1
v1.0,18,3,186.382160443,1
v1.0,19,1,157.70349035,1
v1.0,19,2,232.033511933,1
v1.0,19,3,15.961478447,1
v1.0,20,1,86.778175301,1
v1.0,20,2,254.889860076,1
v1.0,20,3,334.06548759,1
v1.0,4,1,0.001279215,1
v1.0,5,1,0.01377363,1
v1.0,6,1,0.056463789,1
v1.0,6,2,0.081562278,1
v1.0,7,1,0.195565977,1
v1.0,7,2,0.219613769,1
v1.0,8,1,0.574918012,1
v1.0,8,2,0.480568825,1
v1.0,9,1,1.577070148,1
v1.0,9,2,1.343855817,1
v1.0,9,3,4.620627559,1
v1.0,10,1,2.928893467,1
v1.0,10,2,1.237310699,1
v1.0,10,3,6.148120045,1
v1.0,11,1,4.100852887,1
v1.0,11,2,5.679825593,1
v1.0,11,3,3.087279005,1
v1.0,12,1,6.866741423,1
v1.0,12,2,22.539473916,1
v1.0,12,3,28.094129786,1
v1.0,13,1,7.80922176,1
v1.0,13,2,6.185025611,1
v1.0,13,3,15.324831326,1
v1.0,14,1,14.979080525,1
v1.0,14,2,7.406367346,1
v1.0,14,3,14.63124908,1
v1.0,15,1,20.546623005,1
v1.0,15,2,60.620734957,1
v1.0,15,3,24.651813541,1
v1.0,16,1,26.8028032,1
v1.0,16,2,41.690709301,1
v1.0,16,3,64.534408519,1
v1.0,17,1,56.686286547,1
v1.0,17,2,79.952293222,1
v1.0,17,3,94.857087694,1
v1.0,18,1,29.52188626,1
v1.0,18,2,187.110325665,1
v1.0,18,3,29.684187843,1
v1.0,19,1,359.564429812,1
v1.0,19,2,236.771274987,1
v1.0,19,3,244.878690908,1
v1.0,20,1,190.795981715,1
v1.0,20,2,55.121820774,1
v1.0,20,3,207.035767112,1
v1.0,4,1,0.001784036,1
v1.0,5,1,0.009053198,1
v1.0,6,1,0.028748645,1
v1.0,6,2,0.254231767,1
v1.0,7,1,0.133722199,1
v1.0,7,2,0.258915716,1
v1.0,8,1,0.136442104,1
v1.0,8,2,0.2833515,1
v1.0,9,1,0.848335241,1
v1.0,9,2,1.213920834,1
v1.0,9,3,3.854280251,1
v1.0,10,1,1.874168051,1
v1.0,10,2,6.980411893,1
v1.0,10,3,7.288443258,1
v1.0,11,1,3.682682946,1
v1.0,11,2,3.024124539,1
v1.0,11,3,12.220980965,1
v1.0,12,1,12.169143687,1
v1.0,12,2,9.973196005,1
v1.0,12,3,13.242629944,1
v1.0,13,1,10.050975273,1
v1.0,13,2,37.732563769,1
v1.0,13,3,18.960072623,1
v1.0,14,1,21.07055616,1
v1.0,14,2,29.76358039,1
v1.0,14,3,43.674119007,1
v1.0,15,1,27.70083407,1
v1.0,15,2,33.364104002,1
v1.0,15,3,60.874825965,1
v1.0,16,1,33.898761585,1
v1.0,16,2,124.669621855,1
v1.0,16,3,98.768800008,1
v1.0,17,1,56.521425489,1
v1.0,17,3,118.051050747,1
v1.0,18,1,71.116836785,1
v1.0,18,2,118.707238146,1
v1.0,18,3,157.182836005,1
v1.0,19,1,239.943336956,1
v1.0,19,2,170.924029278,1
v1.0,19,3,100.043815631,1
v1.0,20,1,38.211345813,1
v1.0,20,2,102.683825161,1
v1.0,20,3,54.379050495,1
v1.0,4,1,0.001046375,1
v1.0,5,1,0.016056275,1
v1.0,6,1,0.062985983,1
v1.0,6,2,0.018772371,1
v1.0,7,1,0.139645966,1
v1.0,7,2,0.456970456,1
v1.0,8,1,0.648954533,1
v1.0,8,2,0.4268112,1
v1.0,9,1,0.878037285,1
v1.0,9,2,0.512259455,1
v1.0,9,3,2.060291732,1
v1.0,10,1,3.27015344,1
v1.0,10,2,1.261846887,1
v1.0,10,3,12.337507053,1
v1.0,11,1,3.709519536,1
v1.0,11,2,4.716870908,1
v1.0,11,3,7.435825938,1
v1.0,12,1,8.18646596,1
v1.0,12,2,2.699084896,1
v1.0,12,3,13.196897795,1
v1.0,13,1,4.728470871,1
v1.0,13,2,29.831051774,1
v1.0,13,3,31.265772323,1
v1.0,14,1,9.88639064,1
v1.0,14,2,6.03801014,1
v1.0,14,3,56.293836963,1
v1.0,15,1,6.170012456,1
v1.0,15,2,16.592183382,1
v1.0,15,3,40.068201362,1
v1.0,16,1,40.503570155,1
v1.0,16,2,53.245593121,1
v1.0,16,3,97.227151899,1
v1.0,17,1,130.859557051,1
v1.0,17,2,152.825499606,1
v1.0,17,3,158.774610819,1
v1.0,18,1,125.814173349,1
v1.0,18,2,34.931813706,1
v1.0,18,3,90.315843827,1
v1.0,19,1,31.88912936,1
v1.0,19,2,186.571795365,1
v1.0,19,3,50.076216869,1
v1.0,20,1,241.626008417,1
v1.0,20,2,130.554246998,1
v1.0,20,3,166.549807394,1
v1.0,4,1,0.00148071,1
v1.0,5,1,0.013930493,1
v1.0,6,1,0.119627232,1
v1.0,7,1,0.216540106,1
v1.0,7,2,0.436073699,1
v1.0,8,1,0.30146536,1
v1.0,8,2,1.924028328,1
v1.0,9,1,0.832978656,1
v1.0,9,2,2.666410595,1
v1.0,9,3,3.189434169,1
v1.0,10,1,5.242988478,1
v1.0,10,2,4.632882427,1
v1.0,10,3,4.903869875,1
v1.0,11,1,3.51576191,1
v1.0,11,2,7.20608159,1
v1.0,11,3,11.21398716,1
v1.0,12,1,2.609429097,1
v1.0,12,2,24.957195426,1
v1.0,12,3,5.872287934,1
v1.0,13,1,8.179274636,1
v1.0,13,2,17.234792549,1
v1.0,13,3,4.408974204,1
v1.0,14,1,20.260216376,1
v1.0,14,2,18.16715709,1
v1.0,14,3,2.16444677,1
v1.0,15,1,50.724683653,1
v1.0,15,2,59.361371874,1
v1.0,15,3,20.653208479,1
v1.0,16,1,51.057128142,1
v1.0,16,2,49.80696869,1
v1.0,16,3,61.659192488,1
v1.0,17,1,30.238454427,1
v1.0,17,2,63.085863837,1
v1.0,17,3,57.775553573,1
v1.0,18,1,88.676047562,1
v1.0,18,2,49.517559152,1
v1.0,18,3,124.037114257,1
v1.0,19,1,191.198847007,1
v1.0,19,2,66.34173544,1
v1.0,19,3,54.373876949,1
v1.0,20,1,234.755348278,1
v1.0,20,2,233.446985379,1
v1.0,20,3,143.293336084,1
v1.0,4,1,0.001759476,1
v1.0,5,1,0.015133816,1
v1.0,6,1,0.048618987,1
v1.0,7,1,0.188951044,1
v1.0,7,2,0.204834525,1
v1.0,8,1,0.675148253,1
v1.0,8,2,0.353522815,1
v1.0,9,1,1.013088024,1
v1.0,9,2,3.401677927,1
v1.0,9,3,2.326018906,1
v1.0,10,1,1.555601603,1
v1.0,10,2,2.718765584,1
v1.0,10,3,2.682816648,1
v1.0,11,1,6.096690983,1
v1.0,11,2,10.193216532,1
v1.0,11,3,8.017068359,1
v1.0,12,1,10.233834215,1
v1.0,12,2,2.281800033,1
v1.0,12,3,18.177820737,1
v1.0,13,1,48.286257255,1
v1.0,13,2,12.343204349,1
v1.0,13,3,9.466854944,1
v1.0,14,1,8.821545862,1
v1.0,14,2,18.434098306,1
v1.0,14,3,19.401458366,1
v1.0,15,1,19.41411237,1
v1.0,15,2,51.988511904,1
v1.0,15,3,12.544561878,1
v1.0,16,1,63.453210136,1
v1.0,16,2,57.318298774,1
v1.0,16,3,56.919305864,1
v1.0,17,1,102.345131339,1
v1.0,17,2,119.448307167,1
v1.0,17,3,76.565509833,1
v1.0,18,1,6.809714197,1
v1.0,18,2,108.603611936,1
v1.0,18,3,192.916837256,1
v1.0,19,1,237.100126371,1
v1.0,19,2,83.053852971,1
v1.0,19,3,190.136427417,1
v1.0,20,1,161.267315622,1
v1.0,20,2,324.60288317,1
v1.0,20,3,211.484554896,1
v1.0,4,1,0.001543436,1
v1.0,5,1,0.008520133,1
v1.0,6,1,0.036882612,1
v1.0,6,2,0.101753264,1
v1.0,7,1,0.320458993,1
v1.0,7,2,0.156004868,1
v1.0,8,1,0.60321673,1
v1.0,8,2,0.175615044,1
v1.0,9,1,0.768158522,1
v1.0,9,2,2.581728315,1
v1.0,9,3,0.157423345,1
v1.0,10,1,1.563363338,1
v1.0,10,2,2.520337688,1
v1.0,10,3,2.504168694,1
v1.0,11,1,4.481710143,1
v1.0,11,2,5.536808672,1
v1.0,11,3,4.933766106,1
v1.0,12,1,2.398649568,1
v1.0,12,2,6.927273325,1
v1.0,12,3,4.605040873,1
v1.0,13,1,17.611920001,1
v1.0,13,2,13.671897137,1
v1.0,13,3,14.300956797,1
v1.0,14,1,8.517519831,1
v1.0,14,2,5.49550562,1
v1.0,14,3,10.99528231,1
v1.0,15,1,47.280099072,1
v1.0,15,2,94.462289455,1
v1.0,15,3,113.259425515,1
v1.0,16,1,47.268265945,1
v1.0,16,2,100.875668545,1
v1.0,16,3,79.124009564,1
v1.0,17,1,94.347602913,1
v1.0,17,2,74.338307396,1
v1.0,17,3,31.776232835,1
v1.0,18,1,83.124142831,1
v1.0,18,2,150.392859846,1
v1.0,18,3,181.771625899,1
v1.0,19,1,44.688054912,1
v1.0,19,2,33.468535619,1
v1.0,19,3,289.797874058,1
v1.0,20,1,204.70949244,1
v1.0,20,2,252.823694226,1
v1.0,20,3,187.844697507,1
v1.0,4,1,0.001545009,1
v1.0,5,1,0.013579962,1
v1.0,6,1,0.110507189,1
v1.0,6,2,0.083893769,1
v1.0,7,1,0.279888696,1
v1.0,7,2,0.377880978,1
v1.0,8,1,0.186862339,1
v1.0,8,2,0.453866177,1
v1.0,9,1,2.330759104,1
v1.0,9,2,2.446569016,1
v1.0,9,3,5.849963051,1
v1.0,10,1,2.247138362,1
v1.0,10,2,2.697102708,1
v1.0,10,3,2.579306545,1
v1.0,11,1,5.604654162,1
v1.0,11,2,3.575848427,1
v1.0,11,3,3.037402404,1
v1.0,12,1,5.208795749,1
v1.0,12,2,15.239501107,1
v1.0,12,3,7.5620434,1
v1.0,13,1,28.55245299,1
v1.0,13,2,10.158378588,1
v1.0,13,3,52.841689067,1
v1.0,14,1,20.52312403,1
v1.0,14,2,15.105640541,1
v1.0,14,3,38.482932081,1
v1.0,15,1,8.736724659,1
v1.0,15,2,11.870189839,1
v1.0,15,3,55.696373832,1
v1.0,16,1,113.715540015,1
v1.0,16,2,39.170732688,1
v1.0,16,3,116.212288228,1
v1.0,17,1,75.643038448,1
v1.0,17,2,121.202934183,1
v1.0,17,3,6.386683752,1
v1.0,18,1,17.938738994,1
v1.0,18,2,129.900549714,1
v1.0,18,3,26.869411324,1
v1.0,19,1,70.981670717,1
v1.0,19,2,156.215654219,1
v1.0,19,3,475.042710572,1
v1.0,20,1,143.076194098,1
v1.0,20,2,180.209990734,1
v1.0,20,3,300.146784106,1
v1.0,4,1,0.001383184,1
v1.0,5,1,0.010838288,1
v1.0,6,1,0.117024257,1
v1.0,6,2,0.079894283,1
v1.0,7,1,0.121407336,1
v1.0,7,2,0.039170964,1
v1.0,8,1,0.177533131,1
v1.0,8,2,0.821942749,1
v1.0,9,1,0.588310996,1
v1.0,9,2,1.654859174,1
v1.0,9,3,2.381253696,1
v1.0,10,1,1.051778734,1
v1.0,10,2,8.357587458,1
v1.0,10,3,3.545652384,1
v1.0,11,1,3.666298151,1
v1.0,11,2,2.17067131,1
v1.0,11,3,4.948107075,1
v1.0,12,1,5.375616174,1
v1.0,12,2,4.184451118,1
v1.0,12,3,10.497277824,1
v1.0,13,1,1.040267878,1
v1.0,13,2,24.04891131,1
v1.0,13,3,7.420493365,1
v1.0,14,1,24.792552174,1
v1.0,14,2,22.576367544,1
v1.0,14,3,9.801392702,1
v1.0,15,1,39.935168775,1
v1.0,15,2,18.801377421,1
v1.0,15,3,5.299219982,1
v1.0,16,1,5.087044123,1
v1.0,16,2,18.674177355,1
v1.0,16,3,57.848173576,1
v1.0,17,1,54.446119303,1
v1.0,17,2,73.229266239,1
v1.0,17,3,38.781620668,1
v1.0,18,1,6.711421349,1
v1.0,18,2,109.008963265,1
v1.0,18,3,285.651304118,1
v1.0,19,1,158.824415012,1
v1.0,19,2,129.074404354,1
v1.0,19,3,496.48632078,1
v1.0,20,1,228.977328941,1
v1.0,20,2,279.346329018,1
v1.0,20,3,185.203565163,1
v1.0,4,1,0.001567238,1
v1.0,5,1,0.011856789,1
v1.0,6,1,0.093829029,1
v1.0,6,2,0.109840043,1
v1.0,7,1,0.169272183,1
v1.0,7,2,0.211850817,1
v1.0,8,1,1.029751838,1
v1.0,8,2,1.267295478,1
v1.0,9,1,0.830481471,1
v1.0,9,2,3.339215525,1
v1.0,9,3,0.960363936,1
v1.0,10,1,1.985357292,1
v1.0,10,2,2.678435044,1
v1.0,10,3,11.06088843,1
v1.0,11,1,7.691138743,1
v1.0,11,2,8.263673603,1
v1.0,11,3,12.875342456,1
v1.0,12,1,4.381476747,1
v1.0,12,2,9.644209423,1
v1.0,12,3,1.720532178,1
v1.0,13,1,38.447310894,1
v1.0,13,2,20.608227045,1
v1.0,13,3,25.512087719,1
v1.0,14,1,20.753025956,1
v1.0,14,2,18.094835627,1
v1.0,14,3,57.762825477,1
v1.0,15,1,9.588664251,1
v1.0,15,2,59.855847352,1
v1.0,15,3,35.333706537,1
v1.0,16,1,28.368049807,1
v1.0,16,2,63.1777121,1
v1.0,16,3,64.30079618,1
v1.0,17,1,16.184064892,1
v1.0,17,2,52.879401578,1
v1.0,17,3,52.740398605,1
v1.0,18,1,5.763973623,1
v1.0,18,2,95.969613606,1
v1.0,18,3,34.526942486,1
v1.0,19,1,125.3078274,1
v1.0,19,2,164.574644254,1
v1.0,19,3,192.684456678,1
v1.0,20,1,118.839037323,1
v1.0,20,2,402.55923086,1
v1.0,20,3,405.911392574,1
v1.0,4,1,0.00136223,1
v1.0,5,1,0.049496532,1
v1.0,6,1,0.058697426,1
v1.0,6,2,0.165489695,1
v1.0,7,1,0.13400189,1
v1.0,7,2,0.86667108,1
v1.0,8,1,0.53910531,1
v1.0,8,2,0.499280027,1
v1.0,9,1,0.558457274,1
v1.0,9,2,2.177837096,1
v1.0,9,3,0.912028921,1
v1.0,10,1,2.113556261,1
v1.0,10,2,1.483977989,1
v1.0,10,3,7.317695351,1
v1.0,11,1,4.579581655,1
v1.0,11,2,2.512115082,1
v1.0,11,3,3.194349168,1
v1.0,12,1,11.649844045,1
v1.0,12,2,11.8931926,1
v1.0,12,3,13.809166352,1
v1.0,13,1,2.798868526,1
v1.0,13,2,7.823248226,1
v1.0,13,3,28.213669159,1
v1.0,14,1,11.293804594,1
v1.0,14,2,34.73279157,1
v1.0,14,3,21.445779119,1
v1.0,15,1,66.216948846,1
v1.0,15,2,32.464109377,1
v1.0,15,3,56.027960506,1
v1.0,16,1,69.823663245,1
v1.0,16,2,39.495037783,1
v1.0,16,3,76.310941283,1
v1.0,17,1,96.414176634,1
v1.0,17,2,54.089446011,1
v1.0,17,3,131.309322576,1
v1.0,18,1,84.085944798,1
v1.0,18,2,188.643034935,1
v1.0,18,3,20.355093019,1
v1.0,19,1,102.134423214,1
v1.0,19,2,121.270920071,1
v1.0,19,3,250.86759413,1
v1.0,20,1,114.398770046,1
v1.0,20,2,205.190520129,1
v1.0,20,3,226.428176514,1
v1.0,4,1,0.001499142,1
v1.0,5,1,0.009411704,1
v1.0,6,1,0.025859822,1
v1.0,6,2,0.068112408,1
v1.0,7,1,0.234898768,1
v1.0,7,2,0.300126981,1
v1.0,8,1,0.401057818,1
v1.0,8,2,0.359421329,1
v1.0,9,1,1.241115261,1
v1.0,9,2,1.944817811,1
v1.0,9,3,1.143596446,1
v1.0,10,1,1.55669723,1
v1.0,10,2,3.372327085,1
v1.0,10,3,2.296417835,1
v1.0,11,1,4.739472666,1
v1.0,11,2,2.611933446,1
v1.0,11,3,10.067374699,1
v1.0,12,1,10.92508873,1
v1.0,12,2,6.426870178,1
v1.0,12,3,11.021613315,1
v1.0,13,1,22.332740417,1
v1.0,13,2,30.138133274,1
v1.0,13,3,5.526370051,1
v1.0,14,1,19.861161148,1
v1.0,14,2,22.587508866,1
v1.0,14,3,25.689958893,1
v1.0,15,1,7.554358525,1
v1.0,15,2,16.864323846,1
v1.0,15,3,10.137438905,1
v1.0,16,1,60.726116924,1
v1.0,16,2,70.446742795,1
v1.0,16,3,76.804334737,1
v1.0,17,1,64.981685364,1
v1.0,17,2,96.897281818,1
v1.0,17,3,72.281036077,1
v1.0,18,1,43.610337828,1
v1.0,18,2,91.035732642,1
v1.0,18,3,10.128988235,1
v1.0,19,1,316.881861415,1
v1.0,19,2,166.967183749,1
v1.0,19,3,160.177622254,1
v1.0,20,1,230.381581523,1
v1.0,20,2,142.644829982,1
v1.0,20,3,240.285017842,1
v1.0,4,1,0.001616858,1
v1.0,5,1,0.007981449,1
v1.0,6,1,0.035097117,1
v1.0,6,2,0.166033821,1
v1.0,7,1,0.180969253,1
v1.0,7,2,0.432683103,1
v1.0,8,1,0.465937759,1
v1.0,8,2,0.178683925,1
v1.0,9,1,2.281899551,1
v1.0,9,2,3.367785145,1
v1.0,9,3,1.200617752,1
v1.0,10,1,2.361623025,1
v1.0,10,2,2.756231453,1
v1.0,10,3,5.954943756,1
v1.0,11,1,2.099002381,1
v1.0,11,2,9.127561062,1
v1.0,11,3,5.443730814,1
v1.0,12,1,6.168720147,1
v1.0,12,2,14.913261631,1
v1.0,12,3,8.245940799,1
v1.0,13,1,14.881619184,1
v1.0,13,2,22.625967634,1
v1.0,13,3,23.958273253,1
v1.0,14,1,29.443470031,1
v1.0,14,2,45.94089975,1
v1.0,14,3,8.100756959,1
v1.0,15,1,44.007405775,1
v1.0,15,2,14.149516951,1
v1.0,15,3,20.629944555,1
v1.0,16,1,37.669031322,1
v1.0,16,2,6.026875565,1
v1.0,16,3,26.505493042,1
v1.0,17,1,56.497251812,1
v1.0,17,2,53.247778641,1
v1.0,17,3,116.209508549,1
v1.0,18,1,33.136656641,1
v1.0,18,2,97.515501963,1
v1.0,18,3,315.324383946,1
v1.0,19,1,227.66318255,1
v1.0,19,2,188.197747897,1
v1.0,19,3,430.649269336,1
v1.0,20,1,47.926513054,1
v1.0,20,2,156.425829775,1
v1.0,20,3,573.261197539,1
v1.0,4,1,0.0013309,1
v1.0,5,1,0.01379434,1
v1.0,6,1,0.050646674,1
v1.0,7,1,0.57650152,1
v1.0,7,2,0.186671145,1
v1.0,8,1,0.459211713,1
v1.0,8,2,0.748586632,1
v1.0,9,1,0.927721315,1
v1.0,9,2,2.609930462,1
v1.0,9,3,5.920518833,1
v1.0,10,1,2.687360737,1
v1.0,10,2,3.144880565,1
v1.0,10,3,2.338009242,1
v1.0,11,1,6.644508619,1
v1.0,11,2,29.770141497,1
v1.0,11,3,7.810848863,1
v1.0,12,1,9.050424031,1
v1.0,12,2,7.044744718,1
v1.0,12,3,1.690126251,1
v1.0,13,1,11.254091904,1
v1.0,13,2,10.254834764,1
v1.0,13,3,38.500228475,1
v1.0,14,1,27.745216082,1
v1.0,14,2,37.331717787,1
v1.0,14,3,42.525478993,1
v1.0,15,1,21.7398155,1
v1.0,15,2,35.637697986,1
v1.0,15,3,13.52679697,1
v1.0,16,1,53.724283454,1
v1.0,16,2,106.600215337,1
v1.0,16,3,107.689679574,1
v1.0,17,1,56.377623243,1
v1.0,17,2,13.985909698,1
v1.0,17,3,45.940341305,1
v1.0,18,1,142.68032537,1
v1.0,18,2,129.918458402,1
v1.0,18,3,142.854993481,1
v1.0,19,1,122.023924109,1
v1.0,19,2,35.677092803,1
v1.0,19,3,330.027975045,1
v1.0,20,1,197.547316616,1
v1.0,20,2,219.240058293,1
v1.0,20,3,308.130676199,1
v1.0,4,1,0.001409562,1
v1.0,5,1,0.01094447,1
v1.0,6,1,0.018335221,1
v1.0,6,2,0.064869257,1
v1.0,7,1,0.156290509,1
v1.0,7,2,0.490399721,1
v1.0,8,1,0.332355112,1
v1.0,8,2,0.249877124,1
v1.0,9,1,1.017768632,1
v1.0,9,2,3.07834488,1
v1.0,9,3,1.215123372,1
v1.0,10,1,1.072770968,1
v1.0,10,2,8.665539355,1
v1.0,10,3,3.654510782,1
v1.0,11,1,5.930560971,1
v1.0,11,2,10.516729753,1
v1.0,11,3,22.474223174,1
v1.0,12,1,6.158716221,1
v1.0,12,2,3.673658344,1
v1.0,12,3,17.279381743,1
v1.0,13,1,15.832231122,1
v1.0,13,2,11.631175159,1
v1.0,13,3,16.529943573,1
v1.0,14,1,31.99862109,1
v1.0,14,2,10.069417357,1
v1.0,14,3,11.786994443,1
v1.0,15,1,20.155414061,1
v1.0,15,2,61.993321718,1
v1.0,15,3,33.102540474,1
v1.0,16,1,67.784695091,1
v1.0,16,2,84.714393575,1
v1.0,16,3,23.696576323,1
v1.0,17,1,31.783974801,1
v1.0,17,2,77.995256353,1
v1.0,17,3,81.947692091,1
v1.0,18,1,113.439983385,1
v1.0,18,2,97.10007252,1
v1.0,18,3,355.615411874,1
v1.0,19,1,192.404571577,1
v1.0,19,2,46.096001014,1
v1.0,19,3,78.110096036,1
v1.0,20,1,46.192020756,1
v1.0,20,2,13.512950616,1
v1.0,20,3,570.947747601,1
v1.0,4,1,0.001512405,1
v1.0,5,1,0.024507291,1
v1.0,6,1,0.029246835,1
v1.0,6,2,0.129797292,1
v1.0,7,1,0.155041932,1
v1.0,7,2,0.120395501,1
v1.0,8,1,0.669835453,1
v1.0,8,2,1.024689522,1
v1.0,9,1,0.226573459,1
v1.0,9,2,0.286472626,1
v1.0,9,3,2.669693163,1
v1.0,10,1,3.420165465,1
v1.0,10,2,2.302908233,1
v1.0,10,3,9.606970228,1
v1.0,11,1,9.750115618,1
v1.0,11,2,0.521879607,1
v1.0,11,3,2.237104184,1
v1.0,12,1,2.271448855,1
v1.0,12,2,11.730469746,1
v1.0,12,3,12.762556632,1
v1.0,13,1,36.350401102,1
v1.0,13,2,20.382440429,1
v1.0,13,3,6.37050306,1
v1.0,14,1,29.685913985,1
v1.0,14,2,31.590023052,1
v1.0,14,3,2.939318245,1
v1.0,15,1,25.703302742,1
v1.0,15,2,9.546719237,1
v1.0,15,3,24.607557451,1
v1.0,16,1,26.432096093,1
v1.0,16,2,4.063646004,1
v1.0,16,3,34.678659659,1
v1.0,17,1,78.578599601,1
v1.0,17,2,112.231786991,1
v1.0,17,3,4.809832545,1
v1.0,18,1,33.353867975,1
v1.0,18,2,30.940280407,1
v1.0,18,3,87.715872127,1
v1.0,19,1,156.067316292,1
v1.0,19,2,67.796412271,1
v1.0,19,3,12.482559819,1
v1.0,20,1,233.053496002,1
v1.0,20,2,98.052528948,1
v1.0,20,3,67.42349176,1
v1.0,4,1,0.001517838,1
v1.0,5,1,0.023657266,1
v1.0,6,1,0.043905023,1
v1.0,6,2,0.062421726,1
v1.0,7,1,0.12606817,1
v1.0,7,2,0.283933055,1
v1.0,8,1,0.291598312,1
v1.0,8,2,0.626336149,1
v1.0,9,1,1.550319118,1
v1.0,9,2,1.952111202,1
v1.0,9,3,0.706784169,1
v1.0,10,1,1.411787787,1
v1.0,10,2,9.674400443,1
v1.0,10,3,4.7783057,1
v1.0,11,1,2.038861691,1
v1.0,11,2,5.212424789,1
v1.0,11,3,3.603614433,1
v1.0,12,1,12.174573983,1
v1.0,12,2,6.225242293,1
v1.0,12,3,15.745166714,1
v1.0,13,1,9.653886938,1
v1.0,13,2,10.790768165,1
v1.0,13,3,22.619702124,1
v1.0,14,1,8.201092458,1
v1.0,14,2,22.547875111,1
v1.0,14,3,43.843507243,1
v1.0,15,1,72.959371107,1
v1.0,15,2,35.086617468,1
v1.0,15,3,35.122275458,1
v1.0,16,1,36.425525319,1
v1.0,16,2,62.661097235,1
v1.0,16,3,24.877736824,1
v1.0,17,1,115.788777177,1
v1.0,17,2,55.700040214,1
v1.0,17,3,58.803789384,1
v1.0,18,1,22.425936918,1
v1.0,18,2,277.508774946,1
v1.0,18,3,136.364681421,1
v1.0,19,1,71.96051695,1
v1.0,19,2,89.754800714,1
v1.0,19,3,147.942334115,1
v1.0,20,1,118.791453445,1
v1.0,20,2,208.319619122,1
v1.0,20,3,110.647719112,1
v1.0,4,1,0.001435809,1
v1.0,5,1,0.039278919,1
v1.0,6,1,0.062469025,1
v1.0,6,2,0.015002355,1
v1.0,7,1,0.188511914,1
v1.0,7,2,0.060310356,1
v1.0,8,1,0.304730854,1
v1.0,8,2,0.086569143,1
v1.0,9,1,2.185824552,1
v1.0,9,2,0.689315046,1
v1.0,9,3,2.949597835,1
v1.0,10,1,1.838384787,1
v1.0,10,2,2.822559183,1
v1.0,10,3,0.516131225,1
v1.0,11,1,3.626643205,1
v1.0,11,2,5.021877572,1
v1.0,11,3,6.564679861,1
v1.0,12,1,7.687224142,1
v1.0,12,2,8.165465191,1
v1.0,12,3,8.620538046,1
v1.0,13,1,12.261519728,1
v1.0,13,2,11.248164006,1
v1.0,13,3,11.690245362,1
v1.0,14,1,14.703161689,1
v1.0,14,2,14.872311153,1
v1.0,14,3,38.825382107,1
v1.0,15,1,40.473159317,1
v1.0,15,2,78.752326411,1
v1.0,15,3,26.121112561,1
v1.0,16,1,41.153757926,1
v1.0,16,2,17.913210585,1
v1.0,16,3,30.204128762,1
v1.0,17,1,45.230941959,1
v1.0,17,2,89.077671939,1
v1.0,17,3,41.252496207,1
v1.0,18,1,144.357278891,1
v1.0,18,2,57.110329221,1
v1.0,18,3,183.862201794,1
v1.0,19,1,98.761837749,1
v1.0,19,2,306.172933207,1
v1.0,19,3,41.971964492,1
v1.0,20,1,197.317725726,1
v1.0,20,2,49.524166133,1
v1.0,20,3,290.846561257,1
v1.0,4,1,0.001507253,1
v1.0,5,1,0.016500955,1
v1.0,6,1,0.068564139,1
v1.0,7,1,0.451445876,1
v1.0,7,2,0.172744935,1
v1.0,8,1,0.432732353,1
v1.0,8,2,0.704147382,1
v1.0,9,1,1.193462903,1
v1.0,9,2,1.763416482,1
v1.0,9,3,2.696969703,1
v1.0,10,1,3.183131969,1
v1.0,10,2,1.495300782,1
v1.0,10,3,16.018344664,1
v1.0,11,1,2.424387743,1
v1.0,11,2,6.284042961,1
v1.0,11,3,10.032961847,1
v1.0,12,1,10.147255332,1
v1.0,12,2,6.047748046,1
v1.0,12,3,21.208403291,1
v1.0,13,1,13.598532613,1
v1.0,13,2,26.177623102,1
v1.0,13,3,19.461982754,1
v1.0,14,1,18.651585588,1
v1.0,14,2,13.811254841,1
v1.0,14,3,48.548407999,1
v1.0,15,1,24.447774813,1
v1.0,15,2,28.894274575,1
v1.0,15,3,18.105064523,1
v1.0,16,1,99.308880153,1
v1.0,16,2,93.500232222,1
v1.0,16,3,130.016821159,1
v1.0,17,1,119.302661738,1
v1.0,17,2,89.326985398,1
v1.0,17,3,224.933747248,1
v1.0,18,1,74.42340204,1
v1.0,18,2,9.876808319,1
v1.0,18,3,321.592273177,1
v1.0,19,1,167.264228472,1
v1.0,19,2,132.960438494,1
v1.0,19,3,187.286713597,1
v1.0,20,1,249.94752695,1
v1.0,20,2,369.522282202,1
v1.0,20,3,61.891444784,1
v1.0,4,1,0.001005827,1
v1.0,5,1,0.010050554,1
v1.0,6,1,0.03863885,1
v1.0,6,2,0.112558625,1
v1.0,7,1,0.366615573,1
v1.0,7,2,0.446083916,1
v1.0,8,1,0.228503401,1
v1.0,8,2,0.765832111,1
v1.0,9,1,0.8522531,1
v1.0,9,2,1.3367362,1
v1.0,9,3,4.604641815,1
v1.0,10,1,2.302189378,1
v1.0,10,2,1.113282102,1
v1.0,10,3,2.506319219,1
v1.0,11,1,4.77818824,1
v1.0,11,2,5.221458105,1
v1.0,11,3,7.479099254,1
v1.0,12,1,5.006824125,1
v1.0,12,2,21.810654348,1
v1.0,12,3,14.821798473,1
v1.0,13,1,11.941434033,1
v1.0,13,2,7.825491208,1
v1.0,13,3,1.761973784,1
v1.0,14,1,12.444769211,1
v1.0,14,2,36.808450797,1
v1.0,14,3,24.260956259,1
v1.0,15,1,29.495467446,1
v1.0,15,2,31.670861947,1
v1.0,15,3,60.590891732,1
v1.0,16,1,61.269776859,1
v1.0,16,2,49.066895403,1
v1.0,16,3,170.21731944,1
v1.0,17,1,209.370663973,1
v1.0,17,2,119.707726037,1
v1.0,17,3,91.381733094,1
v1.0,18,1,165.398500459,1
v1.0,18,2,41.34373872,1
v1.0,18,3,332.315424086,1
v1.0,19,1,177.561833732,1
v1.0,19,2,187.284707241,1
v1.0,19,3,212.641920488,1
v1.0,20,1,116.425094652,1
v1.0,20,2,241.493385788,1
v1.0,20,3,498.559181664,1
v1.0,4,1,0.001937984,1
v1.0,5,1,0.027952345,1
v1.0,6,1,0.08042264,1
v1.0,6,2,0.105763794,1
v1.0,7,1,0.313973304,1
v1.0,7,2,0.263973405,1
v1.0,8,1,0.28817409,1
v1.0,8,2,0.807609186,1
v1.0,9,1,0.565726442,1
v1.0,9,2,1.694715288,1
v1.0,9,3,0.628579469,1
v1.0,10,1,3.812734072,1
v1.0,10,2,3.306309644,1
v1.0,10,3,6.248664214,1
v1.0,11,1,5.761804255,1
v1.0,11,2,6.4436328,1
v1.0,11,3,3.344761816,1
v1.0,12,1,16.581304941,1
v1.0,12,2,3.840903918,1
v1.0,12,3,12.343300247,1
v1.0,13,1,13.765967044,1
v1.0,13,2,23.221079141,1
v1.0,13,3,18.760000853,1
v1.0,14,1,12.035555759,1
v1.0,14,2,20.916887821,1
v1.0,14,3,93.770902527,1
v1.0,15,1,1.395733157,1
v1.0,15,2,20.172485531,1
v1.0,15,3,34.099319221,1
v1.0,16,1,27.502275423,1
v1.0,16,2,96.666357221,1
v1.0,16,3,91.379589649,1
v1.0,17,1,23.238069723,1
v1.0,17,2,135.475283938,1
v1.0,17,3,251.688538476,1
v1.0,18,1,34.528480556,1
v1.0,18,2,95.989139311,1
v1.0,18,3,75.872604962,1
v1.0,19,1,46.395908838,1
v1.0,19,2,260.463692683,1
v1.0,19,3,297.170519047,1
v1.0,20,1,168.113453773,1
v1.0,20,2,404.831544334,1
v1.0,20,3,204.13687753,1
v1.0,4,1,0.001162708,1
v1.0,5,1,0.025271315,1
v1.0,6,1,0.068032464,1
v1.0,6,2,0.087521942,1
v1.0,7,1,0.336941552,1
v1.0,7,2,0.11441128,1
v1.0,8,1,0.121473713,1
v1.0,8,2,0.362226171,1
v1.0,9,1,0.589888389,1
v1.0,9,2,1.396424656,1
v1.0,9,3,1.088673883,1
v1.0,10,1,3.975075619,1
v1.0,10,2,8.212179719,1
v1.0,10,3,1.861785923,1
v1.0,11,1,5.421087279,1
v1.0,11,2,2.059152406,1
v1.0,11,3,6.452059693,1
v1.0,12,1,7.891481205,1
v1.0,12,2,22.590763482,1
v1.0,12,3,49.687555709,1
v1.0,13,1,26.70817371,1
v1.0,13,2,24.83334667,1
v1.0,13,3,32.326183086,1
v1.0,14,1,37.884511053,1
v1.0,14,2,8.604970582,1
v1.0,14,3,64.405932553,1
v1.0,15,1,41.261150317,1
v1.0,15,2,20.410311585,1
v1.0,15,3,44.325086848,1
v1.0,16,1,21.681670071,1
v1.0,16,2,91.143385224,1
v1.0,16,3,14.518953656,1
v1.0,17,1,26.177077709,1
v1.0,17,2,100.114593214,1
v1.0,17,3,162.044252825,1
v1.0,18,1,210.838449013,1
v1.0,18,2,93.70138368,1
v1.0,18,3,192.213242814,1
v1.0,19,1,91.508667556,1
v1.0,19,2,252.377677687,1
v1.0,19,3,253.039005823,1
v1.0,20,1,278.05062958,1
v1.0,20,2,189.945116155,1
v1.0,20,3,82.421021308,1
v1.0,4,1,0.00197799,1
v1.0,5,1,0.034173204,1
v1.0,6,1,0.118701366,1
v1.0,6,2,0.101305354,1
v1.0,7,1,0.154113266,1
v1.0,7,2,0.259924135,1
v1.0,8,1,0.247211844,1
v1.0,8,2,0.435407233,1
v1.0,9,1,2.021118428,1
v1.0,9,2,2.971786839,1
v1.0,9,3,0.265651615,1
v1.0,10,1,2.742159286,1
v1.0,10,2,5.076960891,1
v1.0,10,3,2.758088515,1
v1.0,11,1,5.953803243,1
v1.0,11,2,8.036940848,1
v1.0,11,3,6.676938751,1
v1.0,12,1,20.08591317,1
v1.0,12,2,6.850359577,1
v1.0,12,3,26.058959718,1
v1.0,13,1,14.459175586,1
v1.0,13,2,19.092067998,1
v1.0,13,3,33.215928971,1
v1.0,14,1,28.731532125,1
v1.0,14,2,48.56491055,1
v1.0,14,3,27.760247122,1
v1.0,15,1,32.008550789,1
v1.0,15,2,51.809427557,1
v1.0,15,3,64.433806293,1
v1.0,16,1,68.777478126,1
v1.0,16,2,23.294316574,1
v1.0,16,3,21.409653027,1
v1.0,17,1,44.794543911,1
v1.0,17,2,51.164427117,1
v1.0,17,3,22.269494917,1
v1.0,18,1,13.879060211,1
v1.0,18,2,131.366383246,1
v1.0,18,3,10.83450724,1
v1.0,19,1,95.819273231,1
v1.0,19,2,260.140492631,1
v1.0,19,3,121.810285718,1
v1.0,20,1,125.965423069,1
v1.0,20,2,170.045314776,1
v1.0,20,3,60.385682231,1
v1.0,4,1,0.001362377,1
v1.0,5,1,0.015070743,1
v1.0,6,1,0.035801279,1
v1.0,7,1,0.16626466,1
v1.0,7,2,0.295752854,1
v1.0,8,1,0.203932016,1
v1.0,8,2,0.71096073,1
v1.0,9,1,0.871962632,1
v1.0,9,2,1.655434944,1
v1.0,9,3,3.149201361,1
v1.0,10,1,2.250531533,1
v1.0,10,2,4.991734135,1
v1.0,10,3,3.917105301,1
v1.0,11,1,1.622825088,1
v1.0,11,2,7.592737018,1
v1.0,11,3,6.54982355,1
v1.0,12,1,6.488574812,1
v1.0,12,2,6.541182833,1
v1.0,12,3,14.687026077,1
v1.0,13,1,18.560072304,1
v1.0,13,2,11.373836358,1
v1.0,13,3,23.19742452,1
v1.0,14,1,24.77579237,1
v1.0,14,2,30.422272391,1
v1.0,14,3,9.926409323,1
v1.0,15,1,13.279071735,1
v1.0,15,2,25.635401566,1
v1.0,15,3,58.228975951,1
v1.0,16,1,38.845970467,1
v1.0,16,2,50.499164978,1
v1.0,16,3,25.692538202,1
v1.0,17,1,75.02191792,1
v1.0,17,2,97.281400816,1
v1.0,17,3,91.161196718,1
v1.0,18,1,56.385468047,1
v1.0,18,2,93.464753703,1
v1.0,18,3,79.854859303,1
v1.0,19,1,40.214152002,1
v1.0,19,2,230.2077016,1
v1.0,19,3,86.700689389,1
v1.0,20,1,47.926932032,1
v1.0,20,2,121.405254061,1
v1.0,20,3,334.404092701,1
v1.0,4,1,0.001092589,1
v1.0,5,1,0.009775379,1
v1.0,6,1,0.124085603,1
v1.0,6,2,0.043680799,1
v1.0,7,1,0.190412772,1
v1.0,7,2,1.562813999,1
v1.0,8,1,0.231472851,1
v1.0,8,2,2.232894913,1
v1.0,9,1,1.279040458,1
v1.0,9,2,2.952853081,1
v1.0,9,3,2.817984485,1
v1.0,10,1,1.578159392,1
v1.0,10,2,0.509176249,1
v1.0,10,3,4.262536295,1
v1.0,11,1,3.283890857,1
v1.0,11,2,11.199323546,1
v1.0,11,3,7.401262087,1
v1.0,12,1,0.762357827,1
v1.0,12,2,3.402376883,1
v1.0,12,3,10.467211045,1
v1.0,13,1,6.248323251,1
v1.0,13,2,10.973740611,1
v1.0,13,3,14.097853957,1
v1.0,14,1,6.888195329,1
v1.0,14,2,36.964844258,1
v1.0,14,3,58.995964274,1
v1.0,15,1,52.675337796,1
v1.0,15,2,38.103790033,1
v1.0,15,3,44.524634332,1
v1.0,16,1,61.391503715,1
v1.0,16,2,86.553328531,1
v1.0,16,3,30.093324461,1
v1.0,17,1,162.810852633,1
v1.0,17,2,38.567927984,1
v1.0,17,3,25.854448508,1
v1.0,18,1,6.516466786,1
v1.0,18,2,57.967741935,1
v1.0,18,3,185.750015082,1
v1.0,19,1,264.544990813,1
v1.0,19,2,190.917609214,1
v1.0,19,3,315.299953002,1
v1.0,20,1,146.010069666,1
v1.0,20,2,96.446287413,1
v1.0,20,3,105.216577188,1
v1.0,4,1,0.00130014,1
v1.0,5,1,0.013323721,1
v1.0,6,1,0.12035055,1
v1.0,6,2,0.017638246,1
v1.0,7,1,0.463406907,1
v1.0,7,2,0.241303056,1
v1.0,8,1,0.604241068,1
v1.0,8,2,1.21412519,1
v1.0,9,1,1.911582835,1
v1.0,9,2,1.698460471,1
v1.0,9,3,2.965556712,1
v1.0,10,1,0.277566815,1
v1.0,10,2,3.615562483,1
v1.0,10,3,0.388502386,1
v1.0,11,1,2.886581466,1
v1.0,11,2,5.053799315,1
v1.0,11,3,6.203242084,1
v1.0,12,1,2.200103235,1
v1.0,12,2,18.664355993,1
v1.0,12,3,1.50913326,1
v1.0,13,1,16.570134713,1
v1.0,13,2,10.473499649,1
v1.0,13,3,29.924875021,1
v1.0,14,1,4.098152597,1
v1.0,14,2,27.930422974,1
v1.0,14,3,13.233381892,1
v1.0,15,1,57.159086638,1
v1.0,15,2,14.970358602,1
v1.0,15,3,137.250638943,1
v1.0,16,1,61.830223259,1
v1.0,16,2,21.617186751,1
v1.0,16,3,30.404116682,1
v1.0,17,1,19.301498197,1
v1.0,17,2,73.501489381,1
v1.0,17,3,77.664181951,1
v1.0,18,1,164.321754436,1
v1.0,18,2,185.305128257,1
v1.0,18,3,70.332641258,1
v1.0,19,1,83.674799957,1
v1.0,19,2,361.813303688,1
v1.0,19,3,241.256586973,1
v1.0,20,1,41.941196487,1
v1.0,20,2,234.134494813,1
v1.0,20,3,166.141841099,1
v1.0,4,1,0.001308736,1
v1.0,5,1,0.0158499,1
v1.0,6,1,0.042140708,1
v1.0,7,1,0.133808823,1
v1.0,7,2,0.450405934,1
v1.0,8,1,0.228598677,1
v1.0,8,2,1.00570565,1
v1.0,9,1,0.854098727,1
v1.0,9,2,1.087871564,1
v1.0,9,3,0.392857867,1
v1.0,10,1,3.097417747,1
v1.0,10,2,4.050330517,1
v1.0,10,3,3.108137175,1
v1.0,11,1,4.602594849,1
v1.0,11,2,5.695557913,1
v1.0,11,3,5.068648093,1
v1.0,12,1,5.2293421,1
v1.0,12,2,2.701649579,1
v1.0,12,3,2.765227297,1
v1.0,13,1,12.063193538,1
v1.0,13,2,26.788136608,1
v1.0,13,3,18.042071826,1
v1.0,14,1,5.232271654,1
v1.0,14,2,5.614435447,1
v1.0,14,3,31.449029443,1
v1.0,15,1,57.34550894,1
v1.0,15,2,53.190919148,1
v1.0,15,3,51.211100847,1
v1.0,16,1,17.12928611,1
v1.0,16,2,62.773371263,1
v1.0,16,3,65.224173104,1
v1.0,17,1,5.432977036,1
v1.0,17,2,31.89086556,1
v1.0,17,3,121.637018657,1
v1.0,18,1,259.898296974,1
v1.0,18,2,7.831098476,1
v1.0,18,3,157.305616012,1
v1.0,19,1,136.337630809,1
v1.0,19,2,175.315537153,1
v1.0,19,3,346.023202199,1
v1.0,20,1,73.07423875,1
v1.0,20,2,439.621843635,1
v1.0,20,3,335.063993526,1
v1.0,4,1,0.001827555,1
v1.0,5,1,0.00764824,1
v1.0,6,1,0.0661357,1
v1.0,7,1,0.162581829,1
v1.0,7,2,0.45242639,1
v1.0,8,1,0.2787356,1
v1.0,8,2,1.331190381,1
v1.0,9,1,0.48553345,1
v1.0,9,2,2.504909172,1
v1.0,9,3,2.665679448,1
v1.0,10,1,2.245129199,1
v1.0,10,2,3.383990968,1
v1.0,10,3,2.696107845,1
v1.0,11,1,1.700305698,1
v1.0,11,2,1.026675188,1
v1.0,11,3,9.582922402,1
v1.0,12,1,9.143276008,1
v1.0,12,2,11.165419336,1
v1.0,12,3,23.131321316,1
v1.0,13,1,10.417121179,1
v1.0,13,2,16.479670229,1
v1.0,13,3,40.707677084,1
v1.0,14,1,25.862711619,1
v1.0,14,2,49.66336917,1
v1.0,14,3,21.71582141,1
v1.0,15,1,2.254462215,1
v1.0,15,2,10.041294237,1
v1.0,15,3,46.902652633,1
v1.0,16,1,53.822819052,1
v1.0,16,2,73.551636918,1
v1.0,16,3,14.961994407,1
v1.0,17,1,26.018654553,1
v1.0,17,2,56.014841326,1
v1.0,17,3,74.786203279,1
v1.0,18,1,105.808987298,1
v1.0,18,2,152.123321999,1
v1.0,18,3,35.00764551,1
v1.0,19,1,49.089271757,1
v1.0,19,2,34.394258174,1
v1.0,19,3,249.319260954,1
v1.0,20,1,82.273028447,1
v1.0,20,2,161.559727057,1
v1.0,20,3,272.020442317,1
v1.0,4,1,0.001603159,1
v1.0,5,1,0.013184717,1
v1.0,6,1,0.077796311,1
v1.0,6,2,0.030993218,1
v1.0,7,1,0.358426081,1
v1.0,7,2,0.127249367,1
v1.0,8,1,0.575001409,1
v1.0,8,2,0.778536752,1
v1.0,9,1,1.755154532,1
v1.0,9,2,2.294698229,1
v1.0,9,3,4.176133639,1
v1.0,10,1,0.767993038,1
v1.0,10,2,8.168082579,1
v1.0,10,3,4.648556792,1
v1.0,11,1,3.043584741,1
v1.0,11,2,2.35087821,1
v1.0,11,3,6.703951689,1
v1.0,12,1,9.18064547,1
v1.0,12,2,11.038033894,1
v1.0,12,3,4.107393246,1
v1.0,13,1,9.542982335,1
v1.0,13,2,1.289846857,1
v1.0,13,3,14.604920801,1
v1.0,14,1,1.921360584,1
v1.0,14,2,19.359441616,1
v1.0,14,3,10.553856522,1
v1.0,15,1,9.853283664,1
v1.0,15,2,14.06401588,1
v1.0,15,3,84.659471149,1
v1.0,16,1,31.307908259,1
v1.0,16,2,30.961880919,1
v1.0,16,3,101.075382707,1
v1.0,17,1,20.428369358,1
v1.0,17,2,135.407746779,1
v1.0,17,3,86.005670467,1
v1.0,18,1,48.311428735,1
v1.0,18,2,142.375475055,1
v1.0,18,3,218.014102949,1
v1.0,19,1,24.870670745,1
v1.0,19,2,160.293823427,1
v1.0,19,3,321.559490645,1
v1.0,20,1,33.278531564,1
v1.0,20,2,527.266264962,1
v1.0,20,3,68.521227041,1
v1.0,4,1,0.00136032,1
v1.0,5,1,0.012159345,1
v1.0,6,1,0.021256448,1
v1.0,6,2,0.076301273,1
v1.0,7,1,0.311559521,1
v1.0,7,2,0.319481536,1
v1.0,8,1,0.333207307,1
v1.0,8,2,0.127987897,1
v1.0,9,1,1.111348847,1
v1.0,9,2,1.649289307,1
v1.0,9,3,0.906362103,1
v1.0,10,1,4.591025503,1
v1.0,10,2,1.270495644,1
v1.0,10,3,3.669091978,1
v1.0,11,1,4.076716881,1
v1.0,11,2,2.445715999,1
v1.0,11,3,8.175895927,1
v1.0,12,1,11.272839872,1
v1.0,12,2,21.089906816,1
v1.0,12,3,5.342819113,1
v1.0,13,1,8.162775658,1
v1.0,13,2,15.29858328,1
v1.0,13,3,16.944833804,1
v1.0,14,1,5.795596477,1
v1.0,14,2,39.097477585,1
v1.0,14,3,52.156017155,1
v1.0,15,1,17.379043751,1
v1.0,15,2,40.13560926,1
v1.0,15,3,110.257266895,1
v1.0,16,1,55.567334369,1
v1.0,16,2,82.864893965,1
v1.0,16,3,34.287156234,1
v1.0,17,1,95.850678589,1
v1.0,17,2,128.54251302,1
v1.0,17,3,86.811538068,1
v1.0,18,1,123.299170782,1
v1.0,18,2,244.239980122,1
v1.0,18,3,271.379936887,1
v1.0,19,1,191.530163709,1
v1.0,19,2,114.584027724,1
v1.0,19,3,66.539730935,1
v1.0,20,1,113.648832182,1
v1.0,20,2,197.996375956,1
v1.0,20,3,365.82978795,1
v1.0,4,1,0.001727651,1
v1.0,5,1,0.016721575,1
v1.0,6,1,0.163090166,1
v1.0,6,2,0.102788148,1
v1.0,7,1,0.511941612,1
v1.0,7,2,0.212278131,1
v1.0,8,1,0.735384713,1
v1.0,8,2,0.68040017,1
v1.0,9,1,2.302253192,1
v1.0,9,2,3.985572256,1
v1.0,9,3,2.615619912,1
v1.0,10,1,2.847404391,1
v1.0,10,2,4.561352536,1
v1.0,10,3,2.348778017,1
v1.0,11,1,4.103434208,1
v1.0,11,2,6.586692853,1
v1.0,11,3,15.796841226,1
v1.0,12,1,8.951360651,1
v1.0,12,2,13.187009227,1
v1.0,12,3,17.169570546,1
v1.0,13,1,9.412222399,1
v1.0,13,2,26.030816163,1
v1.0,13,3,5.611812623,1
v1.0,14,1,17.737040053,1
v1.0,14,2,29.942751459,1
v1.0,14,3,14.596733461,1
v1.0,15,1,36.784693462,1
v1.0,15,2,56.477541633,1
v1.0,15,3,41.373125187,1
v1.0,16,1,40.866123389,1
v1.0,16,2,92.345963487,1
v1.0,16,3,37.893255155,1
v1.0,17,1,173.716986934,1
v1.0,17,2,54.985547706,1
v1.0,17,3,106.890845349,1
v1.0,18,1,84.069434579,1
v1.0,18,2,109.040981282,1
v1.0,18,3,151.730426593,1
v1.0,19,1,7.826233809,1
v1.0,19,2,132.086425201,1
v1.0,19,3,207.557622094,1
v1.0,20,1,171.666676029,1
v1.0,20,2,41.470833321,1
v1.0,20,3,231.314621854,1
v1.0,4,1,0.001296546,1
v1.0,5,1,0.013689601,1
v1.0,6,1,0.059086898,1
v1.0,6,2,0.095316282,1
v1.0,7,1,0.061219747,1
v1.0,7,2,0.044825796,1
v1.0,8,1,0.796202855,1
v1.0,8,2,0.823424984,1
v1.0,9,1,0.846802916,1
v1.0,9,2,1.178877045,1
v1.0,9,3,1.753111781,1
v1.0,10,1,4.561953166,1
v1.0,10,2,2.272485585,1
v1.0,10,3,2.007628187,1
v1.0,11,1,4.9980038,1
v1.0,11,2,3.80877769,1
v1.0,11,3,5.663920678,1
v1.0,12,1,0.957205078,1
v1.0,12,2,1.198057822,1
v1.0,12,3,26.96422887,1
v1.0,13,1,11.589630595,1
v1.0,13,2,1.206332474,1
v1.0,13,3,25.060736003,1
v1.0,14,1,37.116258503,1
v1.0,14,2,27.60217572,1
v1.0,14,3,15.23239954,1
v1.0,15,1,36.029053117,1
v1.0,15,2,35.391725874,1
v1.0,15,3,101.298427017,1
v1.0,16,1,43.437503416,1
v1.0,16,2,79.265673601,1
v1.0,16,3,177.13899713,1
v1.0,17,1,82.907678477,1
v1.0,17,2,86.757916658,1
v1.0,17,3,41.057860119,1
v1.0,18,1,73.474184477,1
v1.0,18,2,217.775865319,1
v1.0,18,3,197.276184459,1
v1.0,19,1,394.070764997,1
v1.0,19,2,339.484297504,1
v1.0,19,3,436.853335668,1
v1.0,20,1,136.479095025,1
v1.0,20,2,186.628592166,1
v1.0,20,3,403.750849353,1
v1.0,4,1,0.000991968,1
v1.0,5,1,0.025933909,1
v1.0,6,1,0.046417901,1
v1.0,6,2,0.044367527,1
v1.0,7,1,0.206671519,1
v1.0,7,2,0.164984578,1
v1.0,8,1,0.20584017,1
v1.0,8,2,0.43402926,1
v1.0,9,1,2.010828673,1
v1.0,9,2,3.317794037,1
v1.0,9,3,2.947470553,1
v1.0,10,1,0.957462436,1
v1.0,10,2,2.944245167,1
v1.0,10,3,9.350415362,1
v1.0,11,1,6.806950038,1
v1.0,11,2,5.570245203,1
v1.0,11,3,7.701712541,1
v1.0,12,1,0.867392256,1
v1.0,12,2,38.449764143,1
v1.0,12,3,6.496793823,1
v1.0,13,1,11.51125583,1
v1.0,13,2,15.855236318,1
v1.0,13,3,22.847860831,1
v1.0,14,1,6.74348006,1
v1.0,14,2,45.675096463,1
v1.0,14,3,16.568354338,1
v1.0,15,1,25.303525904,1
v1.0,15,2,55.674203347,1
v1.0,15,3,54.87474146,1
v1.0,16,1,38.521312502,1
v1.0,16,2,34.924174379,1
v1.0,16,3,29.608050202,1
v1.0,17,1,108.128730032,1
v1.0,17,2,82.890367162,1
v1.0,17,3,172.780750709,1
v1.0,18,1,83.566756305,1
v1.0,18,2,62.123157919,1
v1.0,18,3,130.204934584,1
v1.0,19,1,26.665847062,1
v1.0,19,2,143.999573358,1
v1.0,19,3,409.481582912,1
v1.0,20,1,349.267889538,1
v1.0,20,2,426.157758121,1
v1.0,20,3,183.98154757,1
v1.0,4,1,0.00130318,1
v1.0,5,1,0.00850312,1
v1.0,6,1,0.016179441,1
v1.0,6,2,0.037283778,1
v1.0,7,1,0.485757905,1
v1.0,7,2,0.854990357,1
v1.0,8,1,0.438104676,1
v1.0,8,2,0.655573305,1
v1.0,9,1,1.352192859,1
v1.0,9,2,1.474576711,1
v1.0,9,3,1.320198116,1
v1.0,10,1,2.571314707,1
v1.0,10,2,0.447822311,1
v1.0,10,3,5.724991757,1
v1.0,11,1,0.438210447,1
v1.0,11,2,8.807154699,1
v1.0,11,3,3.568173407,1
v1.0,12,1,3.586893399,1
v1.0,12,2,16.147548752,1
v1.0,12,3,18.25201467,1
v1.0,13,1,13.840921207,1
v1.0,13,2,10.433790784,1
v1.0,13,3,48.69578195,1
v1.0,14,1,32.850646662,1
v1.0,14,2,6.584337911,1
v1.0,14,3,56.251382066,1
v1.0,15,1,24.290123908,1
v1.0,15,2,7.725022289,1
v1.0,15,3,34.048195822,1
v1.0,16,1,14.669516254,1
v1.0,16,2,65.917807024,1
v1.0,16,3,4.622249287,1
v1.0,17,1,48.226924951,1
v1.0,17,2,23.396042432,1
v1.0,17,3,107.522730056,1
v1.0,18,1,109.659750818,1
v1.0,18,2,108.140615044,1
v1.0,18,3,103.791657099,1
v1.0,19,1,225.373201378,1
v1.0,19,2,142.14354171,1
v1.0,19,3,170.139743524,1
v1.0,20,1,476.853586137,1
v1.0,20,2,418.699323004,1
v1.0,20,3,135.429615582,1
v1.0,4,1,0.001687888,1
v1.0,5,1,0.010854737,1
v1.0,6,1,0.043840132,1
v1.0,6,2,0.057973708,1
v1.0,7,1,0.091689504,1
v1.0,7,2,0.347631628,1
v1.0,8,1,0.542210904,1
v1.0,8,2,1.070573858,1
v1.0,9,1,0.768763027,1
v1.0,9,2,1.031807028,1
v1.0,9,3,2.078064019,1
v1.0,10,1,1.578554876,1
v1.0,10,2,0.863000769,1
v1.0,10,3,3.766647842,1
v1.0,11,1,5.30785759,1
v1.0,11,2,9.477137337,1
v1.0,11,3,14.713614373,1
v1.0,12,1,4.952553247,1
v1.0,12,2,14.226822319,1
v1.0,12,3,11.184888206,1
v1.0,13,1,11.634470077,1
v1.0,13,2,13.004348669,1
v1.0,13,3,27.358538109,1
v1.0,14,1,34.774564695,1
v1.0,14,2,42.837496221,1
v1.0,14,3,34.615563821,1
v1.0,15,1,19.962090754,1
v1.0,15,2,65.755567583,1
v1.0,15,3,4.129057495,1
v1.0,16,1,33.468592657,1
v1.0,16,2,52.062663837,1
v1.0,16,3,49.509770192,1
v1.0,17,1,102.584147482,1
v1.0,17,2,5.626474339,1
v1.0,17,3,209.183382371,1
v1.0,18,1,91.197266535,1
v1.0,18,2,23.648443916,1
v1.0,18,3,138.777287819,1
v1.0,19,1,105.21511812,1
v1.0,19,2,47.539817051,1
v1.0,19,3,162.042251013,1
v1.0,20,1,301.087620068,1
v1.0,20,2,119.038090793,1
v1.0,20,3,68.979651826,1
v1.0,4,1,0.001596405,1
v1.0,5,1,0.013168748,1
v1.0,6,1,0.073199341,1
v1.0,6,2,0.116275095,1
v1.0,7,1,0.311018709,1
v1.0,7,2,0.413485278,1
v1.0,8,1,0.501920466,1
v1.0,8,2,1.15867808,1
v1.0,9,1,2.577077213,1
v1.0,9,2,1.733318803,1
v1.0,9,3,2.342867513,1
v1.0,10,1,0.32831357,1
v1.0,10,2,0.333384357,1
v1.0,10,3,9.206524752,1
v1.0,11,1,3.715287174,1
v1.0,11,2,6.276028584,1
v1.0,11,3,9.374842475,1
v1.0,12,1,8.309353122,1
v1.0,12,2,10.330229035,1
v1.0,12,3,15.690643561,1
v1.0,13,1,9.941225983,1
v1.0,13,2,23.50870035,1
v1.0,13,3,35.022688516,1
v1.0,14,1,24.90358837,1
v1.0,14,2,19.985997641,1
v1.0,14,3,38.861069528,1
v1.0,15,1,33.850655369,1
v1.0,15,2,31.818835213,1
v1.0,15,3,53.027366647,1
v1.0,16,1,23.290646786,1
v1.0,16,2,23.494346028,1
v1.0,16,3,26.151607986,1
v1.0,17,1,55.506271953,1
v1.0,17,2,24.198555042,1
v1.0,17,3,19.846656136,1
v1.0,18,1,27.203599273,1
v1.0,18,2,164.786409211,1
v1.0,18,3,124.504523424,1
v1.0,19,1,273.179932197,1
v1.0,19,2,43.464327408,1
v1.0,19,3,231.143622763,1
v1.0,20,1,156.004304244,1
v1.0,20,2,10.223104331,1
v1.0,20,3,161.258968693,1
v1.0,21,1,313.384721198,1
v1.0,21,2,189.898663876,1
v1.0,21,3,61.999524629,1
v1.0,22,1,660.485471382,1
v1.0,22,2,148.736020362,1
v1.0,22,3,328.093496306,1
v1.0,23,1,236.407045993,1
v1.0,23,2,688.792470568,1
v1.0,23,3,486.504876604,1
v1.0,5,0,0.443441669,1
v1.0,5,1,0.18120264,1
v1.0,6,0,0.015640567,1
v1.0,6,1,0.068425831,1
v1.0,6,2,0.138338221,1
v1.0,7,0,0.063195263,1
v1.0,7,1,0.102423632,1
v1.0,7,2,0.413772979,1
v1.0,8,0,0.200693805,1
v1.0,8,1,0.233953909,1
v1.0,8,2,1.080634725,1
v1.0,9,0,0.433775827,1
v1.0,9,1,1.422572884,1
v1.0,9,2,1.784919392,1
v1.0,9,3,3.523166637,1
v1.0,10,0,0.701760176,1
v1.0,10,1,1.48716943,1
v1.0,10,2,4.322570797,1
v1.0,10,3,3.024399548,1
v1.0,11,0,1.83158647,1
v1.0,11,1,2.317488483,1
v1.0,11,2,1.531398968,1
v1.0,11,3,3.907535465,1
v1.0,12,0,2.959939487,1
v1.0,12,1,18.692246987,1
v1.0,12,2,6.420363298,1
v1.0,12,3,6.064011574,1
v1.0,13,0,6.41213721,1
v1.0,13,1,12.40206873,1
v1.0,13,2,15.493058191,1
v1.0,13,3,1.677339924,1
v1.0,14,0,3.603967187,1
v1.0,14,1,21.190172401,1
v1.0,14,2,20.352034942,1
v1.0,14,3,24.634216711,1
v1.0,15,0,17.81152425,1
v1.0,15,1,30.163963462,1
v1.0,15,2,25.286543919,1
v1.0,15,3,51.696712044,1
v1.0,16,0,37.643907384,1
v1.0,16,1,2.897941724,1
v1.0,16,2,44.840200046,1
v1.0,16,3,98.344385295,1
v1.0,17,0,25.481195302,1
v1.0,17,1,112.660606411,1
v1.0,17,2,134.872472023,1
v1.0,17,3,202.952297317,1
v1.0,18,0,15.725366886,1
v1.0,18,1,152.129525785,1
v1.0,18,2,151.824734931,1
v1.0,18,3,73.135275518,1
v1.0,19,0,46.574665739,1
v1.0,19,1,142.893305539,1
v1.0,19,2,45.259222056,1
v1.0,19,3,244.26186972,1
v1.0,20,0,98.2046068,1
v1.0,20,1,73.120573394,1
v1.0,20,2,269.02438045,1
v1.0,20,3,51.810944661,1
v1.0,21,0,28.35515447,1
v1.0,21,1,185.667377637,1
v1.0,21,2,64.597030422,1
v1.0,21,3,486.687231988,1
v1.0,22,0,130.931387668,1
v1.0,22,1,295.011636373,1
v1.0,22,2,393.791884631,1
v1.0,22,3,210.537669259,1
v1.0,23,0,252.660201145,1
v1.0,23,1,608.209693915,1
v1.0,23,2,574.669998507,1
v1.0,23,3,175.821288543,1
v1.0,24,0,220.904976712,1
v1.0,24,1,86.921032438,1
v1.0,24,2,1174.643114601,1
v1.0,24,3,827.708307831,1
v1.0,25,0,113.651203006,1
v1.0,25,1,1132.029149181,1
v1.0,25,2,207.54501462,1
v1.0,25,3,335.434961862,1
v1.0,26,0,1000.589205128,1
v1.0,26,1,1375.162578916,1
v1.0,26,2,1426.377609281,1
v1.0,26,3,684.577299928,1
v1.0,27,0,645.053193827,1
v1.0,27,1,815.931732086,1
v1.0,27,2,1906.427607205,1
v1.0,27,3,351.266692272,1
v1.0,28,0,896.198548222,1
v1.0,28,1,665.035079887,1
v1.0,28,2,2073.407277044,1
v1.0,28,3,641.40513884,1
v1.0,29,0,614.730404768,1
v1.0,29,1,727.686429316,1
v1.0,29,2,2896.455256994,1
v1.0,29,3,798.417070599,1
v1.0,30,0,1720.935467163,1
v1.0,30,1,365.835915504,1
v1.0,30,2,2963.844147535,1
v1.0,30,3,1489.030447494,1
v1.0,5,0,0.005676792,1
v1.0,5,1,0.018529042,1
v1.0,6,0,0.017550086,1
v1.0,6,1,0.086493599,1
v1.0,6,2,0.054691084,1
v1.0,7,0,0.051057947,1
v1.0,7,1,0.130499361,1
v1.0,7,2,0.312043446,1
v1.0,8,0,0.260884854,1
v1.0,8,1,0.754921868,1
v1.0,8,2,0.763491364,1
v1.0,9,0,0.062958421,1
v1.0,9,1,0.353941716,1
v1.0,9,2,0.524603389,1
v1.0,9,3,3.578295692,1
v1.0,10,0,1.320543125,1
v1.0,10,1,2.346637252,1
v1.0,10,2,2.632634915,1
v1.0,10,3,1.268371657,1
v1.0,11,0,2.497273859,1
v1.0,11,1,8.052374142,1
v1.0,11,2,6.298256305,1
v1.0,11,3,2.360600291,1
v1.0,12,0,6.971344851,1
v1.0,12,1,0.573903875,1
v1.0,12,2,7.447711093,1
v1.0,12,3,15.199892994,1
v1.0,13,0,4.139647388,1
v1.0,13,1,16.361687464,1
v1.0,13,2,51.268310993,1
v1.0,13,3,2.022786523,1
v1.0,14,0,23.4578574,1
v1.0,14,1,21.063000528,1
v1.0,14,2,17.378173845,1
v1.0,14,3,29.780818348,1
v1.0,15,0,26.285737243,1
v1.0,15,1,30.988225749,1
v1.0,15,2,29.342949167,1
v1.0,15,3,56.164906233,1
v1.0,16,0,21.312348042,1
v1.0,16,1,43.802459323,1
v1.0,16,2,5.703805238,1
v1.0,16,3,14.296932937,1
v1.0,17,0,37.750212646,1
v1.0,17,1,34.407817671,1
v1.0,17,2,160.467658847,1
v1.0,17,3,58.40329612,1
v1.0,18,0,40.947304269,1
v1.0,18,1,120.341610856,1
v1.0,18,2,134.095393978,1
v1.0,18,3,333.752195468,1
v1.0,19,0,86.793521976,1
v1.0,19,1,149.162727541,1
v1.0,19,2,236.683564122,1
v1.0,19,3,101.522669183,1
v1.0,20,0,148.502658073,1
v1.0,20,1,165.400834423,1
v1.0,20,2,125.910778406,1
v1.0,20,3,92.673640088,1
v1.0,21,0,7.13141176,1
v1.0,21,1,173.809575029,1
v1.0,21,2,349.962388009,1
v1.0,21,3,529.342223916,1
v1.0,22,0,156.438923545,1
v1.0,22,1,214.996207836,1
v1.0,22,2,443.927050159,1
v1.0,22,3,243.950879681,1
v1.0,23,0,335.584436952,1
v1.0,23,1,384.210283641,1
v1.0,23,2,99.040631079,1
v1.0,23,3,321.029465479,1
v1.0,24,0,157.779321812,1
v1.0,24,1,557.303440452,1
v1.0,24,2,617.166483099,1
v1.0,24,3,1269.899229119,1
v1.0,25,0,102.255654449,1
v1.0,25,1,728.266043313,1
v1.0,25,2,1428.845824091,1
v1.0,25,3,824.39269046,1
v1.0,26,0,786.326599305,1
v1.0,26,1,1242.774355159,1
v1.0,26,2,179.456815493,1
v1.0,26,3,358.971169226,1
v1.0,27,0,170.593360014,1
v1.0,27,1,470.947873724,1
v1.0,27,2,2185.320327693,1
v1.0,27,3,1714.890560215,1
v1.0,28,0,298.859237417,1
v1.0,28,1,641.485183032,1
v1.0,28,2,251.605889039,1
v1.0,28,3,334.375159937,1
v1.0,29,0,173.694360233,1
v1.0,29,1,2630.090557758,1
v1.0,29,2,2970.343951527,1
v1.0,30,0,1518.154409025,1
v1.0,30,1,2725.173818966,1
v1.0,30,2,1348.901402948,1
v1.0,30,3,2853.510348109,1
v1.0,5,0,0.002651465,1
v1.0,5,1,0.013459311,1
v1.0,6,0,0.015251931,1
v1.0,6,1,0.049491344,1
v1.0,6,2,0.119188729,1
v1.0,7,0,0.064788665,1
v1.0,7,1,0.294565483,1
v1.0,7,2,0.042752315,1
v1.0,8,0,0.160993756,1
v1.0,8,1,1.106626486,1
v1.0,8,2,0.51987545,1
v1.0,9,0,0.466655813,1
v1.0,9,1,1.691382703,1
v1.0,9,2,0.543675654,1
v1.0,9,3,0.185164056,1
v1.0,10,0,0.8140781,1
v1.0,10,1,1.994549871,1
v1.0,10,2,5.313490376,1
v1.0,10,3,1.299129657,1
v1.0,11,0,2.666575111,1
v1.0,11,1,2.165513903,1
v1.0,11,2,2.31258121,1
v1.0,11,3,7.302651289,1
v1.0,12,0,2.140384169,1
v1.0,12,1,9.064045473,1
v1.0,12,2,11.499467577,1
v1.0,12,3,22.395097724,1
v1.0,13,0,4.225263749,1
v1.0,13,1,11.894096162,1
v1.0,13,2,28.559101107,1
v1.0,13,3,12.585653155,1
v1.0,14,0,4.21745349,1
v1.0,14,1,9.323906648,1
v1.0,14,2,34.191950333,1
v1.0,14,3,22.45915998,1
v1.0,15,0,20.791551382,1
v1.0,15,1,14.73638688,1
v1.0,15,2,3.522795774,1
v1.0,15,3,4.765905174,1
v1.0,16,0,7.481513151,1
v1.0,16,1,17.577540138,1
v1.0,16,2,91.175221102,1
v1.0,16,3,95.581262851,1
v1.0,17,0,32.847873528,1
v1.0,17,1,39.173489452,1
v1.0,17,2,89.561447843,1
v1.0,17,3,166.617999073,1
v1.0,18,0,168.131966096,1
v1.0,18,1,60.34453782,1
v1.0,18,2,233.110404897,1
v1.0,18,3,91.460524999,1
v1.0,19,0,153.510588943,1
v1.0,19,1,88.128610377,1
v1.0,19,2,151.401886175,1
v1.0,19,3,37.836257394,1
v1.0,20,0,60.180197101,1
v1.0,20,1,94.083373005,1
v1.0,20,2,99.499621331,1
v1.0,20,3,530.957025374,1
v1.0,21,0,97.959635868,1
v1.0,21,1,158.687969749,1
v1.0,21,2,297.06538918,1
v1.0,21,3,300.479962663,1
v1.0,22,0,78.095494624,1
v1.0,22,1,247.773442066,1
v1.0,22,2,85.136259271,1
v1.0,22,3,171.779422282,1
v1.0,23,0,223.388271079,1
v1.0,23,1,548.705372917,1
v1.0,23,2,248.26605008,1
v1.0,23,3,470.253977048,1
v1.0,24,0,335.305387006,1
v1.0,24,1,545.227216849,1
v1.0,24,2,481.58037575,1
v1.0,24,3,98.767952092,1
v1.0,25,0,682.803366263,1
v1.0,25,1,405.759714497,1
v1.0,25,2,43.130464223,1
v1.0,25,3,383.403999202,1
v1.0,26,0,71.534584986,1
v1.0,26,1,1497.709344244,1
v1.0,26,2,389.01495961,1
v1.0,26,3,1182.919648918,1
v1.0,27,0,445.949822802,1
v1.0,27,1,807.674089603,1
v1.0,27,2,60.355267658,1
v1.0,27,3,2115.425059935,1
v1.0,28,0,135.87905135,1
v1.0,28,1,454.854584315,1
v1.0,28,2,1726.320457653,1
v1.0,28,3,283.381020702,1
v1.0,29,0,1090.995489432,1
v1.0,29,1,1535.800849647,1
v1.0,29,2,630.9029386,1
v1.0,29,3,1475.905315477,1
v1.0,30,0,1583.261057566,1
v1.0,30,1,2158.306433768,1
v1.0,30,2,2022.501405779,1
v1.0,30,3,98.020985226,1
v1.0,5,0,0.003735363,1
v1.0,5,1,0.006335642,1
v1.0,6,0,0.018619629,1
v1.0,6,1,0.033561854,1
v1.0,6,2,0.12617765,1
v1.0,7,0,0.041668065,1
v1.0,7,1,0.133455297,1
v1.0,7,2,0.10603489,1
v1.0,8,0,0.168127744,1
v1.0,8,1,0.547359854,1
v1.0,8,2,0.276463167,1
v1.0,9,0,0.633898723,1
v1.0,9,1,1.723078132,1
v1.0,9,2,1.40854485,1
v1.0,9,3,0.303220203,1
v1.0,10,0,0.324942199,1
v1.0,10,1,1.967667731,1
v1.0,10,2,0.512704726,1
v1.0,10,3,3.872760768,1
v1.0,11,0,1.654098318,1
v1.0,11,1,5.763484094,1
v1.0,11,2,12.251309523,1
v1.0,11,3,9.904899018,1
v1.0,12,0,3.134853435,1
v1.0,12,1,4.163836427,1
v1.0,12,2,6.548936876,1
v1.0,12,3,8.800237126,1
v1.0,13,0,10.193517957,1
v1.0,13,1,11.59921796,1
v1.0,13,2,5.876584455,1
v1.0,13,3,13.072409831,1
v1.0,14,0,17.126192428,1
v1.0,14,1,11.680458117,1
v1.0,14,2,24.608638521,1
v1.0,14,3,8.412545178,1
v1.0,15,0,3.508457679,1
v1.0,15,1,45.99238641,1
v1.0,15,2,18.342064744,1
v1.0,15,3,10.311835937,1
v1.0,16,0,17.450490558,1
v1.0,16,1,36.930434699,1
v1.0,16,2,62.085919794,1
v1.0,16,3,122.648946335,1
v1.0,17,0,23.296671042,1
v1.0,17,1,85.410298531,1
v1.0,17,2,116.592893686,1
v1.0,17,3,106.855338919,1
v1.0,18,0,43.505017256,1
v1.0,18,1,117.818136508,1
v1.0,18,2,131.206410309,1
v1.0,18,3,53.431064019,1
v1.0,19,0,43.86222732,1
v1.0,19,1,132.557711226,1
v1.0,19,2,221.330789987,1
v1.0,19,3,11.905170115,1
v1.0,20,0,30.89297904,1
v1.0,20,1,79.2156484,1
v1.0,20,2,119.509260332,1
v1.0,20,3,155.85186357,1
v1.0,21,0,169.911522078,1
v1.0,21,1,224.915897484,1
v1.0,21,2,596.510787874,1
v1.0,21,3,453.852181229,1
v1.0,22,0,176.404135528,1
v1.0,22,1,181.296710821,1
v1.0,22,2,81.628143945,1
v1.0,22,3,309.928856776,1
v1.0,23,0,170.30834285,1
v1.0,23,1,360.15450157,1
v1.0,23,2,444.800047834,1
v1.0,23,3,319.443090287,1
v1.0,24,0,571.79580123,1
v1.0,24,1,452.38512776,1
v1.0,24,2,869.13974605,1
v1.0,24,3,720.653821107,1
v1.0,25,0,418.572213332,1
v1.0,25,1,1011.144141317,1
v1.0,25,2,1089.319835229,1
v1.0,25,3,1323.220522157,1
v1.0,26,0,302.387515362,1
v1.0,26,1,153.075453373,1
v1.0,26,2,643.968146009,1
v1.0,26,3,461.390143695,1
v1.0,27,0,1194.028037972,1
v1.0,27,1,562.994858669,1
v1.0,27,2,601.531476838,1
v1.0,27,3,575.427567582,1
v1.0,28,0,596.536374967,1
v1.0,28,1,203.105787216,1
v1.0,28,2,437.171984152,1
v1.0,28,3,2841.364855872,1
v1.0,29,0,400.549653462,1
v1.0,29,1,2392.201385674,1
v1.0,29,2,3102.246808732,1
v1.0,29,3,1737.094179737,1
v1.0,30,0,334.251924696,1
v1.0,30,1,625.021467873,1
v1.0,30,2,2143.567244877,1
v1.0,30,3,3202.820401065,1
v1.0,5,0,0.005317038,1
v1.0,5,1,0.011326113,1
v1.0,6,0,0.014401877,1
v1.0,6,1,0.03410275,1
v1.0,6,2,0.059512671,1
v1.0,7,0,0.041994036,1
v1.0,7,1,0.533986681,1
v1.0,7,2,0.351399598,1
v1.0,8,0,0.122662533,1
v1.0,8,1,0.392311935,1
v1.0,8,2,0.527296565,1
v1.0,9,0,0.665712399,1
v1.0,9,1,1.967456036,1
v1.0,9,2,1.045972981,1
v1.0,9,3,1.959070427,1
v1.0,10,0,0.761720561,1
v1.0,10,1,1.551861304,1
v1.0,10,2,1.293772432,1
v1.0,10,3,5.353082466,1
v1.0,11,0,1.53743216,1
v1.0,11,1,4.210370997,1
v1.0,11,2,5.467757682,1
v1.0,11,3,8.262482896,1
v1.0,12,0,2.796927859,1
v1.0,12,1,10.109903215,1
v1.0,12,2,8.268304749,1
v1.0,12,3,9.362571184,1
v1.0,13,0,5.680539563,1
v1.0,13,1,21.122581634,1
v1.0,13,2,7.568641826,1
v1.0,13,3,21.880366998,1
v1.0,14,0,7.457831725,1
v1.0,14,1,45.034601644,1
v1.0,14,2,11.894909258,1
v1.0,14,3,70.852912317,1
v1.0,15,0,18.434729937,1
v1.0,15,1,2.552875372,1
v1.0,15,2,97.523575094,1
v1.0,15,3,20.639741099,1
v1.0,16,0,76.307330354,1
v1.0,16,1,71.376889143,1
v1.0,16,2,113.987807092,1
v1.0,16,3,23.592829044,1
v1.0,17,0,35.573173478,1
v1.0,17,1,103.874118773,1
v1.0,17,2,43.995846004,1
v1.0,17,3,91.620082513,1
v1.0,18,0,47.732448495,1
v1.0,18,1,130.382018381,1
v1.0,18,2,148.924722461,1
v1.0,18,3,32.993921869,1
v1.0,19,0,60.940889954,1
v1.0,19,1,155.184226897,1
v1.0,19,2,264.691001707,1
v1.0,19,3,105.262972741,1
v1.0,20,0,79.81451944,1
v1.0,20,1,289.028438288,1
v1.0,20,2,55.730768338,1
v1.0,20,3,123.46983913,1
v1.0,21,0,142.666531021,1
v1.0,21,1,110.166184099,1
v1.0,21,2,88.976147842,1
v1.0,21,3,213.292772445,1
v1.0,22,0,39.659054387,1
v1.0,22,1,41.202983553,1
v1.0,22,2,773.235528928,1
v1.0,22,3,827.434372793,1
v1.0,23,0,11.514730731,1
v1.0,23,1,177.102762114,1
v1.0,23,2,339.782183638,1
v1.0,23,3,377.610212218,1
v1.0,24,0,268.131255282,1
v1.0,24,1,387.498634794,1
v1.0,24,2,791.032919237,1
v1.0,24,3,258.727368352,1
v1.0,25,0,475.685883247,1
v1.0,25,1,317.483615967,1
v1.0,25,2,649.800098538,1
v1.0,25,3,530.963185093,1
v1.0,26,0,294.740933474,1
v1.0,26,1,614.739769713,1
v1.0,26,2,678.862172568,1
v1.0,26,3,866.381985314,1
v1.0,27,0,399.711024457,1
v1.0,27,1,1284.551596208,1
v1.0,27,2,1645.303072311,1
v1.0,27,3,1525.61007396,1
v1.0,28,0,1080.29627188,1
v1.0,28,1,740.724378865,1
v1.0,28,2,1657.397163647,1
v1.0,28,3,635.489578458,1
v1.0,29,0,1246.382827177,1
v1.0,29,1,728.586600575,1
v1.0,29,2,468.078574146,1
v1.0,29,3,1462.567726179,1
v1.0,30,0,1403.741558617,1
v1.0,30,1,1565.518624744,1
v1.0,30,2,100.161735978,1
v1.0,30,3,2031.378944627,1
v1.0,5,0,0.00729776,1
v1.0,5,1,0.00460861,1
v1.0,6,0,0.02084421,1
v1.0,6,1,0.058902167,1
v1.0,6,2,0.035570762,1
v1.0,7,0,0.067670329,1
v1.0,7,1,0.192951982,1
v1.0,7,2,0.184210991,1
v1.0,8,0,0.199284972,1
v1.0,8,1,0.15759786,1
v1.0,8,2,1.331199309,1
v1.0,9,0,0.421042884,1
v1.0,9,1,1.596221711,1
v1.0,9,2,0.791768295,1
v1.0,9,3,0.450878405,1
v1.0,10,0,1.804331225,1
v1.0,10,1,0.893443895,1
v1.0,10,2,4.163757686,1
v1.0,10,3,6.323820524,1
v1.0,11,0,7.663241087,1
v1.0,11,1,11.595959328,1
v1.0,11,2,6.812205515,1
v1.0,11,3,3.501641902,1
v1.0,12,0,1.188986656,1
v1.0,12,1,8.537387155,1
v1.0,12,2,28.290189706,1
v1.0,12,3,8.211264694,1
v1.0,13,0,8.036308895,1
v1.0,13,1,6.720765601,1
v1.0,13,2,34.349515107,1
v1.0,13,3,27.372702204,1
v1.0,14,0,6.160144169,1
v1.0,14,1,23.539017768,1
v1.0,14,2,14.699246692,1
v1.0,14,3,24.772312819,1
v1.0,15,0,18.574381671,1
v1.0,15,1,17.56669682,1
v1.0,15,2,28.547506386,1
v1.0,15,3,65.324792495,1
v1.0,16,0,29.701630056,1
v1.0,16,1,50.207269223,1
v1.0,16,2,165.19462694,1
v1.0,16,3,78.168061566,1
v1.0,17,0,17.883909845,1
v1.0,17,1,39.178878742,1
v1.0,17,2,75.270136513,1
v1.0,17,3,26.594960772,1
v1.0,18,0,46.623694175,1
v1.0,18,1,100.041759488,1
v1.0,18,2,126.513544031,1
v1.0,18,3,158.657340178,1
v1.0,19,0,70.649813399,1
v1.0,19,1,183.676159745,1
v1.0,19,2,112.235031225,1
v1.0,19,3,288.699688761,1
v1.0,20,0,267.236141404,1
v1.0,20,1,212.712607156,1
v1.0,20,2,259.50773639,1
v1.0,20,3,111.794183601,1
v1.0,21,0,94.187315237,1
v1.0,21,1,170.010629466,1
v1.0,21,2,235.741499772,1
v1.0,21,3,330.639382055,1
v1.0,22,0,38.375889726,1
v1.0,22,1,166.317491714,1
v1.0,22,2,264.720354782,1
v1.0,22,3,375.964489228,1
v1.0,23,0,233.513139199,1
v1.0,23,1,485.88921191,1
v1.0,23,2,720.291191013,1
v1.0,23,3,114.679689794,1
v1.0,24,0,152.105921587,1
v1.0,24,1,411.473620902,1
v1.0,24,2,154.226339825,1
v1.0,24,3,410.662544283,1
v1.0,25,0,224.51851538,1
v1.0,25,1,252.386358233,1
v1.0,25,2,307.969227236,1
v1.0,26,0,523.974396362,1
v1.0,26,1,135.80736813,1
v1.0,26,2,555.844458214,1
v1.0,26,3,700.240880987,1
v1.0,27,0,559.631779232,1
v1.0,27,1,191.192071846,1
