truenet,estnet,num_gt,num_procs,probQR,whichSNaQ,runtime,accuracy,mean_gtee
"((A:1.0,((B:1.0,C:1.0):1.0,(D:1.0)#H1:1.0::0.5):1.0):1.0,(#H1:1.0::0.5,E:1.0):1.0);","(B,(C,#H6:::0.13813896824611105):0.04694374174156211,(A,(D,(E)#H6:::0.861861031753889):0.06573727119613523):0.18443380855668684);",1000,1,0.0,1.0,35.17629937,4,0.704
"((A:1.0,((B:1.0,C:1.0):1.0,(D:1.0)#H1:1.0::0.5):1.0):1.0,(#H1:1.0::0.5,E:1.0):1.0);","(D,(A,(B,(C,#H6:::0.13814138580359103):0.04694118790326773):0.184434004646083):0.0657375579064768,(E)#H6:::0.861858614196409);",1000,4,0.0,2.0,36.273066587,4,0.704
"((A:1.0,((B:1.0,C:1.0):1.0,(D:1.0)#H1:1.0::0.5):1.0):1.0,(#H1:1.0::0.5,E:1.0):1.0);","((A,(B,(C,#H6:::0.13813764255457425):0.04694198340537074):0.18443526174368233):0.06573597188996044,D,(E)#H6:::0.8618623574454257);",1000,4,0.25,2.0,34.752070702,4,0.704
"((A:1.0,((B:1.0,C:1.0):1.0,(D:1.0)#H1:1.0::0.5):1.0):1.0,(#H1:1.0::0.5,E:1.0):1.0);","(D,(A,(B,(C,#H6:::0.1381403219125619):0.04694207404483409):0.1844338840025256):0.06573721550247401,(E)#H6:::0.8618596780874381);",1000,4,0.5,2.0,35.865183296,4,0.704
"((A:1.0,((B:1.0,C:1.0):1.0,(D:1.0)#H1:1.0::0.5):1.0):1.0,(#H1:1.0::0.5,E:1.0):1.0);","(D,(A,(B,(C,#H6:::0.1381403219125619):0.04694207404483409):0.1844338840025256):0.06573721550247401,(E)#H6:::0.8618596780874381);",1000,4,0.75,2.0,34.643216263,4,0.704
"((A:1.0,((B:1.0,C:1.0):1.0,(D:1.0)#H1:1.0::0.5):1.0):1.0,(#H1:1.0::0.5,E:1.0):1.0);","(D,(A,(B,(C,#H6:::0.1381403219125619):0.04694207404483409):0.1844338840025256):0.06573721550247401,(E)#H6:::0.8618596780874381);",1000,4,1.0,2.0,36.110275767,4,0.704

