snaqV,ntaxa,nhybrids,runtime,threads
v1.1,4,0,0.001136205,3
v1.1,5,0,0.002965058,3
v1.1,6,0,0.00818029,3
v1.1,7,0,0.055057127,3
v1.1,8,0,0.079815961,3
v1.1,9,0,0.145343915,3
v1.1,10,0,0.562940017,3
v1.1,11,0,0.778132784,3
v1.1,12,0,1.622888616,3
v1.1,13,0,0.30117941,3
v1.1,14,0,5.782191327,3
v1.1,15,0,0.498733794,3
v1.1,16,0,10.444405886,3
v1.1,17,0,13.565029349,3
v1.1,4,0,4.277425306,3
v1.1,5,0,0.002820319,3
v1.1,6,0,0.008579431,3
v1.1,7,0,0.027830666,3
v1.1,8,0,0.101416514,3
v1.1,9,0,0.150536272,3
v1.1,10,0,0.589735404,3
v1.1,11,0,0.78315036,3
v1.1,12,0,1.612390859,3
v1.1,13,0,0.308357184,3
v1.1,14,0,5.378616722,3
v1.1,15,0,0.518414256,3
v1.1,16,0,10.477893402,3
v1.1,17,0,13.162977539,3
v1.1,18,0,20.739645962,3
v1.1,19,0,37.910870755,3
v1.1,20,0,56.34913473,3
v1.1,21,0,28.534197112,3
v1.1,22,0,28.583479809,3
v1.1,23,0,50.063941245,3
v1.1,24,0,7.985701529,3
v1.1,25,0,213.724825111,3
v1.1,4,0,0.000920757,3
v1.1,5,0,0.00200096,3
v1.1,6,0,0.009785313,3
v1.1,7,0,0.019386075,3
v1.1,8,0,0.086163048,3
v1.1,9,0,0.181191435,3
v1.1,10,0,0.360162625,3
v1.1,11,0,0.466872762,3
v1.1,12,0,2.578435326,3
v1.1,13,0,2.145864563,3
v1.1,14,0,3.144330961,3
v1.1,15,0,3.220969906,3
v1.1,16,0,6.762470876,3
v1.1,17,0,23.083502169,3
v1.1,18,0,13.564140364,3
v1.1,19,0,59.762967232,3
v1.1,20,0,64.722670699,3
v1.1,21,0,21.94348538,3
v1.1,22,0,44.906820518,3
v1.1,23,0,150.570718371,3
v1.1,24,0,130.648150327,3
v1.1,25,0,76.534245152,3
v1.1,4,0,0.000988798,3
v1.1,5,0,0.00272082,3
v1.1,6,0,0.006949569,3
v1.1,7,0,0.050247209,3
v1.1,8,0,0.057923768,3
v1.1,9,0,0.240855188,3
v1.1,10,0,0.430418959,3
v1.1,11,0,1.522701024,3
v1.1,12,0,1.835410944,3
v1.1,13,0,2.038025815,3
v1.1,14,0,9.532753311,3
v1.1,15,0,8.094151712,3
v1.1,16,0,7.133787577,3
v1.1,17,0,13.601971794,3
v1.1,18,0,20.66504699,3
v1.1,19,0,6.373602285,3
v1.1,20,0,91.210200577,3
v1.1,21,0,36.060224037,3
v1.1,22,0,54.190143957,3
v1.1,23,0,94.683527205,3
v1.1,24,0,166.843549781,3
v1.1,25,0,162.446800351,3
v1.1,4,0,0.000871707,3
v1.1,5,0,0.001249628,3
v1.1,6,0,0.013714445,3
v1.1,7,0,0.035343316,3
v1.1,8,0,0.110407678,3
v1.1,9,0,0.179919595,3
v1.1,10,0,0.277765144,3
v1.1,11,0,0.616980138,3
v1.1,12,0,1.318324456,3
v1.1,13,0,3.583256282,3
v1.1,14,0,4.689366839,3
v1.1,15,0,6.39936366,3
v1.1,16,0,12.349423191,3
v1.1,17,0,12.730450526,3
v1.1,18,0,32.274828148,3
v1.1,19,0,51.628713956,3
v1.1,20,0,9.511019003,3
v1.1,21,0,28.222366269,3
v1.1,22,0,37.615719359,3
v1.1,23,0,248.452365971,3
v1.1,24,0,99.734885029,3
v1.1,25,0,60.840402084,3
v1.1,4,0,0.000911813,3
v1.1,5,0,0.00234475,3
v1.1,6,0,0.007358191,3
v1.1,7,0,0.027212433,3
v1.1,8,0,0.172211808,3
v1.1,9,0,0.10600399,3
v1.1,10,0,0.440599312,3
v1.1,11,0,1.42406266,3
v1.1,12,0,1.446824344,3
v1.1,13,0,2.286588654,3
v1.1,14,0,3.982985856,3
v1.1,15,0,3.364567063,3
v1.1,16,0,14.579869681,3
v1.1,17,0,22.905123184,3
v1.1,18,0,10.349014273,3
v1.1,19,0,22.463465677,3
v1.1,20,0,22.018900536,3
v1.1,21,0,62.824827517,3
v1.1,22,0,83.839399402,3
v1.1,23,0,85.886254941,3
v1.1,24,0,148.193520322,3
v1.1,25,0,213.972121767,3
v1.1,4,0,0.000779621,3
v1.1,5,0,0.00175739,3
v1.1,6,0,0.011560325,3
v1.1,7,0,0.02411774,3
v1.1,8,0,0.050150824,3
v1.1,9,0,0.141182668,3
v1.1,10,0,0.370836028,3
v1.1,11,0,0.72044096,3
v1.1,12,0,0.613650333,3
v1.1,13,0,1.933302562,3
v1.1,14,0,3.419869261,3
v1.1,15,0,2.325776584,3
v1.1,16,0,27.756727373,3
v1.1,17,0,9.235732201,3
v1.1,18,0,15.474767515,3
v1.1,19,0,31.642452763,3
v1.1,20,0,47.240842706,3
v1.1,21,0,119.4535286,3
v1.1,22,0,38.626954095,3
v1.1,23,0,74.784305676,3
v1.1,24,0,71.611942007,3
v1.1,25,0,151.305251426,3
v1.1,4,0,0.001004316,3
v1.1,5,0,0.001841768,3
v1.1,6,0,0.005679019,3
v1.1,7,0,0.032495111,3
v1.1,8,0,0.132749715,3
v1.1,9,0,0.127934295,3
v1.1,10,0,0.262053566,3
v1.1,11,0,0.474889446,3
v1.1,12,0,1.38061683,3
v1.1,13,0,4.730081933,3
v1.1,14,0,5.67434878,3
v1.1,15,0,5.681008911,3
v1.1,16,0,9.905739656,3
v1.1,17,0,39.134428304,3
v1.1,18,0,18.970461468,3
v1.1,19,0,41.475729351,3
v1.1,20,0,31.412335089,3
v1.1,21,0,44.270158738,3
v1.1,22,0,14.292222752,3
v1.1,23,0,78.553113724,3
v1.1,24,0,113.660225725,3
v1.1,25,0,71.185518285,3
v1.1,4,0,0.000795452,3
v1.1,5,0,0.003074743,3
v1.1,6,0,0.007232338,3
v1.1,7,0,0.069439448,3
v1.1,8,0,0.057896081,3
v1.1,9,0,0.183267961,3
v1.1,10,0,0.370369573,3
v1.1,11,0,0.722260292,3
v1.1,12,0,1.708453128,3
v1.1,13,0,2.587164522,3
v1.1,14,0,3.682170586,3
v1.1,15,0,8.732160502,3
v1.1,16,0,0.758799367,3
v1.1,17,0,6.247943442,3
v1.1,18,0,25.809770385,3
v1.1,19,0,7.125727284,3
v1.1,20,0,56.227049653,3
v1.1,21,0,60.73006704,3
v1.1,22,0,41.796884327,3
v1.1,23,0,85.790876179,3
v1.1,24,0,109.998714607,3
v1.1,25,0,104.841208525,3
v1.1,4,0,0.001141698,3
v1.1,5,0,0.002247971,3
v1.1,6,0,0.005511553,3
v1.1,7,0,0.02839316,3
v1.1,8,0,0.060890164,3
v1.1,9,0,0.146193964,3
v1.1,10,0,0.533469266,3
v1.1,11,0,1.357910862,3
v1.1,12,0,1.385365344,3
v1.1,13,0,2.267578668,3
v1.1,14,0,3.567346549,3
v1.1,15,0,2.215356286,3
v1.1,16,0,4.667797229,3
v1.1,17,0,11.324772884,3
v1.1,18,0,1.546692245,3
v1.1,19,0,18.570549995,3
v1.1,20,0,113.864526031,3
v1.1,21,0,92.134810829,3
v1.1,22,0,104.648907026,3
v1.1,23,0,45.961984475,3
v1.1,24,0,50.612911761,3
v1.1,25,0,112.809914722,3
v1.1,4,0,0.000836494,3
v1.1,5,0,0.001686184,3
v1.1,6,0,0.012561864,3
v1.1,7,0,0.029846335,3
v1.1,8,0,0.109870562,3
v1.1,9,0,0.159677127,3
v1.1,10,0,0.461929196,3
v1.1,11,0,0.684623042,3
v1.1,12,0,1.407235291,3
v1.1,13,0,1.828369709,3
v1.1,14,0,5.226764054,3
v1.1,15,0,7.194455202,3
v1.1,16,0,7.101158106,3
v1.1,17,0,14.520847946,3
v1.1,18,0,15.344788905,3
v1.1,19,0,27.56652784,3
v1.1,20,0,25.963990238,3
v1.1,21,0,77.52178996,3
v1.1,22,0,184.418914367,3
v1.1,23,0,59.789128289,3
v1.1,24,0,72.765832082,3
v1.1,25,0,260.471983192,3
v1.1,4,0,0.001147581,3
v1.1,5,0,0.001748291,3
v1.1,6,0,0.007375439,3
v1.1,7,0,0.021872601,3
v1.1,8,0,0.057734486,3
v1.1,9,0,0.17839886,3
v1.1,10,0,1.115734026,3
v1.1,11,0,1.714795727,3
v1.1,12,0,1.510745194,3
v1.1,13,0,2.928874719,3
v1.1,14,0,2.912683041,3
v1.1,15,0,6.942850287,3
v1.1,16,0,11.573167009,3
v1.1,17,0,15.965678333,3
v1.1,18,0,31.997002824,3
v1.1,19,0,41.056692402,3
v1.1,20,0,85.482959842,3
v1.1,21,0,108.226499857,3
v1.1,22,0,53.495183875,3
v1.1,23,0,115.843405159,3
v1.1,24,0,76.7916623,3
v1.1,25,0,8.114716073,3
v1.1,4,0,0.001207281,3
v1.1,5,0,0.002047277,3
v1.1,6,0,0.011096541,3
v1.1,7,0,0.023090394,3
v1.1,8,0,0.097120282,3
v1.1,9,0,0.369136682,3
v1.1,10,0,1.009024298,3
v1.1,11,0,0.300694453,3
v1.1,12,0,2.543069509,3
v1.1,13,0,6.170389421,3
v1.1,14,0,6.13264449,3
v1.1,15,0,6.261606944,3
v1.1,16,0,4.979521177,3
v1.1,17,0,29.122867895,3
v1.1,18,0,14.017593605,3
v1.1,19,0,27.950199279,3
v1.1,20,0,14.968359363,3
v1.1,21,0,84.071954266,3
v1.1,22,0,63.46819948,3
v1.1,23,0,107.840578499,3
v1.1,24,0,38.257086406,3
v1.1,25,0,77.654686072,3
v1.1,4,0,0.001613142,3
v1.1,5,0,0.002251148,3
v1.1,6,0,0.011079672,3
v1.1,7,0,0.022144793,3
v1.1,8,0,0.244926914,3
v1.1,9,0,0.151241195,3
v1.1,10,0,0.206384774,3
v1.1,11,0,0.963326648,3
v1.1,12,0,1.789343643,3
v1.1,13,0,3.554646595,3
v1.1,14,0,5.652734904,3
v1.1,15,0,9.743957833,3
v1.1,16,0,3.283332931,3
v1.1,17,0,10.957075673,3
v1.1,18,0,15.02548747,3
v1.1,19,0,44.565735054,3
v1.1,20,0,56.403551511,3
v1.1,21,0,49.093938641,3
v1.1,22,0,105.589369433,3
v1.1,23,0,48.301107259,3
v1.1,24,0,176.664365373,3
v1.1,25,0,155.458296476,3
v1.1,4,0,0.000964931,3
v1.1,5,0,0.0018973,3
v1.1,6,0,0.007119655,3
v1.1,7,0,0.018426419,3
v1.1,8,0,0.077766062,3
v1.1,9,0,0.166239847,3
v1.1,10,0,0.728343331,3
v1.1,11,0,0.945833599,3
v1.1,12,0,1.258103361,3
v1.1,13,0,4.172404099,3
v1.1,14,0,2.52714891,3
v1.1,15,0,4.706042167,3
v1.1,16,0,2.248985227,3
v1.1,17,0,5.780941996,3
v1.1,18,0,17.312234098,3
v1.1,19,0,24.12350604,3
v1.1,20,0,92.405072183,3
v1.1,21,0,72.580660952,3
v1.1,22,0,95.77365003,3
v1.1,23,0,74.208457367,3
v1.1,24,0,98.152588442,3
v1.1,25,0,188.687414338,3
v1.1,4,0,0.000837732,3
v1.1,5,0,0.001885701,3
v1.1,6,0,0.00550779,3
v1.1,7,0,0.052920691,3
v1.1,8,0,0.066467862,3
v1.1,9,0,0.180121932,3
v1.1,10,0,0.387957623,3
v1.1,11,0,2.586692922,3
v1.1,12,0,1.142473953,3
v1.1,13,0,3.15563126,3
v1.1,14,0,15.907898951,3
v1.1,15,0,4.137133632,3
v1.1,16,0,8.627542991,3
v1.1,17,0,11.141959353,3
v1.1,18,0,4.583431383,3
v1.1,19,0,46.946407874,3
v1.1,20,0,38.603877331,3
v1.1,21,0,20.005115201,3
v1.1,22,0,99.897946142,3
v1.1,23,0,85.627929802,3
v1.1,24,0,88.589580292,3
v1.1,25,0,172.199671514,3
v1.1,4,0,0.001156315,3
v1.1,5,0,0.001895576,3
v1.1,6,0,0.005340748,3
v1.1,7,0,0.021312326,3
v1.1,8,0,0.080575424,3
v1.1,9,0,0.183519158,3
v1.1,10,0,0.773649294,3
v1.1,11,0,0.83144757,3
v1.1,12,0,1.318299747,3
v1.1,13,0,2.946055721,3
v1.1,14,0,4.124974025,3
v1.1,15,0,8.774639255,3
v1.1,16,0,8.181828975,3
v1.1,17,0,17.637523627,3
v1.1,18,0,7.791973081,3
v1.1,19,0,33.092052819,3
v1.1,20,0,2.887886282,3
v1.1,21,0,16.981860501,3
v1.1,22,0,129.2810352,3
v1.1,23,0,176.266777337,3
v1.1,24,0,99.380297906,3
v1.1,25,0,193.086913945,3
v1.1,4,0,0.001104328,3
v1.1,5,0,0.002109713,3
v1.1,6,0,0.010651914,3
v1.1,7,0,0.024882726,3
v1.1,8,0,0.089382166,3
v1.1,9,0,0.160002342,3
v1.1,10,0,0.251522303,3
v1.1,11,0,1.157018362,3
v1.1,12,0,1.724933414,3
v1.1,13,0,1.743146178,3
v1.1,14,0,2.474775636,3
v1.1,15,0,6.388985852,3
v1.1,16,0,7.442427732,3
v1.1,17,0,26.798600422,3
v1.1,18,0,25.769447818,3
v1.1,19,0,33.738172018,3
v1.1,20,0,39.085464922,3
v1.1,21,0,42.969203749,3
v1.1,22,0,64.537929942,3
v1.1,23,0,172.868239478,3
v1.1,24,0,312.775491149,3
v1.1,25,0,170.543295294,3
v1.1,4,0,0.000806558,3
v1.1,5,0,0.002102338,3
v1.1,6,0,0.011011099,3
v1.1,7,0,0.028461762,3
v1.1,8,0,0.092882786,3
v1.1,9,0,0.242554318,3
v1.1,10,0,0.560911325,3
v1.1,11,0,0.449700094,3
v1.1,12,0,1.589338027,3
v1.1,13,0,2.872281365,3
v1.1,14,0,3.299782841,3
v1.1,15,0,1.823864701,3
v1.1,16,0,12.648280099,3
v1.1,17,0,27.134487284,3
v1.1,18,0,10.762502658,3
v1.1,19,0,45.502793446,3
v1.1,20,0,26.638139199,3
v1.1,21,0,23.562846847,3
v1.1,22,0,118.135506854,3
v1.1,23,0,50.441090127,3
v1.1,24,0,300.911531933,3
v1.1,25,0,143.055659724,3
v1.1,4,0,0.000753602,3
v1.1,5,0,0.002192533,3
v1.1,6,0,0.002423911,3
v1.1,7,0,0.054784799,3
v1.1,8,0,0.113724833,3
v1.1,9,0,0.163156905,3
v1.1,10,0,0.427639549,3
v1.1,11,0,0.840186274,3
v1.1,12,0,0.847006547,3
v1.1,13,0,3.209119983,3
v1.1,14,0,1.686101573,3
v1.1,15,0,13.681530788,3
v1.1,16,0,12.858237967,3
v1.1,17,0,15.095264927,3
v1.1,18,0,6.398149601,3
v1.1,19,0,19.135662503,3
v1.1,20,0,2.984185562,3
v1.1,21,0,131.325094353,3
v1.1,22,0,17.337439674,3
v1.1,23,0,120.876185839,3
v1.1,24,0,77.502104491,3
v1.1,25,0,204.148015933,3
v1.1,4,0,0.000813969,3
v1.1,5,0,0.002256887,3
v1.1,6,0,0.006793472,3
v1.1,7,0,0.028914036,3
v1.1,8,0,0.10277002,3
v1.1,9,0,0.196094942,3
v1.1,10,0,0.150565393,3
v1.1,11,0,0.920521966,3
v1.1,12,0,1.106399339,3
v1.1,13,0,0.520524622,3
v1.1,14,0,1.991307704,3
v1.1,15,0,9.852432215,3
v1.1,16,0,6.695079524,3
v1.1,17,0,14.377653842,3
v1.1,18,0,31.501664283,3
v1.1,19,0,29.747499127,3
v1.1,20,0,21.134100395,3
v1.1,21,0,3.649406819,3
v1.1,22,0,52.646043586,3
v1.1,23,0,119.490382976,3
v1.1,24,0,277.355375912,3
v1.1,25,0,99.89347196,3
v1.1,4,0,0.000952976,3
v1.1,5,0,0.001818601,3
v1.1,6,0,0.011613833,3
v1.1,7,0,0.031999168,3
v1.1,8,0,0.06024848,3
v1.1,9,0,0.206011154,3
v1.1,10,0,0.41215403,3
v1.1,11,0,1.443315897,3
v1.1,12,0,1.28016477,3
v1.1,13,0,3.777185917,3
v1.1,14,0,4.683746406,3
v1.1,15,0,14.242741096,3
v1.1,16,0,5.078975307,3
v1.1,17,0,9.93285879,3
v1.1,18,0,18.173996696,3
v1.1,19,0,7.985971758,3
v1.1,20,0,57.018512142,3
v1.1,21,0,98.394400768,3
v1.1,22,0,31.743187917,3
v1.1,23,0,43.694837083,3
v1.1,24,0,97.124463314,3
v1.1,25,0,102.406299563,3
v1.1,4,0,0.000912183,3
v1.1,5,0,0.001828482,3
v1.1,6,0,0.052254608,3
v1.1,7,0,0.046208473,3
v1.1,8,0,0.086922183,3
v1.1,9,0,0.174726009,3
v1.1,10,0,0.461670537,3
v1.1,11,0,0.652120481,3
v1.1,12,0,1.359265822,3
v1.1,13,0,1.892552838,3
v1.1,14,0,8.972812884,3
v1.1,15,0,4.85196229,3
v1.1,16,0,1.881969079,3
v1.1,17,0,6.280068859,3
v1.1,18,0,8.361497749,3
v1.1,19,0,13.023048277,3
v1.1,20,0,61.194301344,3
v1.1,21,0,12.029291926,3
v1.1,22,0,68.479544698,3
v1.1,23,0,89.910336929,3
v1.1,24,0,130.050457465,3
v1.1,25,0,76.633668441,3
v1.1,4,0,0.000831963,3
v1.1,5,0,0.003355045,3
v1.1,6,0,0.011163267,3
v1.1,7,0,0.015891494,3
v1.1,8,0,0.117701209,3
v1.1,9,0,0.325575287,3
v1.1,10,0,0.166942831,3
v1.1,11,0,0.505046808,3
v1.1,12,0,0.764527422,3
v1.1,13,0,3.714026949,3
v1.1,14,0,2.37520999,3
v1.1,15,0,5.380159456,3
v1.1,16,0,15.460175186,3
v1.1,17,0,11.842485871,3
v1.1,18,0,15.481135881,3
v1.1,19,0,26.804188487,3
v1.1,20,0,112.863536251,3
v1.1,21,0,53.989958298,3
v1.1,22,0,74.622426121,3
v1.1,23,0,117.032660469,3
v1.1,24,0,162.911521231,3
v1.1,25,0,358.661823972,3
v1.1,4,0,0.000889257,3
v1.1,5,0,0.001618306,3
v1.1,6,0,0.008097883,3
v1.1,7,0,0.031873628,3
v1.1,8,0,0.132125099,3
v1.1,9,0,0.095550267,3
v1.1,10,0,0.378923631,3
v1.1,11,0,1.289462129,3
v1.1,12,0,1.915508789,3
v1.1,13,0,3.40346793,3
v1.1,14,0,7.866827908,3
v1.1,15,0,3.581743564,3
v1.1,16,0,4.012916474,3
v1.1,17,0,25.118647292,3
v1.1,18,0,47.890219349,3
v1.1,19,0,19.638752814,3
v1.1,20,0,31.854946942,3
v1.1,21,0,70.163322271,3
v1.1,22,0,74.668355136,3
v1.1,23,0,49.162261164,3
v1.1,24,0,173.552355127,3
v1.1,25,0,173.727498163,3
v1.1,4,0,0.001414667,3
v1.1,5,0,0.001942577,3
v1.1,6,0,0.007267355,3
v1.1,7,0,0.011308929,3
v1.1,8,0,0.105616938,3
v1.1,9,0,0.363267662,3
v1.1,10,0,0.540801921,3
v1.1,11,0,0.902857428,3
v1.1,12,0,1.076278511,3
v1.1,13,0,1.530094651,3
v1.1,14,0,4.40977634,3
v1.1,15,0,8.247028156,3
v1.1,16,0,0.63430463,3
v1.1,17,0,13.869362021,3
v1.1,18,0,5.622625269,3
v1.1,19,0,48.205557485,3
v1.1,20,0,56.343024752,3
v1.1,21,0,86.096043783,3
v1.1,22,0,56.112442372,3
v1.1,23,0,133.00669542,3
v1.1,24,0,44.195835402,3
v1.1,25,0,128.334414757,3
v1.1,4,0,0.001362569,3
v1.1,5,0,0.002471159,3
v1.1,6,0,0.005554457,3
v1.1,7,0,0.019005289,3
v1.1,8,0,0.03056005,3
v1.1,9,0,0.177828796,3
v1.1,10,0,0.355347734,3
v1.1,11,0,0.639052023,3
v1.1,12,0,1.097751164,3
v1.1,13,0,2.271590902,3
v1.1,14,0,2.31009936,3
v1.1,15,0,10.779479008,3
v1.1,16,0,7.367946462,3
v1.1,17,0,7.935553521,3
v1.1,18,0,24.599787355,3
v1.1,19,0,32.576262665,3
v1.1,20,0,12.792293546,3
v1.1,21,0,124.632401171,3
v1.1,22,0,79.177705438,3
v1.1,23,0,22.69017287,3
v1.1,24,0,86.699688039,3
v1.1,25,0,72.009668399,3
v1.1,4,0,0.000847523,3
v1.1,5,0,0.00182747,3
v1.1,6,0,0.008171733,3
v1.1,7,0,0.065924341,3
v1.1,8,0,0.072782751,3
v1.1,9,0,0.082643715,3
v1.1,10,0,0.389814309,3
v1.1,11,0,0.570090093,3
v1.1,12,0,2.492980578,3
v1.1,13,0,1.602566807,3
v1.1,14,0,2.310198377,3
v1.1,15,0,2.310760311,3
v1.1,16,0,9.146506737,3
v1.1,17,0,20.41799267,3
v1.1,18,0,29.550365077,3
v1.1,19,0,27.480280568,3
v1.1,20,0,17.4317127,3
v1.1,21,0,40.299606801,3
v1.1,22,0,36.07027236,3
v1.1,23,0,5.390512392,3
v1.1,24,0,64.650276396,3
v1.1,25,0,356.073604614,3
v1.1,4,0,0.000814833,3
v1.1,5,0,0.001539805,3
v1.1,6,0,0.006423028,3
v1.1,7,0,0.023340369,3
v1.1,8,0,0.122043376,3
v1.1,9,0,0.215329696,3
v1.1,10,0,0.638025557,3
v1.1,11,0,0.517275291,3
v1.1,12,0,1.228586483,3
v1.1,13,0,2.299320068,3
v1.1,14,0,3.71403044,3
v1.1,15,0,2.867640519,3
v1.1,16,0,15.229835293,3
v1.1,17,0,20.895388353,3
v1.1,18,0,19.032679321,3
v1.1,19,0,95.059736715,3
v1.1,20,0,3.100596006,3
v1.1,21,0,43.357609633,3
v1.1,22,0,75.594369943,3
v1.1,23,0,102.094433605,3
v1.1,24,0,6.295528016,3
v1.1,25,0,154.38988116,3
v1.1,4,0,0.00086439,3
v1.1,5,0,0.002004324,3
v1.1,6,0,0.056518581,3
v1.1,7,0,0.021204158,3
v1.1,8,0,0.112179057,3
v1.1,9,0,0.242438195,3
v1.1,10,0,0.239944214,3
v1.1,11,0,1.441708846,3
v1.1,12,0,1.24546011,3
v1.1,13,0,2.62426136,3
v1.1,14,0,7.177053459,3
v1.1,15,0,4.301313792,3
v1.1,16,0,7.209280267,3
v1.1,17,0,34.523195912,3
v1.1,18,0,13.124562651,3
v1.1,19,0,35.682190963,3
v1.1,20,0,3.152174892,3
v1.1,21,0,56.50300297,3
v1.1,22,0,54.836256393,3
v1.1,23,0,201.658966541,3
v1.1,24,0,183.485597521,3
v1.1,25,0,152.504305965,3
v1.1,4,0,0.000890465,3
v1.1,5,0,0.001804072,3
v1.1,6,0,0.004670516,3
v1.1,7,0,0.021478044,3
v1.1,8,0,0.123156553,3
v1.1,9,0,0.232698346,3
v1.1,10,0,0.383660859,3
v1.1,11,0,1.846340161,3
v1.1,12,0,1.295034755,3
v1.1,13,0,2.681301837,3
v1.1,14,0,4.53841681,3
v1.1,15,0,7.219582923,3
v1.1,16,0,14.60421195,3
v1.1,17,0,10.424397436,3
v1.1,18,0,23.976666408,3
v1.1,19,0,30.989970413,3
v1.1,20,0,33.322936125,3
v1.1,21,0,39.242465514,3
v1.1,22,0,96.419409174,3
v1.1,23,0,24.844116629,3
v1.1,24,0,120.567287245,3
v1.1,25,0,283.173613197,3
v1.1,4,0,0.00089617,3
v1.1,5,0,0.001963905,3
v1.1,6,0,0.005465702,3
v1.1,7,0,0.061498258,3
v1.1,8,0,0.13417276,3
v1.1,9,0,0.084619093,3
v1.1,10,0,0.54550255,3
v1.1,11,0,1.974277753,3
v1.1,12,0,1.147272526,3
v1.1,13,0,4.182930853,3
v1.1,14,0,6.667222964,3
v1.1,15,0,2.777742227,3
v1.1,16,0,20.635626227,3
v1.1,17,0,17.787555109,3
v1.1,18,0,25.622706794,3
v1.1,19,0,21.148977504,3
v1.1,20,0,38.031982595,3
v1.1,21,0,64.584142229,3
v1.1,22,0,75.767721376,3
v1.1,23,0,76.081381109,3
v1.1,24,0,24.994204544,3
v1.1,25,0,36.815288059,3
v1.1,4,0,0.000787887,3
v1.1,5,0,0.001636011,3
v1.1,6,0,0.006472067,3
v1.1,7,0,0.139420213,3
v1.1,8,0,0.095070055,3
v1.1,9,0,0.024316328,3
v1.1,10,0,0.335990313,3
v1.1,11,0,1.088378509,3
v1.1,12,0,2.142956434,3
v1.1,13,0,3.037144864,3
v1.1,14,0,1.422973921,3
v1.1,15,0,5.963932411,3
v1.1,16,0,9.641676642,3
v1.1,17,0,15.510190175,3
v1.1,18,0,11.414932155,3
v1.1,19,0,73.087152793,3
v1.1,20,0,10.338762764,3
v1.1,21,0,48.725282368,3
v1.1,22,0,66.957443169,3
v1.1,23,0,97.017219826,3
v1.1,24,0,101.622762845,3
v1.1,25,0,157.778990225,3
v1.1,4,0,0.000818884,3
v1.1,5,0,0.003757924,3
v1.1,6,0,0.002664396,3
v1.1,7,0,0.020288942,3
v1.1,8,0,0.146934134,3
v1.1,9,0,0.188917049,3
v1.1,10,0,0.21794188,3
v1.1,11,0,0.915546434,3
v1.1,12,0,1.414950826,3
v1.1,13,0,1.493828256,3
v1.1,14,0,4.556958354,3
v1.1,15,0,5.16603086,3
v1.1,16,0,13.161994807,3
v1.1,17,0,17.228549004,3
v1.1,18,0,21.061423612,3
v1.1,19,0,36.010544715,3
v1.1,20,0,22.607357459,3
v1.1,21,0,67.531311324,3
v1.1,22,0,180.714217892,3
v1.1,23,0,248.596424883,3
v1.1,24,0,35.565097698,3
v1.1,25,0,54.717095548,3
v1.1,4,0,0.000900449,3
v1.1,5,0,0.002817207,3
v1.1,6,0,0.005379091,3
v1.1,7,0,0.047417931,3
v1.1,8,0,0.051285698,3
v1.1,9,0,0.146358933,3
v1.1,10,0,0.67838457,3
v1.1,11,0,0.539337472,3
v1.1,12,0,0.816975915,3
v1.1,13,0,8.806593853,3
v1.1,14,0,2.928447982,3
v1.1,15,0,5.372787598,3
v1.1,16,0,6.152441845,3
v1.1,17,0,11.222030776,3
v1.1,18,0,4.503317513,3
v1.1,19,0,35.944320189,3
v1.1,20,0,34.074745474,3
v1.1,21,0,53.962133693,3
v1.1,22,0,149.428876896,3
v1.1,23,0,71.225400623,3
v1.1,24,0,127.363544771,3
v1.1,25,0,81.800139692,3
v1.1,4,0,0.001183912,3
v1.1,5,0,0.002084893,3
v1.1,6,0,0.007282088,3
v1.1,7,0,0.018744197,3
v1.1,8,0,0.228668567,3
v1.1,9,0,0.255558716,3
v1.1,10,0,0.175488331,3
v1.1,11,0,1.263185429,3
v1.1,12,0,2.392747455,3
v1.1,13,0,2.900603281,3
v1.1,14,0,3.19281709,3
v1.1,15,0,8.488846855,3
v1.1,16,0,17.007523305,3
v1.1,17,0,6.198035895,3
v1.1,18,0,8.140114863,3
v1.1,19,0,57.411448297,3
v1.1,20,0,46.442192757,3
v1.1,21,0,14.941666919,3
v1.1,22,0,13.022908306,3
v1.1,23,0,22.255187901,3
v1.1,24,0,116.917292071,3
v1.1,25,0,62.255906908,3
v1.1,4,0,0.000821755,3
v1.1,5,0,0.001587409,3
v1.1,6,0,0.00531029,3
v1.1,7,0,0.02410867,3
v1.1,8,0,0.060230717,3
v1.1,9,0,0.178635267,3
v1.1,10,0,0.571200043,3
v1.1,11,0,0.620395922,3
v1.1,12,0,2.800149613,3
v1.1,13,0,5.601022305,3
v1.1,14,0,4.09507115,3
v1.1,15,0,5.764889864,3
v1.1,16,0,5.009452881,3
v1.1,17,0,11.548317617,3
v1.1,18,0,11.090144003,3
v1.1,19,0,14.204038928,3
v1.1,20,0,2.468439525,3
v1.1,21,0,47.614716373,3
v1.1,22,0,165.839009812,3
v1.1,23,0,111.460342064,3
v1.1,24,0,95.55477871,3
v1.1,25,0,9.241271405,3
v1.1,4,0,0.000776828,3
v1.1,5,0,0.002804614,3
v1.1,6,0,0.005893202,3
v1.1,7,0,0.059755999,3
v1.1,8,0,0.051978744,3
v1.1,9,0,0.209573895,3
v1.1,10,0,0.246819615,3
v1.1,11,0,0.701137094,3
v1.1,12,0,1.413328759,3
v1.1,13,0,1.282099919,3
v1.1,14,0,3.91964692,3
v1.1,15,0,5.285601883,3
v1.1,16,0,8.934677772,3
v1.1,17,0,9.593424343,3
v1.1,18,0,37.47233825,3
v1.1,19,0,7.829514398,3
v1.1,20,0,49.532180214,3
v1.1,21,0,23.310328557,3
v1.1,22,0,46.743332855,3
v1.1,23,0,117.158059811,3
v1.1,24,0,135.887891766,3
v1.1,25,0,72.155749559,3
v1.1,4,0,0.00089429,3
v1.1,5,0,0.006029932,3
v1.1,6,0,0.005446839,3
v1.1,7,0,0.037782129,3
v1.1,8,0,0.039550428,3
v1.1,9,0,0.303318804,3
v1.1,10,0,0.402894505,3
v1.1,11,0,0.990678235,3
v1.1,12,0,0.503039818,3
v1.1,13,0,2.636771971,3
v1.1,14,0,3.799161449,3
v1.1,15,0,6.175117627,3
v1.1,16,0,9.876654044,3
v1.1,17,0,18.822037995,3
v1.1,18,0,49.815730163,3
v1.1,19,0,42.342062449,3
v1.1,20,0,86.638904977,3
v1.1,21,0,106.423694478,3
v1.1,22,0,27.342372579,3
v1.1,23,0,220.288752025,3
v1.1,24,0,206.746313192,3
v1.1,25,0,191.968225621,3
v1.1,4,0,0.000756457,3
v1.1,5,0,0.002123672,3
v1.1,6,0,0.004638763,3
v1.1,7,0,0.021286108,3
v1.1,8,0,0.126975939,3
v1.1,9,0,0.189304973,3
v1.1,10,0,0.257405633,3
v1.1,11,0,0.445213467,3
v1.1,12,0,1.464121227,3
v1.1,13,0,2.034722154,3
v1.1,14,0,3.841798477,3
v1.1,15,0,11.801958897,3
v1.1,16,0,4.284806997,3
v1.1,17,0,49.912790932,3
v1.1,18,0,8.477523038,3
v1.1,19,0,21.706761206,3
v1.1,20,0,37.293979273,3
v1.1,21,0,75.93417005,3
v1.1,22,0,37.74224412,3
v1.1,23,0,106.171130582,3
v1.1,24,0,141.472546564,3
v1.1,25,0,299.228641599,3
v1.1,4,0,0.001189505,3
v1.1,5,0,0.002633314,3
v1.1,6,0,0.043664206,3
v1.1,7,0,0.017619934,3
v1.1,8,0,0.058581121,3
v1.1,9,0,0.242644915,3
v1.1,10,0,0.980418097,3
v1.1,11,0,0.451434528,3
v1.1,12,0,1.745656034,3
v1.1,13,0,1.789233411,3
v1.1,14,0,5.753441695,3
v1.1,15,0,11.725719049,3
v1.1,16,0,6.265624781,3
v1.1,17,0,19.169734279,3
v1.1,18,0,15.411298747,3
v1.1,19,0,54.708053645,3
v1.1,20,0,3.606466147,3
v1.1,21,0,23.513666631,3
v1.1,22,0,4.336281495,3
v1.1,23,0,73.423846611,3
v1.1,24,0,108.286268371,3
v1.1,25,0,217.001828077,3
v1.1,4,0,0.00073368,3
v1.1,5,0,0.002907107,3
v1.1,6,0,0.00778738,3
v1.1,7,0,0.016230986,3
v1.1,8,0,0.221973605,3
v1.1,9,0,0.224393903,3
v1.1,10,0,0.400294572,3
v1.1,11,0,0.996809376,3
v1.1,12,0,1.319547113,3
v1.1,13,0,1.361686156,3
v1.1,14,0,7.434840608,3
v1.1,15,0,4.265111859,3
v1.1,16,0,12.266441379,3
v1.1,17,0,11.905694678,3
v1.1,18,0,20.616751139,3
v1.1,19,0,42.700369421,3
v1.1,20,0,27.483233278,3
v1.1,21,0,66.807250759,3
v1.1,22,0,31.696539657,3
v1.1,23,0,149.59930437,3
v1.1,24,0,189.759352705,3
v1.1,25,0,210.369443902,3
v1.1,4,0,0.001197834,3
v1.1,5,0,0.002189002,3
v1.1,6,0,0.009227392,3
v1.1,7,0,0.024061402,3
v1.1,8,0,0.094269024,3
v1.1,9,0,0.347882476,3
v1.1,10,0,0.064810267,3
v1.1,11,0,0.647390194,3
v1.1,12,0,2.626822678,3
v1.1,13,0,1.888041981,3
v1.1,14,0,5.262289039,3
v1.1,15,0,12.462520921,3
v1.1,16,0,2.083603271,3
v1.1,17,0,7.111577584,3
v1.1,18,0,16.15318955,3
v1.1,19,0,70.871637001,3
v1.1,20,0,63.979279642,3
v1.1,21,0,52.751316868,3
v1.1,22,0,62.440752343,3
v1.1,23,0,18.804470244,3
v1.1,24,0,110.801411448,3
v1.1,25,0,74.268535987,3
v1.1,4,0,0.000827535,3
v1.1,5,0,0.003243563,3
v1.1,6,0,0.008770873,3
v1.1,7,0,0.041585006,3
v1.1,8,0,0.197871951,3
v1.1,9,0,0.146721368,3
v1.1,10,0,0.472081511,3
v1.1,11,0,0.554869805,3
v1.1,12,0,3.090125685,3
v1.1,13,0,2.245463921,3
v1.1,14,0,3.899318924,3
v1.1,15,0,0.552634979,3
v1.1,16,0,5.897746191,3
v1.1,17,0,18.643646726,3
v1.1,18,0,19.426469853,3
v1.1,19,0,51.248584365,3
v1.1,20,0,39.744477208,3
v1.1,21,0,56.578519248,3
v1.1,22,0,32.152602779,3
v1.1,23,0,69.263662241,3
v1.1,24,0,64.531656091,3
v1.1,25,0,142.50842425,3
v1.1,4,0,0.000783304,3
v1.1,5,0,0.00678599,3
v1.1,6,0,0.008867744,3
v1.1,7,0,0.022867973,3
v1.1,8,0,0.100083663,3
v1.1,9,0,0.583335676,3
v1.1,10,0,0.336677272,3
v1.1,11,0,1.753538566,3
v1.1,12,0,2.602467062,3
v1.1,13,0,0.907688364,3
v1.1,14,0,6.464448622,3
v1.1,15,0,8.575436217,3
v1.1,16,0,11.964481163,3
v1.1,17,0,8.869307072,3
v1.1,18,0,1.723408183,3
v1.1,19,0,20.596999645,3
v1.1,20,0,41.111483313,3
v1.1,21,0,87.012757834,3
v1.1,22,0,44.950039058,3
v1.1,23,0,32.906666558,3
v1.1,24,0,21.235255217,3
v1.1,25,0,113.873133911,3
v1.1,4,0,0.000833246,3
v1.1,5,0,0.002180808,3
v1.1,6,0,0.009779819,3
v1.1,7,0,0.018218464,3
v1.1,8,0,0.02062873,3
v1.1,9,0,0.243659253,3
v1.1,10,0,0.239054421,3
v1.1,11,0,0.71513471,3
v1.1,12,0,1.869153702,3
v1.1,13,0,1.790060372,3
v1.1,14,0,4.474618201,3
v1.1,15,0,0.523852,3
v1.1,16,0,5.254102437,3
v1.1,17,0,6.844550018,3
v1.1,18,0,1.638941849,3
v1.1,19,0,8.961184493,3
v1.1,20,0,62.231980594,3
v1.1,21,0,84.294098915,3
v1.1,22,0,52.617976892,3
v1.1,23,0,6.379053967,3
v1.1,24,0,150.131245957,3
v1.1,25,0,186.196331222,3
v1.1,4,0,0.000755944,3
v1.1,5,0,0.003392887,3
v1.1,6,0,0.006509626,3
v1.1,7,0,0.037686925,3
v1.1,8,0,0.025067449,3
v1.1,9,0,0.080853594,3
v1.1,10,0,0.34839571,3
v1.1,11,0,0.711392777,3
v1.1,12,0,0.41534519,3
v1.1,13,0,1.863249556,3
v1.1,14,0,3.457952416,3
v1.1,15,0,7.47701764,3
v1.1,16,0,20.795867584,3
v1.1,17,0,4.358028236,3
v1.1,18,0,11.4892637,3
v1.1,19,0,33.578706311,3
v1.1,20,0,38.481779693,3
v1.1,21,0,38.592574949,3
v1.1,22,0,135.426968382,3
v1.1,23,0,29.487320846,3
v1.1,24,0,321.066650724,3
v1.1,25,0,45.864809711,3
v1.1,4,0,0.001128849,3
v1.1,5,0,0.002028187,3
v1.1,6,0,0.006174067,3
v1.1,7,0,0.021667403,3
v1.1,8,0,0.104239893,3
v1.1,9,0,0.407820755,3
v1.1,10,0,0.337651796,3
v1.1,11,0,0.487783644,3
v1.1,12,0,2.708479132,3
v1.1,13,0,0.913314279,3
v1.1,14,0,5.84432108,3
v1.1,15,0,5.718396741,3
v1.1,16,0,13.265377733,3
v1.1,17,0,14.254398992,3
v1.1,18,0,22.035878613,3
v1.1,19,0,11.294832537,3
v1.1,20,0,82.536272543,3
v1.1,21,0,90.781175186,3
v1.1,22,0,40.568656146,3
v1.1,23,0,44.953257962,3
v1.1,24,0,132.938567176,3
v1.1,25,0,123.047349086,3
v1.1,4,0,0.001031396,3
v1.1,5,0,0.002684858,3
v1.1,6,0,0.009087968,3
v1.1,7,0,0.079585575,3
v1.1,8,0,0.037894712,3
v1.1,9,0,0.16211174,3
v1.1,10,0,0.401701665,3
v1.1,11,0,0.889915345,3
v1.1,12,0,2.092052464,3
v1.1,13,0,2.398402563,3
v1.1,14,0,0.365837501,3
v1.1,15,0,4.373448735,3
v1.1,16,0,5.877573109,3
v1.1,17,0,17.58483984,3
v1.1,18,0,6.753910722,3
v1.1,19,0,7.46635604,3
v1.1,20,0,19.676624535,3
v1.1,21,0,57.266305022,3
v1.1,22,0,35.07629805,3
v1.1,23,0,121.352985733,3
v1.1,24,0,174.004590797,3
v1.1,25,0,180.371752718,3
v1.1,4,0,0.000845331,3
v1.1,5,0,0.001940668,3
v1.1,6,0,0.005713838,3
v1.1,7,0,0.017191101,3
v1.1,8,0,0.038185239,3
v1.1,9,0,0.139889252,3
v1.1,10,0,0.497524661,3
v1.1,11,0,0.558305152,3
v1.1,12,0,3.069261029,3
v1.1,13,0,4.727933073,3
v1.1,14,0,2.534520611,3
v1.1,15,0,4.601959671,3
v1.1,16,0,3.805477882,3
v1.1,17,0,1.339206101,3
v1.1,18,0,35.443888713,3
v1.1,19,0,39.537916819,3
v1.1,20,0,32.309461429,3
v1.1,21,0,68.620377137,3
v1.1,22,0,23.389811947,3
v1.1,23,0,69.091476758,3
v1.1,24,0,76.81915221,3
v1.1,25,0,211.859764888,3
v1.1,4,0,0.000910369,3
v1.1,5,0,0.00251285,3
v1.1,6,0,0.009004213,3
v1.1,7,0,0.019443774,3
v1.1,8,0,0.281190861,3
v1.1,9,0,0.280801567,3
v1.1,10,0,0.451819545,3
v1.1,11,0,0.335975588,3
v1.1,12,0,0.99753753,3
v1.1,13,0,2.930465762,3
v1.1,14,0,3.848094917,3
v1.1,15,0,17.631236175,3
v1.1,16,0,6.404649504,3
v1.1,17,0,12.971548886,3
v1.1,18,0,26.554594928,3
v1.1,19,0,32.107185506,3
v1.1,20,0,46.069200473,3
v1.1,21,0,76.371485,3
v1.1,22,0,61.740197639,3
v1.1,23,0,154.207295284,3
v1.1,24,0,270.601689784,3
v1.1,25,0,87.421449384,3
v1.1,4,0,0.001075447,3
v1.1,5,0,0.002147356,3
v1.1,6,0,0.011748333,3
v1.1,7,0,0.098320361,3
v1.1,8,0,0.080609798,3
v1.1,9,0,0.230942251,3
v1.1,10,0,3.601767426,3
v1.1,11,0,1.557675807,3
v1.1,12,0,0.9900957,3
v1.1,13,0,2.16573731,3
v1.1,14,0,1.44195123,3
v1.1,15,0,0.474809979,3
v1.1,16,0,9.970421443,3
v1.1,17,0,13.718736434,3
v1.1,18,0,7.978889122,3
v1.1,19,0,88.617862186,3
v1.1,20,0,27.976185607,3
v1.1,21,0,41.228841825,3
v1.1,22,0,102.859217442,3
v1.1,23,0,162.403030024,3
v1.1,24,0,137.371156551,3
v1.1,25,0,150.944487651,3
v1.1,4,0,0.001139222,3
v1.1,5,0,0.002428472,3
v1.1,6,0,0.009646461,3
v1.1,7,0,0.038734748,3
v1.1,8,0,0.0934834,3
v1.1,9,0,0.18518472,3
v1.1,10,0,0.322936004,3
v1.1,11,0,1.281565847,3
v1.1,12,0,1.226717527,3
v1.1,13,0,3.829443801,3
v1.1,14,0,5.786130291,3
v1.1,15,0,9.454493583,3
v1.1,16,0,20.24577743,3
v1.1,17,0,16.34076456,3
v1.1,18,0,16.208696327,3
v1.1,19,0,33.668864861,3
v1.1,20,0,64.322616385,3
v1.1,21,0,55.067929917,3
v1.1,22,0,147.649318671,3
v1.1,23,0,91.550128138,3
v1.1,24,0,169.151405217,3
v1.1,25,0,153.286906626,3
v1.1,4,0,0.001138651,3
v1.1,5,0,0.002250513,3
v1.1,6,0,0.0093281,3
v1.1,7,0,0.025011763,3
v1.1,8,0,0.090138954,3
v1.1,9,0,0.238195459,3
v1.1,10,0,0.254471836,3
v1.1,11,0,0.080960408,3
v1.1,12,0,1.085243146,3
v1.1,13,0,0.236399169,3
v1.1,14,0,6.849538568,3
v1.1,15,0,7.370117395,3
v1.1,16,0,2.636332256,3
v1.1,17,0,19.747340888,3
v1.1,18,0,83.574532535,3
v1.1,19,0,27.325835524,3
v1.1,20,0,43.528504185,3
v1.1,21,0,38.716050622,3
v1.1,22,0,83.901927573,3
v1.1,23,0,53.398789685,3
v1.1,24,0,145.355667247,3
v1.1,25,0,136.886111803,3
v1.1,4,0,0.00086852,3
v1.1,5,0,0.002667821,3
v1.1,6,0,0.009641776,3
v1.1,7,0,0.028553002,3
v1.1,8,0,0.058914742,3
v1.1,9,0,0.313259535,3
v1.1,10,0,0.39782807,3
v1.1,11,0,0.782560271,3
v1.1,12,0,1.465078949,3
v1.1,13,0,3.016202563,3
v1.1,14,0,1.443448322,3
v1.1,15,0,2.967839714,3
v1.1,16,0,19.83404968,3
v1.1,17,0,11.350334358,3
v1.1,18,0,1.332972051,3
v1.1,19,0,22.003463413,3
v1.1,20,0,39.774846143,3
v1.1,21,0,28.57261841,3
v1.1,22,0,68.162461046,3
v1.1,23,0,22.958559769,3
v1.1,24,0,96.579765054,3
v1.1,25,0,139.635176895,3
v1.1,4,0,0.000899448,3
v1.1,5,0,0.002596035,3
v1.1,6,0,0.009133181,3
v1.1,7,0,0.027239863,3
v1.1,8,0,0.145823701,3
v1.1,9,0,0.213155028,3
v1.1,10,0,0.423813254,3
v1.1,11,0,0.862651333,3
v1.1,12,0,1.747859034,3
v1.1,13,0,5.150484058,3
v1.1,14,0,1.583121194,3
v1.1,15,0,5.999972189,3
v1.1,16,0,10.506189034,3
v1.1,17,0,16.537716473,3
v1.1,18,0,25.75003402,3
v1.1,19,0,22.97203013,3
v1.1,20,0,25.777006284,3
v1.1,21,0,47.128771354,3
v1.1,22,0,104.919297593,3
v1.1,23,0,142.893165784,3
v1.1,24,0,194.733524651,3
v1.1,25,0,128.798819769,3
v1.1,4,0,0.000719654,3
v1.1,5,0,0.003594103,3
v1.1,6,0,0.008552778,3
v1.1,7,0,0.020265948,3
v1.1,8,0,0.110988041,3
v1.1,9,0,0.166121389,3
v1.1,10,0,0.222183938,3
v1.1,11,0,0.390905215,3
v1.1,12,0,0.97851532,3
v1.1,13,0,4.098222877,3
v1.1,14,0,4.625517277,3
v1.1,15,0,4.047849555,3
v1.1,16,0,6.481223422,3
v1.1,17,0,10.394285725,3
v1.1,18,0,4.919875719,3
v1.1,19,0,20.848549438,3
v1.1,20,0,20.226914088,3
v1.1,21,0,3.001693699,3
v1.1,22,0,64.713884614,3
v1.1,23,0,65.115843877,3
v1.1,24,0,45.387195007,3
v1.1,25,0,63.858299977,3
v1.1,4,0,0.001508188,3
v1.1,5,0,0.003010624,3
v1.1,6,0,0.007507462,3
v1.1,7,0,0.031330459,3
v1.1,8,0,0.122942836,3
v1.1,9,0,0.269372573,3
v1.1,10,0,0.340488945,3
v1.1,11,0,1.972774424,3
v1.1,12,0,2.609721988,3
v1.1,13,0,2.260704151,3
v1.1,14,0,2.070241201,3
v1.1,15,0,6.220585895,3
v1.1,16,0,21.536691032,3
v1.1,17,0,23.34383959,3
v1.1,18,0,40.459858937,3
v1.1,19,0,31.274515507,3
v1.1,20,0,27.112047978,3
v1.1,21,0,28.382359501,3
v1.1,22,0,41.109614274,3
v1.1,23,0,191.483897464,3
v1.1,24,0,47.915118995,3
v1.1,25,0,285.720460081,3
v1.1,4,0,0.000904977,3
v1.1,5,0,0.00225239,3
v1.1,6,0,0.008178872,3
v1.1,7,0,0.018806753,3
v1.1,8,0,0.098416347,3
v1.1,9,0,0.102087298,3
v1.1,10,0,0.381341412,3
v1.1,11,0,0.86793103,3
v1.1,12,0,1.505335951,3
v1.1,13,0,3.175802671,3
v1.1,14,0,4.736817135,3
v1.1,15,0,6.583780589,3
v1.1,16,0,8.701337903,3
v1.1,17,0,13.270981407,3
v1.1,18,0,20.694911106,3
v1.1,19,0,50.581849314,3
v1.1,20,0,49.803520198,3
v1.1,21,0,62.082141094,3
v1.1,22,0,150.848385263,3
v1.1,23,0,189.901735386,3
v1.1,24,0,168.759971306,3
v1.1,25,0,200.575034035,3
v1.1,4,0,0.001571844,3
v1.1,5,0,0.001814803,3
v1.1,6,0,0.007586264,3
v1.1,7,0,0.025200447,3
v1.1,8,0,0.09273407,3
v1.1,9,0,0.240723228,3
v1.1,10,0,0.585841589,3
v1.1,11,0,0.783273887,3
v1.1,12,0,1.55972773,3
v1.1,13,0,8.317560391,3
v1.1,14,0,4.806605597,3
v1.1,15,0,8.72599659,3
v1.1,16,0,12.284473167,3
v1.1,17,0,11.411569788,3
v1.1,18,0,5.619879392,3
v1.1,19,0,29.873680825,3
v1.1,20,0,44.800607749,3
v1.1,21,0,46.298037896,3
v1.1,22,0,37.819007005,3
v1.1,23,0,84.021143663,3
v1.1,24,0,307.107179268,3
v1.1,25,0,31.517283923,3
v1.1,4,0,0.001353903,3
v1.1,5,0,0.001766733,3
v1.1,6,0,0.00979093,3
v1.1,7,0,0.016048454,3
v1.1,8,0,0.101562373,3
v1.1,9,0,0.252354115,3
v1.1,10,0,0.186571162,3
v1.1,11,0,0.806936976,3
v1.1,12,0,1.630183016,3
v1.1,13,0,0.770446783,3
v1.1,14,0,8.715212998,3
v1.1,15,0,8.909226209,3
v1.1,16,0,7.212848779,3
v1.1,17,0,28.693222445,3
v1.1,18,0,1.639644771,3
v1.1,19,0,41.222846723,3
v1.1,20,0,42.174831447,3
v1.1,21,0,74.846737111,3
v1.1,22,0,58.357731453,3
v1.1,23,0,173.712820168,3
v1.1,24,0,124.912265551,3
v1.1,25,0,359.41557488,3
v1.1,4,0,0.00134679,3
v1.1,5,0,0.001741308,3
v1.1,6,0,0.008756575,3
v1.1,7,0,0.028594324,3
v1.1,8,0,0.054245422,3
v1.1,9,0,0.130804072,3
v1.1,10,0,0.490866001,3
v1.1,11,0,0.401648089,3
v1.1,12,0,1.315419369,3
v1.1,13,0,1.521352108,3
v1.1,14,0,5.214089608,3
v1.1,15,0,3.850765684,3
v1.1,16,0,11.920500585,3
v1.1,17,0,16.728643954,3
v1.1,18,0,25.944977482,3
v1.1,19,0,19.110892015,3
v1.1,20,0,45.662777572,3
v1.1,21,0,44.651461008,3
v1.1,22,0,71.889646909,3
v1.1,23,0,247.717824808,3
v1.1,24,0,133.652362944,3
v1.1,25,0,110.181678515,3
v1.1,4,0,0.001350221,3
v1.1,5,0,0.002386859,3
v1.1,6,0,0.006613143,3
v1.1,7,0,0.021214967,3
v1.1,8,0,0.105738832,3
v1.1,9,0,0.272260156,3
v1.1,10,0,0.231187992,3
v1.1,11,0,0.503562011,3
v1.1,12,0,1.256232217,3
v1.1,13,0,1.661860321,3
v1.1,14,0,3.048612018,3
v1.1,15,0,8.99579172,3
v1.1,16,0,17.495731312,3
v1.1,17,0,13.994432879,3
v1.1,18,0,19.090930614,3
v1.1,19,0,64.45615199,3
v1.1,20,0,16.610617141,3
v1.1,21,0,67.260988147,3
v1.1,22,0,109.508909349,3
v1.1,23,0,204.386047578,3
v1.1,24,0,187.781804759,3
v1.1,25,0,82.190906634,3
v1.1,4,0,0.001074093,3
v1.1,5,0,0.003090789,3
v1.1,6,0,0.010409389,3
v1.1,7,0,0.022128811,3
v1.1,8,0,0.110935655,3
v1.1,9,0,0.348508693,3
v1.1,10,0,0.671409318,3
v1.1,11,0,0.949173614,3
v1.1,12,0,0.735362494,3
v1.1,13,0,0.908059594,3
v1.1,14,0,1.159405914,3
v1.1,15,0,7.6536666,3
v1.1,16,0,10.840646142,3
v1.1,17,0,20.438971964,3
v1.1,18,0,10.559358778,3
v1.1,19,0,48.229959149,3
v1.1,20,0,9.248856789,3
v1.1,21,0,59.719707874,3
v1.1,22,0,43.855279143,3
v1.1,23,0,259.338761749,3
v1.1,24,0,26.676245099,3
v1.1,25,0,160.092173359,3
v1.1,4,0,0.000769674,3
v1.1,5,0,0.001895168,3
v1.1,6,0,0.009273633,3
v1.1,7,0,0.023418571,3
v1.1,8,0,0.05579623,3
v1.1,9,0,0.237665635,3
v1.1,10,0,0.759528554,3
v1.1,11,0,0.61773386,3
v1.1,12,0,1.751155631,3
v1.1,13,0,3.206759897,3
v1.1,14,0,2.474541149,3
v1.1,15,0,1.474273445,3
v1.1,16,0,20.357529695,3
v1.1,17,0,11.428682605,3
v1.1,18,0,37.529531605,3
v1.1,19,0,38.935370134,3
v1.1,20,0,11.375129016,3
v1.1,21,0,10.42685102,3
v1.1,22,0,81.444165997,3
v1.1,23,0,184.147825265,3
v1.1,24,0,267.857419763,3
v1.1,25,0,221.545423051,3
v1.1,4,0,0.000928959,3
v1.1,5,0,0.001931355,3
v1.1,6,0,0.004593245,3
v1.1,7,0,0.024593029,3
v1.1,8,0,0.05738266,3
v1.1,9,0,0.163877066,3
v1.1,10,0,0.555029052,3
v1.1,11,0,1.29364978,3
v1.1,12,0,1.312846098,3
v1.1,13,0,3.767657179,3
v1.1,14,0,4.317478537,3
v1.1,15,0,4.827235874,3
v1.1,16,0,8.207646556,3
v1.1,17,0,1.25700562,3
v1.1,18,0,58.12216484,3
v1.1,19,0,2.007095469,3
v1.1,20,0,48.044450943,3
v1.1,21,0,33.510723795,3
v1.1,22,0,15.654834069,3
v1.1,23,0,224.565178549,3
v1.1,24,0,115.157765947,3
v1.1,25,0,407.414120582,3
v1.1,4,0,0.000797309,3
v1.1,5,0,0.002030351,3
v1.1,6,0,0.005919263,3
v1.1,7,0,0.081797778,3
v1.1,8,0,0.06488559,3
v1.1,9,0,0.106010808,3
v1.1,10,0,0.381140525,3
v1.1,11,0,0.713504414,3
v1.1,12,0,2.170771856,3
v1.1,13,0,2.842728675,3
v1.1,14,0,6.45152273,3
v1.1,15,0,4.179791201,3
v1.1,16,0,8.174699999,3
v1.1,17,0,9.667169953,3
v1.1,18,0,38.779031419,3
v1.1,19,0,25.588992162,3
v1.1,20,0,14.862427448,3
v1.1,21,0,31.25683686,3
v1.1,22,0,65.461335641,3
v1.1,23,0,84.700673969,3
v1.1,24,0,47.824584063,3
v1.1,25,0,119.886514382,3
v1.1,4,0,0.000894376,3
v1.1,5,0,0.002616017,3
v1.1,6,0,0.008672097,3
v1.1,7,0,0.024282128,3
v1.1,8,0,0.154163484,3
v1.1,9,0,0.426755599,3
v1.1,10,0,0.371271752,3
v1.1,11,0,0.604535727,3
v1.1,12,0,1.486009312,3
v1.1,13,0,4.051756308,3
v1.1,14,0,3.615736406,3
v1.1,15,0,6.2321094,3
v1.1,16,0,2.37859663,3
v1.1,17,0,5.908551469,3
v1.1,18,0,31.698989573,3
v1.1,19,0,36.78890737,3
v1.1,20,0,21.911879175,3
v1.1,21,0,40.965522117,3
v1.1,22,0,14.541976543,3
v1.1,23,0,122.856382263,3
v1.1,24,0,110.880050613,3
v1.1,25,0,10.4669718,3
v1.1,4,0,0.001362713,3
v1.1,5,0,0.00184077,3
v1.1,6,0,0.006478212,3
v1.1,7,0,0.016849778,3
v1.1,8,0,0.081162268,3
v1.1,9,0,0.343421377,3
v1.1,10,0,0.323775725,3
v1.1,11,0,0.910960548,3
v1.1,12,0,1.882595735,3
v1.1,13,0,0.288280089,3
v1.1,14,0,3.344567398,3
v1.1,15,0,6.282679745,3
v1.1,16,0,11.122204094,3
v1.1,17,0,26.910037504,3
v1.1,18,0,12.819342716,3
v1.1,19,0,33.068127524,3
v1.1,20,0,20.393397786,3
v1.1,21,0,117.844941313,3
v1.1,22,0,144.089296487,3
v1.1,23,0,248.21202713,3
v1.1,24,0,143.371580386,3
v1.1,25,0,72.900167999,3
v1.1,4,0,0.000961078,3
v1.1,5,0,0.002987587,3
v1.1,6,0,0.007572792,3
v1.1,7,0,0.0260325,3
v1.1,8,0,0.158733766,3
v1.1,9,0,0.19466157,3
v1.1,10,0,0.550093472,3
v1.1,11,0,1.366220611,3
v1.1,12,0,1.342484806,3
v1.1,13,0,6.769186199,3
v1.1,14,0,3.582351147,3
v1.1,15,0,2.215279632,3
v1.1,16,0,11.552393857,3
v1.1,17,0,57.510894214,3
v1.1,18,0,16.489865918,3
v1.1,19,0,46.551027155,3
v1.1,20,0,77.380263414,3
v1.1,21,0,60.68553488,3
v1.1,22,0,151.228722257,3
v1.1,23,0,194.92934587,3
v1.1,24,0,188.524598116,3
v1.1,25,0,111.942023623,3
v1.1,4,0,0.00143036,3
v1.1,5,0,0.003960277,3
v1.1,6,0,0.008089266,3
v1.1,7,0,0.023529789,3
v1.1,8,0,0.037837224,3
v1.1,9,0,0.332245123,3
v1.1,10,0,0.666760782,3
v1.1,11,0,0.855384856,3
v1.1,12,0,2.565727058,3
v1.1,13,0,3.120692119,3
v1.1,14,0,3.215704759,3
v1.1,15,0,3.859978929,3
v1.1,16,0,14.99110816,3
v1.1,17,0,40.562695811,3
v1.1,18,0,82.222689071,3
v1.1,19,0,19.778578743,3
v1.1,20,0,42.292642194,3
v1.1,21,0,42.524468895,3
v1.1,22,0,127.232303054,3
v1.1,23,0,166.45744672,3
v1.1,24,0,114.954413937,3
v1.1,25,0,164.778158501,3
v1.1,4,0,0.001013432,3
v1.1,5,0,0.00218192,3
v1.1,6,0,0.003302769,3
v1.1,7,0,0.017954511,3
v1.1,8,0,0.084925793,3
v1.1,9,0,0.143249368,3
v1.1,10,0,0.491053569,3
v1.1,11,0,0.648632489,3
v1.1,12,0,1.53365497,3
v1.1,13,0,2.335382564,3
v1.1,14,0,3.404791313,3
v1.1,15,0,6.216909688,3
v1.1,16,0,4.158919609,3
v1.1,17,0,23.172162757,3
v1.1,18,0,27.896398593,3
v1.1,19,0,67.717138176,3
v1.1,20,0,61.213246784,3
v1.1,21,0,3.238667496,3
v1.1,22,0,66.102649899,3
v1.1,23,0,136.588313777,3
v1.1,24,0,114.569562629,3
v1.1,25,0,134.960192318,3
v1.1,4,0,0.000944645,3
v1.1,5,0,0.002529403,3
v1.1,6,0,0.011491659,3
v1.1,7,0,0.053224681,3
v1.1,8,0,0.1160584,3
v1.1,9,0,0.192442817,3
v1.1,10,0,0.21078138,3
v1.1,11,0,0.748196424,3
v1.1,12,0,1.456849183,3
v1.1,13,0,5.716422971,3
v1.1,14,0,5.422935316,3
v1.1,15,0,6.489301246,3
v1.1,16,0,11.314364803,3
v1.1,17,0,14.636082096,3
v1.1,18,0,8.852085319,3
v1.1,19,0,6.57992172,3
v1.1,20,0,25.548370853,3
v1.1,21,0,82.186345464,3
v1.1,22,0,24.591943539,3
v1.1,23,0,135.578762629,3
v1.1,24,0,150.964383027,3
v1.1,25,0,203.755950525,3
v1.1,4,0,0.000960847,3
v1.1,5,0,0.002896076,3
v1.1,6,0,0.00889278,3
v1.1,7,0,0.074416225,3
v1.1,8,0,0.06207226,3
v1.1,9,0,0.246184409,3
v1.1,10,0,0.500120484,3
v1.1,11,0,0.995208094,3
v1.1,12,0,3.428594448,3
v1.1,13,0,2.579070433,3
v1.1,14,0,4.37101186,3
v1.1,15,0,3.562599498,3
v1.1,16,0,11.397496774,3
v1.1,17,0,15.209745922,3
v1.1,18,0,30.43341972,3
v1.1,19,0,27.265841878,3
v1.1,20,0,70.390147835,3
v1.1,21,0,84.293316832,3
v1.1,22,0,140.432699961,3
v1.1,23,0,36.001873282,3
v1.1,24,0,132.374106047,3
v1.1,25,0,54.384444227,3
v1.1,4,0,0.000878098,3
v1.1,5,0,0.001714761,3
v1.1,6,0,0.007012612,3
v1.1,7,0,0.021743319,3
v1.1,8,0,0.099927923,3
v1.1,9,0,0.289706077,3
v1.1,10,0,0.816592905,3
v1.1,11,0,0.518686302,3
v1.1,12,0,1.531124127,3
v1.1,13,0,2.256034965,3
v1.1,14,0,3.0413319,3
v1.1,15,0,8.035960484,3
v1.1,16,0,10.824984013,3
v1.1,17,0,7.745597681,3
v1.1,18,0,14.833670898,3
v1.1,19,0,13.709444953,3
v1.1,20,0,81.45290089,3
v1.1,21,0,55.278731159,3
v1.1,22,0,172.173007937,3
v1.1,23,0,21.766300279,3
v1.1,24,0,74.072813663,3
v1.1,25,0,164.993091828,3
v1.1,4,0,0.001064342,3
v1.1,5,0,0.001945702,3
v1.1,6,0,0.006680512,3
v1.1,7,0,0.071671064,3
v1.1,8,0,0.053646856,3
v1.1,9,0,0.207775016,3
v1.1,10,0,0.685614983,3
v1.1,11,0,1.047864265,3
v1.1,12,0,0.477597555,3
v1.1,13,0,4.744386023,3
v1.1,14,0,2.920378241,3
v1.1,15,0,4.176178716,3
v1.1,16,0,19.577713283,3
v1.1,17,0,9.804802617,3
v1.1,18,0,35.376318875,3
v1.1,19,0,57.408620977,3
v1.1,20,0,101.693227236,3
v1.1,21,0,2.707913207,3
v1.1,22,0,4.454694813,3
v1.1,23,0,102.089848706,3
v1.1,24,0,235.496331211,3
v1.1,25,0,200.298279172,3
v1.1,4,0,0.001087025,3
v1.1,5,0,0.00205597,3
v1.1,6,0,0.008163113,3
v1.1,7,0,0.020240355,3
v1.1,8,0,0.064630232,3
v1.1,9,0,0.340067251,3
v1.1,10,0,0.302411393,3
v1.1,11,0,1.793062563,3
v1.1,12,0,2.465950339,3
v1.1,13,0,1.123392378,3
v1.1,14,0,5.207193689,3
v1.1,15,0,10.682217053,3
v1.1,16,0,7.976052218,3
v1.1,17,0,21.300194343,3
v1.1,18,0,25.529772695,3
v1.1,19,0,33.536190271,3
v1.1,20,0,9.878855203,3
v1.1,21,0,80.660006601,3
v1.1,22,0,61.141220608,3
v1.1,23,0,111.511136848,3
v1.1,24,0,67.354511807,3
v1.1,25,0,265.645668391,3
v1.1,4,0,0.001123851,3
v1.1,5,0,0.00313826,3
v1.1,6,0,0.009283983,3
v1.1,7,0,0.019271547,3
v1.1,8,0,0.057525859,3
v1.1,9,0,0.40526741,3
v1.1,10,0,0.526799285,3
v1.1,11,0,0.775283739,3
v1.1,12,0,1.876185517,3
v1.1,13,0,2.804668241,3
v1.1,14,0,3.81470638,3
v1.1,15,0,6.729932995,3
v1.1,16,0,25.782741065,3
v1.1,17,0,17.836555294,3
v1.1,18,0,71.068773666,3
v1.1,19,0,23.373572149,3
v1.1,20,0,32.831034593,3
v1.1,21,0,12.746570633,3
v1.1,22,0,68.595085109,3
v1.1,23,0,147.046275641,3
v1.1,24,0,134.523858824,3
v1.1,25,0,130.040806251,3
v1.1,4,0,0.001564408,3
v1.1,5,0,0.002913922,3
v1.1,6,0,0.006576366,3
v1.1,7,0,0.025794429,3
v1.1,8,0,0.106675282,3
v1.1,9,0,0.333256803,3
v1.1,10,0,0.212021676,3
v1.1,11,0,0.566956638,3
v1.1,12,0,1.722279967,3
v1.1,13,0,3.172349001,3
v1.1,14,0,4.726137855,3
v1.1,15,0,5.783619942,3
v1.1,16,0,8.614141986,3
v1.1,17,0,11.738895627,3
v1.1,18,0,40.988400588,3
v1.1,19,0,45.184320821,3
v1.1,20,0,44.363492942,3
v1.1,21,0,3.244149713,3
v1.1,22,0,18.609977309,3
v1.1,23,0,34.477662018,3
v1.1,24,0,157.545681181,3
v1.1,25,0,63.547241924,3
v1.1,4,0,0.001031477,3
v1.1,5,0,0.002449639,3
v1.1,6,0,0.015051843,3
v1.1,7,0,0.027142415,3
v1.1,8,0,0.125796714,3
v1.1,9,0,0.422623977,3
v1.1,10,0,0.493972169,3
v1.1,11,0,0.103484117,3
v1.1,12,0,3.420659149,3
v1.1,13,0,5.538377089,3
v1.1,14,0,4.1745288,3
v1.1,15,0,7.759956689,3
v1.1,16,0,13.529073826,3
v1.1,17,0,6.832074194,3
v1.1,18,0,15.654069261,3
v1.1,19,0,28.805577209,3
v1.1,20,0,41.342989566,3
v1.1,21,0,122.780256144,3
v1.1,22,0,84.77083,3
v1.1,23,0,142.532700085,3
v1.1,24,0,118.016655858,3
v1.1,25,0,293.237201633,3
v1.1,4,0,0.000984231,3
v1.1,5,0,0.002455125,3
v1.1,6,0,0.049784465,3
v1.1,7,0,0.022231764,3
v1.1,8,0,0.147681938,3
v1.1,9,0,0.26476451,3
v1.1,10,0,0.980944763,3
v1.1,11,0,0.853963791,3
v1.1,12,0,1.405522889,3
v1.1,13,0,3.159850016,3
v1.1,14,0,4.752435795,3
v1.1,15,0,5.459995432,3
v1.1,16,0,20.774639967,3
v1.1,17,0,3.361975333,3
v1.1,18,0,29.289679735,3
v1.1,19,0,45.563440641,3
v1.1,20,0,43.543028383,3
v1.1,21,0,58.992594809,3
v1.1,22,0,97.465975069,3
v1.1,23,0,115.88500465,3
v1.1,24,0,155.430976343,3
v1.1,25,0,275.897046681,3
v1.1,4,0,0.00106668,3
v1.1,5,0,0.002141445,3
v1.1,6,0,0.013448185,3
v1.1,7,0,0.027840366,3
v1.1,8,0,0.108492591,3
v1.1,9,0,0.337927293,3
v1.1,10,0,0.685926551,3
v1.1,11,0,1.334523136,3
v1.1,12,0,1.347299031,3
v1.1,13,0,4.269806692,3
v1.1,14,0,1.712839398,3
v1.1,15,0,3.641350787,3
v1.1,16,0,7.318615664,3
v1.1,17,0,10.727800851,3
v1.1,18,0,18.738000331,3
v1.1,19,0,25.883425215,3
v1.1,20,0,64.812599245,3
v1.1,21,0,51.884164884,3
v1.1,22,0,89.097235549,3
v1.1,23,0,99.622755906,3
v1.1,24,0,51.958341064,3
v1.1,25,0,34.625262243,3
v1.1,4,0,0.000844501,3
v1.1,5,0,0.001908801,3
v1.1,6,0,0.002414941,3
v1.1,7,0,0.017588078,3
v1.1,8,0,0.098859505,3
v1.1,9,0,0.148478957,3
v1.1,10,0,1.024770715,3
v1.1,11,0,0.717438508,3
v1.1,12,0,1.855419999,3
v1.1,13,0,1.172104026,3
v1.1,14,0,1.160818429,3
v1.1,15,0,7.939617554,3
v1.1,16,0,5.710069501,3
v1.1,17,0,4.024951891,3
v1.1,18,0,18.652843065,3
v1.1,19,0,25.156513111,3
v1.1,20,0,34.999015599,3
v1.1,21,0,24.662390822,3
v1.1,22,0,3.844059438,3
v1.1,23,0,68.155097208,3
v1.1,24,0,47.334000564,3
v1.1,25,0,144.550379353,3
v1.1,4,0,0.000857175,3
v1.1,5,0,0.00276904,3
v1.1,6,0,0.006635274,3
v1.1,7,0,0.063430125,3
v1.1,8,0,0.055900278,3
v1.1,9,0,0.099629777,3
v1.1,10,0,0.58891289,3
v1.1,11,0,0.733442741,3
v1.1,12,0,1.721461285,3
v1.1,13,0,3.162881123,3
v1.1,14,0,4.704969899,3
v1.1,15,0,3.730271656,3
v1.1,16,0,12.164041991,3
v1.1,17,0,17.11471286,3
v1.1,18,0,32.327722551,3
v1.1,19,0,26.223423656,3
v1.1,20,0,91.379755201,3
v1.1,21,0,41.083877368,3
v1.1,22,0,86.581493714,3
v1.1,23,0,82.349430625,3
v1.1,24,0,158.617644314,3
v1.1,25,0,362.420867884,3
v1.1,4,0,0.000802156,3
v1.1,5,0,0.001777094,3
v1.1,6,0,0.00698453,3
v1.1,7,0,0.007925393,3
v1.1,8,0,0.067854313,3
v1.1,9,0,0.098877545,3
v1.1,10,0,0.288933652,3
v1.1,11,0,0.993481282,3
v1.1,12,0,1.185207337,3
v1.1,13,0,1.567677978,3
v1.1,14,0,2.573929804,3
v1.1,15,0,6.330252336,3
v1.1,16,0,10.968002656,3
v1.1,17,0,27.323820769,3
v1.1,18,0,5.885434811,3
v1.1,19,0,16.224080764,3
v1.1,20,0,18.586506901,3
v1.1,21,0,44.364201547,3
v1.1,22,0,122.233479881,3
v1.1,23,0,46.519316791,3
v1.1,24,0,243.162429964,3
v1.1,25,0,219.657651258,3
v1.1,4,0,0.001364051,3
v1.1,5,0,0.002383683,3
v1.1,6,0,0.009014868,3
v1.1,7,0,0.024806611,3
v1.1,8,0,0.06737927,3
v1.1,9,0,0.313416765,3
v1.1,10,0,1.137459337,3
v1.1,11,0,0.690504014,3
v1.1,12,0,1.173219617,3
v1.1,13,0,0.336902371,3
v1.1,14,0,3.749187378,3
v1.1,15,0,7.580930021,3
v1.1,16,0,9.960221572,3
v1.1,17,0,13.886133475,3
v1.1,18,0,14.242055086,3
v1.1,19,0,32.958717231,3
v1.1,20,0,14.951068779,3
v1.1,21,0,51.11198954,3
v1.1,22,0,50.654226754,3
v1.1,23,0,70.79707635,3
v1.1,24,0,71.670106931,3
v1.1,25,0,35.556557904,3
v1.1,4,0,0.000735767,3
v1.1,5,0,0.002047862,3
v1.1,6,0,0.006587338,3
v1.1,7,0,0.055610028,3
v1.1,8,0,0.049092851,3
v1.1,9,0,0.345011413,3
v1.1,10,0,0.494050385,3
v1.1,11,0,0.456738654,3
v1.1,12,0,1.520632521,3
v1.1,13,0,2.407977719,3
v1.1,14,0,1.373348964,3
v1.1,15,0,8.954709937,3
v1.1,16,0,12.030071307,3
v1.1,17,0,20.649733822,3
v1.1,18,0,11.299233173,3
v1.1,19,0,21.909546708,3
v1.1,20,0,23.516626359,3
v1.1,21,0,122.908432573,3
v1.1,22,0,82.289336719,3
v1.1,23,0,154.823560257,3
v1.1,24,0,69.399136,3
v1.1,25,0,135.481306003,3
v1.1,4,0,0.001717091,3
v1.1,5,0,0.001676778,3
v1.1,6,0,0.006370805,3
v1.1,7,0,0.049826729,3
v1.1,8,0,0.146997049,3
v1.1,9,0,0.236903936,3
v1.1,10,0,0.949196416,3
v1.1,11,0,1.022578457,3
v1.1,12,0,1.108920759,3
v1.1,13,0,1.127890479,3
v1.1,14,0,3.196519588,3
v1.1,15,0,6.800403846,3
v1.1,16,0,8.692337049,3
v1.1,17,0,40.190366014,3
v1.1,18,0,24.436366653,3
v1.1,19,0,9.80976255,3
v1.1,20,0,48.875268026,3
v1.1,21,0,60.080679669,3
v1.1,22,0,53.585904183,3
v1.1,23,0,198.338383223,3
v1.1,24,0,132.735463299,3
v1.1,25,0,299.645011227,3
v1.1,4,0,0.000799835,3
v1.1,5,0,0.001645199,3
v1.1,6,0,0.007135769,3
v1.1,7,0,0.095193472,3
v1.1,8,0,0.063004984,3
v1.1,9,0,0.23497332,3
v1.1,10,0,0.570798479,3
v1.1,11,0,1.304847094,3
v1.1,12,0,1.995222559,3
v1.1,13,0,1.369387468,3
v1.1,14,0,2.528102432,3
v1.1,15,0,7.978735117,3
v1.1,16,0,9.98117788,3
v1.1,17,0,10.311738441,3
v1.1,18,0,35.782754318,3
v1.1,19,0,7.82044447,3
v1.1,20,0,2.659960029,3
v1.1,21,0,63.533898501,3
v1.1,22,0,84.959158722,3
v1.1,23,0,174.609098514,3
v1.1,24,0,126.503200243,3
v1.1,25,0,92.576689563,3
v1.1,4,0,0.000940979,3
v1.1,5,0,0.001915698,3
v1.1,6,0,0.007480177,3
v1.1,7,0,0.053834318,3
v1.1,8,0,0.06210358,3
v1.1,9,0,0.17395434,3
v1.1,10,0,0.239602743,3
v1.1,11,0,0.87471805,3
v1.1,12,0,0.508312372,3
v1.1,13,0,1.892192358,3
v1.1,14,0,2.452189205,3
v1.1,15,0,12.269879493,3
v1.1,16,0,16.863409018,3
v1.1,17,0,14.438850077,3
v1.1,18,0,19.845103676,3
v1.1,19,0,28.453254959,3
v1.1,20,0,32.149576463,3
v1.1,21,0,45.278836297,3
v1.1,22,0,65.456798867,3
v1.1,23,0,18.488584121,3
v1.1,24,0,91.737906193,3
v1.1,25,0,96.481375144,3
v1.1,4,0,0.0008554,3
v1.1,5,0,0.002362678,3
v1.1,6,0,0.012782514,3
v1.1,7,0,0.017690085,3
v1.1,8,0,0.061557776,3
v1.1,9,0,0.386722251,3
v1.1,10,0,0.396948018,3
v1.1,11,0,0.942479801,3
v1.1,12,0,1.231570946,3
v1.1,13,0,1.631788744,3
v1.1,14,0,1.508770942,3
v1.1,15,0,3.349301195,3
v1.1,16,0,10.181237392,3
v1.1,17,0,8.899501795,3
v1.1,18,0,70.455221752,3
v1.1,19,0,7.121240456,3
v1.1,20,0,49.308304824,3
v1.1,21,0,28.278874736,3
v1.1,22,0,66.837681254,3
v1.1,23,0,20.613527054,3
v1.1,24,0,38.904515806,3
v1.1,25,0,124.694100366,3
v1.1,4,0,0.000747407,3
v1.1,5,0,0.002587613,3
v1.1,6,0,0.00851341,3
v1.1,7,0,0.029044655,3
v1.1,8,0,0.130115795,3
v1.1,9,0,0.174429569,3
v1.1,10,0,0.40323651,3
v1.1,11,0,1.210289363,3
v1.1,12,0,2.966635612,3
v1.1,13,0,3.517994767,3
v1.1,14,0,10.344236515,3
v1.1,15,0,2.411342931,3
v1.1,16,0,7.814453696,3
v1.1,17,0,19.77206339,3
v1.1,18,0,19.582298119,3
v1.1,19,0,18.35376615,3
v1.1,20,0,55.271173082,3
v1.1,21,0,72.091629842,3
v1.1,22,0,87.059196205,3
v1.1,23,0,58.770777277,3
v1.1,24,0,334.535044635,3
v1.1,25,0,123.378671127,3
v1.1,4,0,0.000811887,3
v1.1,5,0,0.001835233,3
v1.1,6,0,0.005949128,3
v1.1,7,0,0.028990869,3
v1.1,8,0,0.075574285,3
v1.1,9,0,0.276788194,3
v1.1,10,0,0.655115494,3
v1.1,11,0,0.700602602,3
v1.1,12,0,1.666251329,3
v1.1,13,0,1.435707373,3
v1.1,14,0,4.323238075,3
v1.1,15,0,2.926843426,3
v1.1,16,0,6.199961771,3
v1.1,17,0,17.448572478,3
v1.1,18,0,12.242709294,3
v1.1,19,0,15.474897657,3
v1.1,20,0,8.04789194,3
v1.1,21,0,45.69467949,3
v1.1,22,0,54.869932883,3
v1.1,23,0,54.92765261,3
v1.1,24,0,144.188008728,3
v1.1,25,0,126.639518806,3
v1.1,4,0,0.000729205,3
v1.1,5,0,0.001175476,3
v1.1,6,0,0.007606275,3
v1.1,7,0,0.022290758,3
v1.1,8,0,0.064721793,3
v1.1,9,0,0.167710184,3
v1.1,10,0,0.27441418,3
v1.1,11,0,0.892125456,3
v1.1,12,0,1.129285369,3
v1.1,13,0,1.966194385,3
v1.1,14,0,1.756049728,3
v1.1,15,0,13.368904711,3
v1.1,16,0,6.310717808,3
v1.1,17,0,4.268123305,3
v1.1,18,0,48.29866477,3
v1.1,19,0,1.493859341,3
v1.1,20,0,22.542933331,3
v1.1,21,0,32.794431516,3
v1.1,22,0,77.607559722,3
v1.1,23,0,139.247192375,3
v1.1,24,0,109.870631121,3
v1.1,25,0,117.822001752,3
v1.1,4,0,0.000973461,3
v1.1,5,0,0.001833517,3
v1.1,6,0,0.006501794,3
v1.1,7,0,0.023136471,3
v1.1,8,0,0.045927131,3
v1.1,9,0,0.263776447,3
v1.1,10,0,0.339833238,3
v1.1,11,0,2.502761464,3
v1.1,12,0,0.709266822,3
v1.1,13,0,1.979358555,3
v1.1,14,0,5.599235848,3
v1.1,15,0,7.29190404,3
v1.1,16,0,8.915991633,3
v1.1,17,0,4.695751363,3
v1.1,18,0,12.592636863,3
v1.1,19,0,15.819063676,3
v1.1,20,0,29.900038488,3
v1.1,21,0,65.493426394,3
v1.1,22,0,68.65462742,3
v1.1,23,0,254.247484877,3
v1.1,24,0,137.815918636,3
v1.1,25,0,218.819691088,3
v1.1,4,0,0.001550747,3
v1.1,5,0,0.00221634,3
v1.1,6,0,0.012230038,3
v1.1,7,0,0.011424269,3
v1.1,8,0,0.114637051,3
v1.1,9,0,0.274973369,3
v1.1,10,0,0.431642392,3
v1.1,11,0,0.972593284,3
v1.1,12,0,1.121880535,3
v1.1,13,0,3.965138653,3
v1.1,14,0,4.162380845,3
v1.1,15,0,10.732410822,3
v1.1,16,0,4.127418243,3
v1.1,17,0,22.659785523,3
v1.1,18,0,16.374696255,3
v1.1,19,0,18.102379065,3
v1.1,20,0,45.946843035,3
v1.1,21,0,30.187852446,3
v1.1,22,0,52.57209038,3
v1.1,23,0,216.491720284,3
v1.1,24,0,81.864817033,3
v1.1,25,0,144.574051571,3
v1.1,4,0,0.000686171,3
v1.1,5,0,0.001662449,3
v1.1,6,0,0.006480157,3
v1.1,7,0,0.052496973,3
v1.1,8,0,0.125240759,3
v1.1,9,0,0.075570296,3
v1.1,10,0,1.280100811,3
v1.1,11,0,0.911319609,3
v1.1,12,0,2.072724351,3
v1.1,13,0,2.34647041,3
v1.1,14,0,4.811747606,3
v1.1,15,0,6.305487715,3
v1.1,16,0,12.393467179,3
v1.1,17,0,29.994333851,3
v1.1,18,0,23.23264256,3
v1.1,19,0,25.465968868,3
v1.1,20,0,28.000959585,3
v1.1,21,0,31.982865761,3
v1.1,22,0,63.382221993,3
v1.1,23,0,62.093019986,3
v1.1,24,0,152.853984031,3
v1.1,25,0,125.609245617,3
v1.1,4,0,0.000863616,3
v1.1,5,0,0.002854466,3
v1.1,6,0,0.019818789,3
v1.1,7,0,0.044774335,3
v1.1,8,0,0.078969724,3
v1.1,9,0,0.213038576,3
v1.1,10,0,0.455426225,3
v1.1,11,0,0.595497699,3
v1.1,12,0,1.017470618,3
v1.1,13,0,2.193576264,3
v1.1,14,0,9.450989088,3
v1.1,15,0,1.686325788,3
v1.1,16,0,8.026841162,3
v1.1,17,0,27.495738057,3
v1.1,18,0,17.788261716,3
v1.1,19,0,45.279599853,3
v1.1,20,0,16.491636985,3
v1.1,21,0,34.804986166,3
v1.1,22,0,113.441757176,3
v1.1,23,0,66.96993417,3
v1.1,24,0,156.494500092,3
v1.1,25,0,39.252484868,3
v1.1,4,0,0.000811619,3
v1.1,5,0,0.005369135,3
v1.1,6,0,0.005986048,3
v1.1,7,0,0.02469626,3
v1.1,8,0,0.056100126,3
v1.1,9,0,0.186653232,3
v1.1,10,0,0.558074083,3
v1.1,11,0,0.541751268,3
v1.1,12,0,1.406782938,3
v1.1,13,0,3.235743766,3
v1.1,14,0,2.753575688,3
v1.1,15,0,4.609550408,3
v1.1,16,0,15.388904835,3
v1.1,17,0,19.584973522,3
v1.1,18,0,16.01806211,3
v1.1,19,0,11.880629986,3
v1.1,20,0,18.05203372,3
v1.1,21,0,55.158533536,3
v1.1,22,0,82.115193029,3
v1.1,23,0,41.291933653,3
v1.1,24,0,56.206090215,3
v1.1,25,0,204.969830082,3
v1.1,4,0,0.000844704,3
v1.1,5,0,0.001917406,3
v1.1,6,0,0.010821137,3
v1.1,7,0,0.026231185,3
v1.1,8,0,0.060561863,3
v1.1,9,0,0.337942002,3
v1.1,10,0,0.424864443,3
v1.1,11,0,0.803890059,3
v1.1,12,0,1.008815726,3
v1.1,13,0,3.608867242,3
v1.1,14,0,4.67759181,3
v1.1,15,0,9.729862264,3
v1.1,16,0,3.768116884,3
v1.1,17,0,18.01386333,3
v1.1,18,0,13.997689777,3
v1.1,19,0,1.936586786,3
v1.1,20,0,15.199364409,3
v1.1,21,0,12.642617603,3
v1.1,22,0,59.484002914,3
v1.1,23,0,41.253397019,3
v1.1,24,0,58.926945029,3
v1.1,25,0,31.082463637,3
v1.1,4,0,0.00328301,3
v1.1,5,0,0.001590715,3
v1.1,6,0,0.009031433,3
v1.1,7,0,0.01782489,3
v1.1,8,0,0.133095368,3
v1.1,9,0,0.269269568,3
v1.1,10,0,0.487659069,3
v1.1,11,0,0.400528944,3
v1.1,12,0,0.775944532,3
v1.1,13,0,2.260981843,3
v1.1,14,0,4.255772054,3
v1.1,15,0,3.930784095,3
v1.1,16,0,12.517342841,3
v1.1,17,0,27.767481838,3
v1.1,18,0,18.136471911,3
v1.1,19,0,30.138374808,3
v1.1,20,0,7.415942794,3
v1.1,21,0,41.86733848,3
v1.1,22,0,143.1421735,3
v1.1,23,0,97.1409954,3
v1.1,24,0,160.95421526,3
v1.1,25,0,9.734465748,3
v1.1,4,1,4.391214558,3
v1.1,4,1,0.002203675,1
v1.1,4,1,0.002206248,1
v1.1,4,1,0.002153519,1
v1.1,4,1,4.549890624,3
v1.1,5,1,0.011474048,3
v1.1,6,1,0.008037346,3
v1.1,6,2,0.033797488,3
v1.1,7,1,0.106997694,3
v1.1,7,2,0.119521468,3
v1.1,8,1,0.104173962,3
v1.1,8,2,0.291965285,3
v1.1,9,1,0.685389046,3
v1.1,9,2,0.936678309,3
v1.1,9,3,0.197755637,3
v1.1,10,1,0.504970712,3
v1.1,10,2,2.025603947,3
v1.1,10,3,2.705554119,3
v1.1,11,1,2.910238751,3
v1.1,11,2,2.534229669,3
v1.1,11,3,2.833253816,3
v1.1,12,1,1.883080863,3
v1.1,12,2,0.408778886,3
v1.1,12,3,2.443394837,3
v1.1,13,1,10.268917859,3
v1.1,13,2,8.663667723,3
v1.1,13,3,14.476708677,3
v1.1,14,1,16.11484278,3
v1.1,14,2,23.790048966,3
v1.1,14,3,29.120963959,3
v1.1,15,1,23.532816029,3
v1.1,15,2,16.190763224,3
v1.1,15,3,4.858653475,3
v1.1,16,1,12.023042859,3
v1.1,16,2,14.301418635,3
v1.1,16,3,33.865813279,3
v1.1,17,1,10.189373243,3
v1.1,17,2,34.043645062,3
v1.1,17,3,21.809726072,3
v1.1,18,1,112.191327337,3
v1.1,18,2,41.516084457,3
v1.1,18,3,53.3014275,3
v1.1,19,1,45.045932496,3
v1.1,19,2,15.003260022,3
v1.1,19,3,133.455011277,3
v1.1,20,1,24.911707212,3
v1.1,20,2,193.629162853,3
v1.1,20,3,78.74824754,3
v1.1,21,1,100.963868887,3
v1.1,21,2,122.550265074,3
v1.1,21,3,144.536372912,3
v1.1,22,1,217.310830262,3
v1.1,22,2,58.226559029,3
v1.1,22,3,196.38497942,3
v1.1,23,1,84.346764708,3
v1.1,23,2,210.767385795,3
v1.1,23,3,132.427003635,3
v1.1,24,1,213.606678258,3
v1.1,24,2,555.973820438,3
v1.1,24,3,445.561173489,3
v1.1,25,1,11.438505984,3
v1.1,25,2,164.391099637,3
v1.1,25,3,433.091977223,3
v1.1,4,1,0.001498951,3
v1.1,5,1,0.006254854,3
v1.1,6,1,0.02060373,3
v1.1,6,2,0.031616631,3
v1.1,7,1,0.166286324,3
v1.1,7,2,0.06378927,3
v1.1,8,1,0.0238011,3
v1.1,8,2,0.172069624,3
v1.1,9,1,0.818918155,3
v1.1,9,2,0.064795372,3
v1.1,9,3,1.545208457,3
v1.1,10,1,0.824602045,3
v1.1,10,2,1.612497901,3
v1.1,10,3,0.594599398,3
v1.1,11,1,2.198715347,3
v1.1,11,2,3.797457411,3
v1.1,11,3,2.996543183,3
v1.1,12,1,2.420290161,3
v1.1,12,2,9.315600907,3
v1.1,12,3,2.410870972,3
v1.1,13,1,8.84121677,3
v1.1,13,2,12.805197215,3
v1.1,13,3,3.526479502,3
v1.1,14,1,14.570083112,3
v1.1,14,2,21.187311635,3
v1.1,14,3,11.708928935,3
v1.1,15,1,5.272681748,3
v1.1,4,1,4.43153051,3
v1.1,5,1,0.083663646,3
v1.1,6,1,0.007361356,3
v1.1,6,2,0.031635539,3
v1.1,7,1,0.107082329,3
v1.1,7,2,0.104134092,3
v1.1,8,1,0.110172659,3
v1.1,8,2,0.295569418,3
v1.1,9,1,0.68728098,3
v1.1,9,2,0.937296345,3
v1.1,9,3,0.222881702,3
v1.1,10,1,0.590321588,3
v1.1,10,2,2.354652653,3
v1.1,10,3,3.134910314,3
v1.1,11,1,3.453164674,3
v1.1,11,2,2.880301736,3
v1.1,11,3,3.084679208,3
v1.1,12,1,1.872438912,3
v1.1,12,2,0.410343238,3
v1.1,12,3,2.645335565,3
v1.1,13,1,8.584402835,3
v1.1,13,2,8.145891294,3
v1.1,13,3,14.510983096,3
v1.1,14,1,16.056729503,3
v1.1,14,2,23.669050807,3
v1.1,14,3,29.318976086,3
v1.1,15,1,26.262501764,3
v1.1,15,2,16.102606128,3
v1.1,15,3,4.844714812,3
v1.1,16,1,11.187950817,3
v1.1,16,2,12.520325029,3
v1.1,16,3,35.115851234,3
v1.1,17,1,9.988393556,3
v1.1,17,2,34.461906316,3
v1.1,17,3,21.789096282,3
v1.1,18,1,92.666829523,3
v1.1,18,2,35.504205269,3
v1.1,18,3,44.990760941,3
v1.1,19,1,44.924834425,3
v1.1,19,2,15.170820722,3
v1.1,19,3,140.460421753,3
v1.1,20,1,28.30803059,3
v1.1,20,2,219.77300425,3
v1.1,20,3,83.821879937,3
v1.1,21,1,102.40264906,3
v1.1,21,2,120.776764777,3
v1.1,21,3,150.920821745,3
v1.1,22,1,203.952928266,3
v1.1,22,2,57.692596242,3
v1.1,22,3,186.370450256,3
v1.1,23,1,79.087152517,3
v1.1,23,2,196.240853903,3
v1.1,23,3,114.739356497,3
v1.1,24,1,210.704879642,3
v1.1,24,2,501.710213289,3
v1.1,24,3,432.228273147,3
v1.1,25,1,11.335777243,3
v1.1,25,2,171.613370636,3
v1.1,25,3,429.432448785,3
v1.1,4,1,0.001498913,3
v1.1,5,1,0.006313224,3
v1.1,6,1,0.020118676,3
v1.1,6,2,0.068823005,3
v1.1,7,1,0.116699889,3
v1.1,7,2,0.104981787,3
v1.1,8,1,0.023380661,3
v1.1,8,2,0.172070485,3
v1.1,9,1,0.75002333,3
v1.1,9,2,0.113547895,3
v1.1,9,3,1.542541332,3
v1.1,10,1,0.821928292,3
v1.1,10,2,1.551120476,3
v1.1,10,3,0.535097831,3
v1.1,11,1,2.174900691,3
v1.1,11,2,3.79969715,3
v1.1,11,3,3.015391703,3
v1.1,12,1,2.359431018,3
v1.1,12,2,9.348071621,3
v1.1,12,3,2.394524696,3
v1.1,13,1,8.676631795,3
v1.1,13,2,12.694367868,3
v1.1,13,3,3.543055103,3
v1.1,14,1,14.53944838,3
v1.1,14,2,21.183446892,3
v1.1,14,3,11.747367703,3
v1.1,15,1,5.28067944,3
v1.1,15,3,28.139329855,3
v1.1,16,1,29.872993922,3
v1.1,16,2,6.9260931,3
v1.1,16,3,3.537801477,3
v1.1,17,1,24.993273449,3
v1.1,17,2,22.940654303,3
v1.1,17,3,31.589020308,3
v1.1,18,1,67.886053501,3
v1.1,18,2,37.373297372,3
v1.1,18,3,65.105331364,3
v1.1,19,1,150.042901475,3
v1.1,19,2,64.114600548,3
v1.1,19,3,79.396586558,3
v1.1,20,1,107.790986753,3
v1.1,20,2,115.043414567,3
v1.1,20,3,23.26926548,3
v1.1,21,1,119.692613694,3
v1.1,21,2,36.811785872,3
v1.1,21,3,214.698545793,3
v1.1,22,1,146.13201313,3
v1.1,22,2,114.04633036,3
v1.1,22,3,275.2144502,3
v1.1,23,1,65.773038309,3
v1.1,23,2,50.420763213,3
v1.1,23,3,306.095857724,3
v1.1,24,1,149.33319048,3
v1.1,24,2,222.724264586,3
v1.1,24,3,155.399513971,3
v1.1,25,1,315.241123649,3
v1.1,25,2,459.991598991,3
v1.1,25,3,154.566741479,3
v1.1,4,1,0.002209862,3
v1.1,5,1,0.003184353,3
v1.1,6,1,0.073482995,3
v1.1,6,2,0.022711048,3
v1.1,7,1,0.040192898,3
v1.1,7,2,0.139777887,3
v1.1,8,1,0.209634788,3
v1.1,8,2,0.421840764,3
v1.1,9,1,0.771689781,3
v1.1,9,2,1.246580828,3
v1.1,9,3,1.005154953,3
v1.1,10,1,0.519042405,3
v1.1,10,2,1.48456354,3
v1.1,10,3,1.601957019,3
v1.1,11,1,1.089579345,3
v1.1,11,2,2.045163316,3
v1.1,11,3,4.914979904,3
v1.1,12,1,2.155785086,3
v1.1,12,2,5.360402617,3
v1.1,12,3,2.444208633,3
v1.1,13,1,10.968568813,3
v1.1,13,2,1.276960928,3
v1.1,13,3,6.53764061,3
v1.1,14,1,7.368886471,3
v1.1,14,2,8.509393162,3
v1.1,14,3,4.377810807,3
v1.1,15,1,14.511796039,3
v1.1,15,2,22.38905484,3
v1.1,15,3,7.92306909,3
v1.1,16,1,13.333524898,3
v1.1,16,2,10.671236221,3
v1.1,16,3,20.965201655,3
v1.1,17,1,21.435558368,3
v1.1,17,2,21.918443049,3
v1.1,17,3,3.934335668,3
v1.1,18,1,65.070995324,3
v1.1,18,2,33.045725159,3
v1.1,18,3,19.160626594,3
v1.1,19,1,33.696203079,3
v1.1,4,1,4.310593467,3
v1.1,5,1,0.011609832,3
v1.1,6,1,0.007228629,3
v1.1,6,2,0.033246246,3
v1.1,7,1,0.097689313,3
v1.1,7,2,0.113972895,3
v1.1,8,1,0.112021686,3
v1.1,8,2,0.297830905,3
v1.1,9,1,0.686839119,3
v1.1,9,2,0.948174811,3
v1.1,9,3,0.194737273,3
v1.1,10,1,0.507504012,3
v1.1,10,2,2.029237058,3
v1.1,10,3,2.768632945,3
v1.1,11,1,2.918856481,3
v1.1,11,2,2.494693421,3
v1.1,11,3,2.850045987,3
v1.1,12,1,1.793597911,3
v1.1,12,2,0.492637995,3
v1.1,12,3,2.527165537,3
v1.1,13,1,8.543359222,3
v1.1,13,2,8.119710871,3
v1.1,13,3,14.332878499,3
v1.1,14,1,14.726197117,3
v1.1,14,2,19.414558634,3
v1.1,14,3,25.789268157,3
v1.1,15,1,23.572805631,3
v1.1,15,2,14.583951401,3
v1.1,15,3,4.52777442,3
v1.1,16,1,9.77596929,3
v1.1,16,2,12.584856143,3
v1.1,16,3,30.579908194,3
v1.1,17,1,9.537814379,3
v1.1,17,2,35.844358269,3
v1.1,17,3,21.157706733,3
v1.1,18,1,92.386157165,3
v1.1,18,2,35.339482564,3
v1.1,18,3,45.960709005,3
v1.1,19,1,44.806343277,3
v1.1,19,2,15.20042575,3
v1.1,19,3,133.97744202,3
v1.1,20,1,25.168324178,3
v1.1,20,2,192.476300384,3
v1.1,20,3,78.362679285,3
v1.1,21,1,100.055234061,3
v1.1,21,2,121.532706828,3
v1.1,21,3,143.93768517,3
v1.1,22,1,212.612298093,3
v1.1,22,2,56.541666347,3
v1.1,22,3,185.699631656,3
v1.1,23,1,80.938695531,3
v1.1,23,2,197.995923505,3
v1.1,23,3,110.344455903,3
v1.1,24,1,200.586924755,3
v1.1,24,2,496.189612497,3
v1.1,24,3,399.352658482,3
v1.1,25,1,11.190009432,3
v1.1,25,2,166.613734818,3
v1.1,25,3,431.285167638,3
v1.1,4,1,0.001574651,3
v1.1,5,1,0.006511055,3
v1.1,6,1,0.020899563,3
v1.1,6,2,0.031717749,3
v1.1,7,1,0.160083866,3
v1.1,7,2,0.064534308,3
v1.1,8,1,0.065091891,3
v1.1,8,2,0.128164176,3
v1.1,9,1,0.737971827,3
v1.1,9,2,0.109094033,3
v1.1,9,3,1.534975906,3
v1.1,10,1,0.80634387,3
v1.1,10,2,1.571861907,3
v1.1,10,3,0.585265173,3
v1.1,11,1,2.213562538,3
v1.1,11,2,3.82368275,3
v1.1,11,3,3.091485133,3
v1.1,12,1,2.419762156,3
v1.1,12,2,9.43130705,3
v1.1,12,3,2.494156714,3
v1.1,13,1,8.857977944,3
v1.1,13,2,13.088990624,3
v1.1,13,3,3.548471219,3
v1.1,14,1,14.705280112,3
v1.1,14,2,21.450500707,3
v1.1,14,3,11.889666722,3
v1.1,15,1,5.374111846,3
v1.1,15,3,27.860658376,3
v1.1,16,1,29.859216555,3
v1.1,16,2,6.912060588,3
v1.1,16,3,3.574398104,3
v1.1,17,1,25.614543116,3
v1.1,17,2,23.54774708,3
v1.1,17,3,32.220858584,3
v1.1,18,1,68.24692873,3
v1.1,18,2,37.632927488,3
v1.1,18,3,65.489388568,3
v1.1,19,1,134.792245778,3
v1.1,19,2,58.758534353,3
v1.1,19,3,77.811783386,3
v1.1,20,1,106.585970119,3
v1.1,20,2,116.741989361,3
v1.1,20,3,23.568125392,3
v1.1,21,1,120.420653211,3
v1.1,21,2,37.047628794,3
v1.1,21,3,214.34675035,3
v1.1,22,1,146.694613206,3
v1.1,22,2,107.709320334,3
v1.1,22,3,255.340720814,3
v1.1,23,1,65.064320669,3
v1.1,23,2,49.155250482,3
v1.1,23,3,301.432817671,3
v1.1,24,1,148.863358923,3
v1.1,24,2,219.198114449,3
v1.1,24,3,158.153945172,3
v1.1,25,1,292.203425339,3
v1.1,25,2,444.499315169,3
v1.1,25,3,153.336075178,3
v1.1,4,1,0.00216458,3
v1.1,5,1,0.003242382,3
v1.1,6,1,0.035370276,3
v1.1,6,2,0.0228119,3
v1.1,7,1,0.080274009,3
v1.1,7,2,0.094189384,3
v1.1,8,1,0.209075317,3
v1.1,8,2,0.422124761,3
v1.1,9,1,0.775428841,3
v1.1,9,2,1.222965902,3
v1.1,9,3,1.081589751,3
v1.1,10,1,0.455973016,3
v1.1,10,2,1.480540513,3
v1.1,10,3,1.571484819,3
v1.1,11,1,1.107985095,3
v1.1,11,2,2.024322295,3
v1.1,11,3,4.859611573,3
v1.1,12,1,2.183483281,3
v1.1,12,2,5.402424982,3
v1.1,12,3,2.459720445,3
v1.1,13,1,10.993947295,3
v1.1,13,2,1.27063182,3
v1.1,13,3,6.604446223,3
v1.1,14,1,7.442990129,3
v1.1,14,2,8.580066914,3
v1.1,14,3,4.326155013,3
v1.1,15,1,14.702505028,3
v1.1,15,2,22.672080848,3
v1.1,15,3,8.011812228,3
v1.1,16,1,13.508111835,3
v1.1,16,2,10.653245613,3
v1.1,16,3,21.084628987,3
v1.1,17,1,21.29181224,3
v1.1,17,2,21.901494924,3
v1.1,17,3,3.901746695,3
v1.1,18,1,65.406892425,3
v1.1,18,2,33.059292385,3
v1.1,18,3,19.2610976,3
v1.1,19,1,34.080574391,3
v1.1,19,2,63.362845664,3
v1.1,19,3,142.567158375,3
v1.1,20,1,72.358587615,3
v1.1,20,2,19.999609502,3
v1.1,20,3,109.473782025,3
v1.1,21,1,27.554672869,3
v1.1,21,2,224.84954552,3
v1.1,21,3,221.361029463,3
v1.1,22,1,8.618394288,3
v1.1,22,2,83.298099018,3
v1.1,22,3,199.353255742,3
v1.1,23,1,8.087107215,3
v1.1,23,2,331.216908796,3
v1.1,23,3,97.406988436,3
v1.1,24,1,198.388641541,3
v1.1,24,2,111.635681375,3
v1.1,24,3,16.042337004,3
v1.1,25,1,184.205109946,3
v1.1,25,2,457.889589658,3
v1.1,25,3,21.975039111,3
v1.1,4,1,0.001658557,3
v1.1,5,1,0.005081818,3
v1.1,6,1,0.056896181,3
v1.1,6,2,0.022100931,3
v1.1,7,1,0.06609557,3
v1.1,7,2,0.019948468,3
v1.1,8,1,0.064917513,3
v1.1,8,2,0.50410222,3
v1.1,9,1,0.620933752,3
v1.1,9,2,1.21924944,3
v1.1,9,3,0.465094611,3
v1.1,10,1,1.872606649,3
v1.1,10,2,1.6677266,3
v1.1,10,3,2.988379373,3
v1.1,11,1,0.558150767,3
v1.1,11,2,2.464209118,3
v1.1,11,3,4.476524153,3
v1.1,12,1,3.35599238,3
v1.1,12,2,4.361413686,3
v1.1,12,3,17.137344899,3
v1.1,13,1,2.079982427,3
v1.1,13,2,5.527598494,3
v1.1,13,3,9.240167033,3
v1.1,14,1,7.289395617,3
v1.1,14,2,2.905833256,3
v1.1,14,3,20.030041024,3
v1.1,15,1,28.145455042,3
v1.1,15,2,13.961068933,3
v1.1,15,3,5.325592294,3
v1.1,16,1,5.644799805,3
v1.1,16,2,29.880174988,3
v1.1,16,3,31.390872465,3
v1.1,17,1,28.465469563,3
v1.1,17,2,35.713048186,3
v1.1,17,3,30.890988326,3
v1.1,18,1,12.840145764,3
v1.1,18,2,21.456208846,3
v1.1,18,3,97.559316871,3
v1.1,19,1,31.704247661,3
v1.1,19,2,32.434662988,3
v1.1,19,3,60.157839297,3
v1.1,20,1,143.42733762,3
v1.1,20,2,25.963649989,3
v1.1,20,3,24.395426906,3
v1.1,21,1,223.37473752,3
v1.1,21,2,113.787126565,3
v1.1,21,3,167.842161413,3
v1.1,22,1,322.485275361,3
v1.1,22,2,39.720106334,3
v1.1,22,3,45.549811721,3
v1.1,23,1,98.018457365,3
v1.1,23,2,289.911324045,3
v1.1,23,3,245.767407909,3
v1.1,24,1,67.167279482,3
v1.1,24,2,385.175956922,3
v1.1,24,3,550.354579727,3
v1.1,25,1,188.67963991,3
v1.1,25,2,494.800917939,3
v1.1,25,3,119.905306165,3
v1.1,4,1,0.001976581,3
v1.1,5,1,0.006717187,3
v1.1,6,1,0.020625039,3
v1.1,6,2,0.019502697,3
v1.1,7,1,0.133963542,3
v1.1,7,2,0.038489065,3
v1.1,8,1,0.388099366,3
v1.1,8,2,0.273626169,3
v1.1,9,1,0.809461441,3
v1.1,9,2,0.852622491,3
v1.1,9,3,0.654697136,3
v1.1,10,1,0.598062534,3
v1.1,10,2,0.429538775,3
v1.1,10,3,1.554639846,3
v1.1,11,1,3.420556798,3
v1.1,11,2,1.676428829,3
v1.1,11,3,2.228459262,3
v1.1,12,1,6.736647235,3
v1.1,12,2,0.450889746,3
v1.1,12,3,5.362057721,3
v1.1,13,1,7.607761479,3
v1.1,13,2,9.358983932,3
v1.1,13,3,5.908091547,3
v1.1,14,1,6.659854674,3
v1.1,14,2,11.332010556,3
v1.1,14,3,28.111902051,3
v1.1,15,1,8.059560077,3
v1.1,15,2,28.664505677,3
v1.1,15,3,10.98503564,3
v1.1,16,1,9.8199842,3
v1.1,16,2,21.748278363,3
v1.1,16,3,9.179887726,3
v1.1,17,1,38.568076017,3
v1.1,17,2,56.057575649,3
v1.1,17,3,34.272829794,3
v1.1,18,1,13.886865562,3
v1.1,18,2,23.151771673,3
v1.1,18,3,18.741075649,3
v1.1,19,1,20.378347622,3
v1.1,19,2,113.301505507,3
v1.1,19,3,178.770814606,3
v1.1,20,1,82.523440194,3
v1.1,20,2,35.069726568,3
v1.1,20,3,143.870516338,3
v1.1,21,1,141.248491477,3
v1.1,21,2,139.528238121,3
v1.1,21,3,99.836341678,3
v1.1,22,1,57.213066109,3
v1.1,22,2,148.124409736,3
v1.1,22,3,9.778196305,3
v1.1,23,1,217.418855475,3
v1.1,23,2,105.957908623,3
v1.1,23,3,193.018430699,3
v1.1,24,1,180.66927254,3
v1.1,24,2,55.456279389,3
v1.1,24,3,71.458507028,3
v1.1,25,1,300.114575078,3
v1.1,25,2,11.496601363,3
v1.1,25,3,323.455237417,3
v1.1,4,1,0.001443632,3
v1.1,5,1,0.00275577,3
v1.1,6,1,0.093389626,3
v1.1,6,2,0.021493389,3
v1.1,7,1,0.050124208,3
v1.1,7,2,0.103724616,3
v1.1,8,1,0.108181019,3
v1.1,8,2,0.373259794,3
v1.1,9,1,0.359518619,3
v1.1,9,2,0.923980777,3
v1.1,10,1,1.228737273,3
v1.1,10,2,3.099827108,3
v1.1,10,3,2.105976925,3
v1.1,11,1,2.687362031,3
v1.1,11,2,3.537922945,3
v1.1,11,3,2.11522953,3
v1.1,12,1,3.995587162,3
v1.1,12,2,5.429993898,3
v1.1,12,3,0.604510505,3
v1.1,13,1,2.932077411,3
v1.1,13,2,0.543254605,3
v1.1,13,3,11.045223416,3
v1.1,14,1,2.41488231,3
v1.1,14,2,13.728662041,3
v1.1,14,3,7.387540819,3
v1.1,15,1,3.511512701,3
v1.1,15,2,14.375715841,3
v1.1,15,3,26.139578332,3
v1.1,16,1,14.695269684,3
v1.1,16,2,26.617704867,3
v1.1,16,3,14.062288627,3
v1.1,17,1,63.511991599,3
v1.1,17,2,50.556376439,3
v1.1,17,3,56.359897091,3
v1.1,18,1,31.394566431,3
v1.1,18,2,64.83975899,3
v1.1,18,3,13.364361108,3
v1.1,19,1,13.132141651,3
v1.1,19,2,143.158801431,3
v1.1,19,3,68.40154756,3
v1.1,20,1,60.398056952,3
v1.1,20,2,112.051528262,3
v1.1,20,3,11.359331273,3
v1.1,21,1,139.001210745,3
v1.1,21,2,163.208981552,3
v1.1,21,3,186.637361147,3
v1.1,22,1,11.629377739,3
v1.1,22,2,256.397042745,3
v1.1,22,3,184.009412648,3
v1.1,23,1,239.544159286,3
v1.1,23,2,196.440649221,3
v1.1,23,3,98.422143732,3
v1.1,24,1,243.890044351,3
v1.1,24,2,148.405776953,3
v1.1,24,3,153.263418897,3
v1.1,25,1,13.622222539,3
v1.1,25,2,571.714683301,3
v1.1,25,3,348.668551798,3
v1.1,4,1,0.001819954,3
v1.1,5,1,0.00374107,3
v1.1,6,1,0.034752638,3
v1.1,6,2,0.044400897,3
v1.1,7,1,0.156732091,3
v1.1,7,2,0.044447962,3
v1.1,8,1,0.170249449,3
v1.1,8,2,0.418368339,3
v1.1,9,1,0.512504309,3
v1.1,9,2,0.857514707,3
v1.1,9,3,0.853027474,3
v1.1,10,1,1.818947033,3
v1.1,10,2,1.110757801,3
v1.1,10,3,1.343581693,3
v1.1,11,1,0.227874292,3
v1.1,11,2,1.512809496,3
v1.1,11,3,6.088978402,3
v1.1,12,1,3.035460865,3
v1.1,12,2,4.494659622,3
v1.1,12,3,7.43743777,3
v1.1,13,1,4.772519313,3
v1.1,13,2,3.287493663,3
v1.1,13,3,11.043391272,3
v1.1,14,1,12.030446078,3
v1.1,14,2,11.091160046,3
v1.1,14,3,32.834891463,3
v1.1,15,1,6.094371025,3
v1.1,15,2,24.914247663,3
v1.1,15,3,21.575317627,3
v1.1,16,1,25.668470866,3
v1.1,16,2,22.032740604,3
v1.1,16,3,42.258480932,3
v1.1,17,1,8.117575551,3
v1.1,17,2,34.84436027,3
v1.1,17,3,4.158609679,3
v1.1,18,1,58.590683894,3
v1.1,18,2,110.722525241,3
v1.1,18,3,45.6494739,3
v1.1,19,1,62.293081168,3
v1.1,19,2,41.764268409,3
v1.1,19,3,15.162664898,3
v1.1,20,1,58.995812207,3
v1.1,20,2,44.416616862,3
v1.1,20,3,48.290818098,3
v1.1,21,1,124.227565764,3
v1.1,21,2,83.159580251,3
v1.1,21,3,109.823650156,3
v1.1,22,1,36.641513856,3
v1.1,22,2,276.686833172,3
v1.1,22,3,179.922337025,3
v1.1,23,1,228.469270981,3
v1.1,23,2,99.687596702,3
v1.1,23,3,130.667071763,3
v1.1,24,1,227.439458605,3
v1.1,24,2,136.337477283,3
v1.1,24,3,267.244792092,3
v1.1,25,1,243.462355155,3
v1.1,25,2,337.323526387,3
v1.1,25,3,471.710027005,3
v1.1,4,1,0.001434869,3
v1.1,5,1,0.00515131,3
v1.1,6,1,0.024443491,3
v1.1,7,1,0.132110732,3
v1.1,7,2,0.062723168,3
v1.1,8,1,0.253994722,3
v1.1,8,2,0.363377169,3
v1.1,9,1,0.433716497,3
v1.1,9,2,0.261704392,3
v1.1,9,3,0.468854773,3
v1.1,10,1,1.78037391,3
v1.1,10,2,2.547819691,3
v1.1,10,3,1.250507467,3
v1.1,11,1,1.220038116,3
v1.1,11,2,2.003757371,3
v1.1,11,3,2.630734923,3
v1.1,12,1,1.857251161,3
v1.1,12,2,2.941513695,3
v1.1,12,3,11.404703819,3
v1.1,13,1,4.088612208,3
v1.1,13,2,5.073326562,3
v1.1,13,3,7.075390642,3
v1.1,14,1,7.944446752,3
v1.1,14,2,25.8619588,3
v1.1,14,3,19.540882631,3
v1.1,15,1,12.71131414,3
v1.1,15,2,15.888507618,3
v1.1,15,3,1.437603409,3
v1.1,16,1,14.646170829,3
v1.1,16,2,18.262391738,3
v1.1,16,3,5.738634256,3
v1.1,17,1,27.657514624,3
v1.1,17,2,51.075698504,3
v1.1,17,3,12.375085064,3
v1.1,18,1,50.484531134,3
v1.1,18,2,94.122449582,3
v1.1,18,3,47.766683271,3
v1.1,19,1,32.307631463,3
v1.1,19,2,44.069047006,3
v1.1,19,3,89.283911547,3
v1.1,20,1,127.522559071,3
v1.1,20,2,127.992397684,3
v1.1,20,3,74.169848401,3
v1.1,21,1,7.343489439,3
v1.1,21,2,198.279321083,3
v1.1,21,3,118.952547053,3
v1.1,22,1,187.83505008,3
v1.1,22,2,360.045519845,3
v1.1,22,3,332.040869396,3
v1.1,23,1,185.393286787,3
v1.1,23,2,190.199254906,3
v1.1,23,3,405.660120224,3
v1.1,24,1,458.453764402,3
v1.1,24,2,162.772977539,3
v1.1,24,3,182.022747042,3
v1.1,25,1,67.239809748,3
v1.1,25,2,18.871968821,3
v1.1,25,3,391.010148058,3
v1.1,4,1,0.002085444,3
v1.1,5,1,0.01168181,3
v1.1,6,1,0.020156162,3
v1.1,6,2,0.030780689,3
v1.1,7,1,0.092170652,3
v1.1,7,2,0.072993317,3
v1.1,8,1,0.453911762,3
v1.1,8,2,0.633396333,3
v1.1,9,1,0.612588412,3
v1.1,9,2,1.227660451,3
v1.1,9,3,1.358612623,3
v1.1,10,1,0.796643135,3
v1.1,10,2,2.289105592,3
v1.1,10,3,2.431727649,3
v1.1,11,1,1.333745863,3
v1.1,11,2,0.989624811,3
v1.1,11,3,1.220094952,3
v1.1,12,1,1.367180786,3
v1.1,12,2,5.920137352,3
v1.1,12,3,6.364349262,3
v1.1,13,1,5.453111064,3
v1.1,13,2,11.648652817,3
v1.1,13,3,9.151728157,3
v1.1,14,1,7.478199267,3
v1.1,14,2,3.535010074,3
v1.1,14,3,13.00846951,3
v1.1,15,1,5.243036384,3
v1.1,15,2,28.681538544,3
v1.1,15,3,22.667708391,3
v1.1,16,1,5.383399521,3
v1.1,16,2,22.732056993,3
v1.1,16,3,25.878474372,3
v1.1,17,1,11.601114611,3
v1.1,17,2,23.621006875,3
v1.1,17,3,42.565230986,3
v1.1,18,1,32.269033968,3
v1.1,18,2,15.347702744,3
v1.1,18,3,37.948974515,3
v1.1,19,1,37.545588404,3
v1.1,19,2,31.636361275,3
v1.1,19,3,90.781702868,3
v1.1,20,1,4.723683298,3
v1.1,20,2,29.167548605,3
v1.1,20,3,57.79648722,3
v1.1,21,1,144.136217037,3
v1.1,21,2,137.101554878,3
v1.1,21,3,273.049422082,3
v1.1,22,1,103.128693768,3
v1.1,22,2,182.279524396,3
v1.1,22,3,298.298820325,3
v1.1,23,1,137.639409617,3
v1.1,23,2,459.130853097,3
v1.1,23,3,150.455441775,3
v1.1,24,1,34.327351422,3
v1.1,24,2,59.017254289,3
v1.1,24,3,95.060425433,3
v1.1,25,1,92.200151247,3
v1.1,25,2,132.233852959,3
v1.1,25,3,621.986908618,3
v1.1,4,1,0.002103148,3
v1.1,5,1,0.004962137,3
v1.1,6,1,0.023995794,3
v1.1,6,2,0.022023775,3
v1.1,7,1,0.039259213,3
v1.1,7,2,0.144892359,3
v1.1,8,1,0.097889632,3
v1.1,8,2,0.368348088,3
v1.1,9,1,0.234789766,3
v1.1,9,2,0.335898125,3
v1.1,9,3,0.651239597,3
v1.1,10,1,1.389514083,3
v1.1,10,2,0.758882875,3
v1.1,10,3,0.88846788,3
v1.1,11,1,1.174969024,3
v1.1,11,2,3.140563653,3
v1.1,11,3,2.246569051,3
v1.1,12,1,5.49170885,3
v1.1,12,2,4.124000992,3
v1.1,12,3,9.629048573,3
v1.1,13,1,7.135078274,3
v1.1,13,2,6.119805242,3
v1.1,13,3,4.75797556,3
v1.1,14,1,3.159660828,3
v1.1,14,2,5.996156468,3
v1.1,14,3,4.052032592,3
v1.1,15,1,7.959193053,3
v1.1,15,2,3.752349207,3
v1.1,15,3,9.090982472,3
v1.1,16,1,16.037564598,3
v1.1,16,2,15.730617476,3
v1.1,16,3,68.686253061,3
v1.1,17,1,15.011738011,3
v1.1,17,2,75.803063242,3
v1.1,17,3,46.356070015,3
v1.1,18,1,77.055629019,3
v1.1,18,2,86.775131666,3
v1.1,18,3,123.657808857,3
v1.1,19,1,39.146763498,3
v1.1,19,2,59.656270802,3
v1.1,19,3,105.185555183,3
v1.1,20,1,27.08722762,3
v1.1,20,2,100.609600919,3
v1.1,20,3,53.266309625,3
v1.1,21,1,173.869247462,3
v1.1,21,2,86.64797449,3
v1.1,21,3,8.973147002,3
v1.1,22,1,167.952850656,3
v1.1,22,2,237.702895928,3
v1.1,22,3,185.910690396,3
v1.1,23,1,199.911336167,3
v1.1,23,2,204.872859717,3
v1.1,23,3,51.160737269,3
v1.1,24,1,8.85519967,3
v1.1,24,2,236.250585765,3
v1.1,24,3,101.706049244,3
v1.1,25,1,422.239055692,3
v1.1,25,2,324.778578782,3
v1.1,25,3,79.305793449,3
v1.1,4,1,0.001638012,3
v1.1,5,1,0.004330133,3
v1.1,6,1,0.015254512,3
v1.1,6,2,0.006399184,3
v1.1,7,1,0.035974109,3
v1.1,7,2,0.056270299,3
v1.1,8,1,0.227356125,3
v1.1,8,2,0.417267714,3
v1.1,9,1,0.645442305,3
v1.1,9,2,0.941323806,3
v1.1,9,3,1.158049859,3
v1.1,10,1,0.155230889,3
v1.1,10,2,0.775993757,3
v1.1,10,3,1.316268775,3
v1.1,11,1,3.282234088,3
v1.1,11,2,3.952195306,3
v1.1,11,3,2.298627209,3
v1.1,12,1,1.107714246,3
v1.1,12,2,1.591053235,3
v1.1,12,3,8.503686889,3
v1.1,13,1,4.365481599,3
v1.1,13,2,4.64187278,3
v1.1,13,3,14.911186518,3
v1.1,14,1,4.023085869,3
v1.1,14,2,9.66515089,3
v1.1,14,3,1.321861797,3
v1.1,15,1,16.539037828,3
v1.1,15,2,17.723143148,3
v1.1,15,3,14.342523293,3
v1.1,16,1,31.533681023,3
v1.1,16,2,25.867592834,3
v1.1,16,3,20.16197485,3
v1.1,17,1,19.272414451,3
v1.1,17,2,27.694215463,3
v1.1,17,3,52.511533608,3
v1.1,18,1,31.325165893,3
v1.1,18,2,25.259123283,3
v1.1,18,3,39.908600982,3
v1.1,19,1,32.47284522,3
v1.1,19,2,25.529602935,3
v1.1,19,3,118.345181096,3
v1.1,20,1,49.864177822,3
v1.1,20,2,5.828631973,3
v1.1,20,3,163.616405631,3
v1.1,21,1,75.665650261,3
v1.1,21,2,159.432776402,3
v1.1,21,3,130.694605852,3
v1.1,22,1,152.817337306,3
v1.1,22,2,93.466447131,3
v1.1,22,3,115.066475364,3
v1.1,23,1,95.26005009,3
v1.1,23,2,87.330149274,3
v1.1,23,3,157.528150164,3
v1.1,24,1,276.945571462,3
v1.1,24,2,146.862921258,3
v1.1,24,3,168.209412565,3
v1.1,25,1,295.944391296,3
v1.1,25,2,115.969703774,3
v1.1,25,3,359.061947335,3
v1.1,4,1,0.001320868,3
v1.1,5,1,0.010617244,3
v1.1,6,1,0.10968527,3
v1.1,6,2,0.019987886,3
v1.1,7,1,0.221419722,3
v1.1,7,2,0.084606996,3
v1.1,8,1,0.230585121,3
v1.1,8,2,0.22310302,3
v1.1,9,1,0.461315395,3
v1.1,9,2,2.088509319,3
v1.1,9,3,1.770104408,3
v1.1,10,1,0.478988707,3
v1.1,10,2,1.337693711,3
v1.1,10,3,1.473450163,3
v1.1,11,1,4.029121977,3
v1.1,11,2,4.734841544,3
v1.1,11,3,1.156329517,3
v1.1,12,1,3.740297511,3
v1.1,12,2,2.940401093,3
v1.1,12,3,12.043312193,3
v1.1,13,1,6.945874239,3
v1.1,13,2,2.012806394,3
v1.1,13,3,2.269834239,3
v1.1,14,1,4.538880895,3
v1.1,14,2,7.108844127,3
v1.1,14,3,0.98256731,3
v1.1,15,1,5.626380222,3
v1.1,15,2,14.310996429,3
v1.1,15,3,39.213395618,3
v1.1,16,1,30.920451158,3
v1.1,16,2,7.233494634,3
v1.1,16,3,21.64878045,3
v1.1,17,1,16.214190937,3
v1.1,17,2,9.942880284,3
v1.1,17,3,60.98948389,3
v1.1,18,1,66.27948245,3
v1.1,18,2,64.68963303,3
v1.1,18,3,102.630683171,3
v1.1,19,1,61.127876184,3
v1.1,19,2,64.958272214,3
v1.1,19,3,102.69440774,3
v1.1,20,1,60.888845454,3
v1.1,20,2,21.361541173,3
v1.1,20,3,6.838624713,3
v1.1,21,1,46.545769225,3
v1.1,21,2,148.008009265,3
v1.1,21,3,247.452160638,3
v1.1,22,1,7.837617777,3
v1.1,22,2,90.168851625,3
v1.1,22,3,142.198958684,3
v1.1,23,1,10.627650868,3
v1.1,23,2,87.842219369,3
v1.1,23,3,115.72114149,3
v1.1,24,1,67.555864583,3
v1.1,24,2,133.682193233,3
v1.1,24,3,57.527430248,3
v1.1,25,1,361.329217258,3
v1.1,25,2,53.546060097,3
v1.1,25,3,198.01546205,3
v1.1,4,1,0.001548553,3
v1.1,5,1,0.005789405,3
v1.1,6,1,0.009260019,3
v1.1,6,2,0.037888477,3
v1.1,7,1,0.066822391,3
v1.1,7,2,0.059833373,3
v1.1,8,1,0.184073672,3
v1.1,8,2,0.492236415,3
v1.1,9,1,0.280378154,3
v1.1,9,2,0.980645982,3
v1.1,9,3,1.171258345,3
v1.1,10,1,2.399018119,3
v1.1,10,2,1.570060144,3
v1.1,10,3,1.715199641,3
v1.1,11,1,3.869091028,3
v1.1,11,2,1.844059205,3
v1.1,11,3,2.384810852,3
v1.1,12,1,2.888442301,3
v1.1,12,2,7.53805896,3
v1.1,12,3,2.935164228,3
v1.1,13,1,2.921378374,3
v1.1,13,2,6.912855612,3
v1.1,13,3,5.42420218,3
v1.1,14,1,9.781334791,3
v1.1,14,2,13.47737631,3
v1.1,14,3,20.924076761,3
v1.1,15,1,13.585019497,3
v1.1,15,2,14.879968366,3
v1.1,15,3,22.197103109,3
v1.1,16,1,24.244293805,3
v1.1,16,2,11.125520987,3
v1.1,16,3,42.077107148,3
v1.1,17,1,52.329870578,3
v1.1,17,2,15.240479024,3
v1.1,17,3,40.161516356,3
v1.1,18,1,19.044811278,3
v1.1,18,2,49.216661212,3
v1.1,18,3,87.652876114,3
v1.1,19,1,74.39141364,3
v1.1,19,2,16.861624321,3
v1.1,19,3,46.790199919,3
v1.1,20,1,60.116167047,3
v1.1,20,2,92.169991959,3
v1.1,20,3,34.714683313,3
v1.1,21,1,77.494024447,3
v1.1,21,2,63.111428615,3
v1.1,21,3,102.402433001,3
v1.1,22,1,80.141893601,3
v1.1,22,2,245.507551829,3
v1.1,22,3,242.055697595,3
v1.1,23,1,385.276328254,3
v1.1,23,2,204.072526367,3
v1.1,23,3,193.039839546,3
v1.1,24,1,79.279815369,3
v1.1,24,2,69.090051533,3
v1.1,24,3,13.210424454,3
v1.1,25,1,248.451319356,3
v1.1,25,2,124.236372914,3
v1.1,25,3,181.667039759,3
v1.1,4,1,0.001467368,3
v1.1,5,1,0.009777845,3
v1.1,6,1,0.014172734,3
v1.1,6,2,0.027397771,3
v1.1,7,1,0.115726519,3
v1.1,7,2,0.050532983,3
v1.1,8,1,0.110482515,3
v1.1,8,2,0.13605018,3
v1.1,9,1,1.067294561,3
v1.1,9,2,0.701044103,3
v1.1,9,3,1.84687531,3
v1.1,10,1,0.886739744,3
v1.1,10,2,0.218020577,3
v1.1,10,3,3.550658213,3
v1.1,11,1,1.489843872,3
v1.1,11,2,2.565086262,3
v1.1,11,3,2.166712885,3
v1.1,12,1,3.66554997,3
v1.1,12,2,1.238693299,3
v1.1,12,3,6.520619536,3
v1.1,13,1,2.966843226,3
v1.1,13,2,10.749293572,3
v1.1,13,3,8.297776015,3
v1.1,14,1,13.024237047,3
v1.1,14,2,6.792978148,3
v1.1,14,3,3.544856208,3
v1.1,15,1,8.712583959,3
v1.1,15,2,13.649708647,3
v1.1,15,3,23.53026801,3
v1.1,16,1,12.494343913,3
v1.1,16,2,15.953880014,3
v1.1,16,3,12.941076447,3
v1.1,17,1,22.035479711,3
v1.1,17,2,33.721940626,3
v1.1,17,3,48.377682089,3
v1.1,18,1,78.48620446,3
v1.1,18,2,22.58095554,3
v1.1,18,3,46.635147152,3
v1.1,19,1,49.281454664,3
v1.1,19,2,24.891224573,3
v1.1,19,3,191.550463226,3
v1.1,20,1,97.244631208,3
v1.1,20,2,41.002745645,3
v1.1,20,3,7.36579611,3
v1.1,21,1,64.519846884,3
v1.1,21,2,7.796504061,3
v1.1,21,3,299.430188432,3
v1.1,22,1,161.345148258,3
v1.1,22,2,174.500953967,3
v1.1,22,3,62.736521713,3
v1.1,23,1,28.470246919,3
v1.1,23,2,328.38507418,3
v1.1,23,3,11.819780122,3
v1.1,24,1,208.718903267,3
v1.1,24,2,112.673572891,3
v1.1,24,3,173.153432711,3
v1.1,25,1,108.560533103,3
v1.1,25,2,221.301424356,3
v1.1,25,3,91.917259338,3
v1.1,4,1,0.00137083,3
v1.1,5,1,0.005832984,3
v1.1,6,1,0.012476584,3
v1.1,6,2,0.04048265,3
v1.1,7,1,0.022538506,3
v1.1,7,2,0.17614137,3
v1.1,8,1,0.208961051,3
v1.1,8,2,0.352061714,3
v1.1,9,1,0.292267712,3
v1.1,9,2,0.477147521,3
v1.1,9,3,0.432159029,3
v1.1,10,1,1.284377183,3
v1.1,10,2,2.847724837,3
v1.1,10,3,0.826384807,3
v1.1,11,1,1.567817605,3
v1.1,11,2,4.016999166,3
v1.1,11,3,4.333376221,3
v1.1,12,1,1.710692899,3
v1.1,12,2,5.527827874,3
v1.1,12,3,6.787602999,3
v1.1,13,1,4.641211568,3
v1.1,13,2,27.319720255,3
v1.1,13,3,4.368573374,3
v1.1,14,1,27.854361656,3
v1.1,14,2,22.599264172,3
v1.1,14,3,20.257042071,3
v1.1,15,1,20.979692814,3
v1.1,15,2,44.168820601,3
v1.1,15,3,16.581516363,3
v1.1,16,1,34.285310048,3
v1.1,16,2,23.650901393,3
v1.1,16,3,82.676223595,3
v1.1,17,1,31.076040716,3
v1.1,17,2,17.078968534,3
v1.1,17,3,4.38088095,3
v1.1,18,1,32.653115456,3
v1.1,18,2,61.091964642,3
v1.1,18,3,26.133148518,3
v1.1,19,1,55.708852995,3
v1.1,19,2,19.7718419,3
v1.1,19,3,35.823477934,3
v1.1,20,1,178.86197993,3
v1.1,20,2,78.453278664,3
v1.1,20,3,133.863903635,3
v1.1,21,1,90.187257023,3
v1.1,21,2,198.664293602,3
v1.1,21,3,275.038858374,3
v1.1,22,1,155.267886638,3
v1.1,22,2,87.531895869,3
v1.1,22,3,104.997607419,3
v1.1,23,1,177.057818118,3
v1.1,23,2,94.210773062,3
v1.1,23,3,270.919711189,3
v1.1,24,1,132.081942721,3
v1.1,24,2,107.439323525,3
v1.1,24,3,465.082291404,3
v1.1,25,1,81.173468693,3
v1.1,25,2,265.435209596,3
v1.1,25,3,653.873773433,3
v1.1,4,1,0.001534428,3
v1.1,5,1,0.009622628,3
v1.1,6,1,0.03291565,3
v1.1,6,2,0.085081751,3
v1.1,7,1,0.048559588,3
v1.1,7,2,0.08169674,3
v1.1,8,1,0.494508445,3
v1.1,8,2,0.460049482,3
v1.1,9,1,0.589526024,3
v1.1,9,2,0.510122171,3
v1.1,9,3,0.844272006,3
v1.1,10,1,0.35545376,3
v1.1,10,2,0.217501472,3
v1.1,10,3,1.366640553,3
v1.1,11,1,1.706424409,3
v1.1,11,2,4.979045971,3
v1.1,11,3,0.34922859,3
v1.1,12,1,3.797972927,3
v1.1,12,2,5.007986678,3
v1.1,12,3,4.159925137,3
v1.1,13,1,2.901331921,3
v1.1,13,2,8.613975524,3
v1.1,13,3,10.746174747,3
v1.1,14,1,4.686466068,3
v1.1,14,2,8.524204958,3
v1.1,14,3,8.012239611,3
v1.1,15,1,5.114960009,3
v1.1,15,2,23.269098912,3
v1.1,15,3,31.496131273,3
v1.1,16,1,8.857127688,3
v1.1,16,2,32.599451063,3
v1.1,16,3,15.393932521,3
v1.1,17,1,35.333455101,3
v1.1,17,2,13.691127208,3
v1.1,17,3,41.638288828,3
v1.1,18,1,2.748646738,3
v1.1,18,2,49.75697839,3
v1.1,18,3,12.74456842,3
v1.1,19,1,56.604132135,3
v1.1,19,2,10.431663658,3
v1.1,19,3,35.438040276,3
v1.1,20,1,33.985895203,3
v1.1,20,2,54.466411006,3
v1.1,20,3,89.090400977,3
v1.1,21,1,12.615293073,3
v1.1,21,2,241.854673173,3
v1.1,21,3,151.250870118,3
v1.1,22,1,205.432927239,3
v1.1,22,2,10.23007534,3
v1.1,22,3,284.17303745,3
v1.1,23,1,97.871825955,3
v1.1,23,2,46.007425514,3
v1.1,23,3,293.107078434,3
v1.1,24,1,128.321002079,3
v1.1,24,2,458.399146972,3
v1.1,24,3,200.666368478,3
v1.1,25,1,188.226069893,3
v1.1,25,2,152.317884935,3
v1.1,25,3,549.807384988,3
v1.1,4,1,0.001748389,3
v1.1,5,1,0.006576151,3
v1.1,6,1,0.017864289,3
v1.1,6,2,0.016359158,3
v1.1,7,1,0.050967572,3
v1.1,7,2,0.169915548,3
v1.1,8,1,0.299796524,3
v1.1,8,2,0.08440399,3
v1.1,9,1,0.437601614,3
v1.1,9,2,1.141826806,3
v1.1,9,3,0.619710623,3
v1.1,10,1,0.431516453,3
v1.1,10,2,2.830398159,3
v1.1,10,3,1.103929489,3
v1.1,11,1,3.37287471,3
v1.1,11,2,2.026690398,3
v1.1,11,3,1.119759568,3
v1.1,12,1,2.783239412,3
v1.1,12,2,1.573100342,3
v1.1,12,3,7.812993225,3
v1.1,13,1,6.176121244,3
v1.1,13,2,7.610916472,3
v1.1,13,3,2.408418943,3
v1.1,14,1,10.512396865,3
v1.1,14,2,7.923475403,3
v1.1,14,3,16.211178403,3
v1.1,15,1,12.895549335,3
v1.1,15,2,7.695331963,3
v1.1,15,3,30.461061173,3
v1.1,16,1,17.137178195,3
v1.1,16,2,22.709414645,3
v1.1,16,3,55.023490851,3
v1.1,17,1,24.492633758,3
v1.1,17,2,28.634422511,3
v1.1,17,3,54.986224943,3
v1.1,18,1,59.648072632,3
v1.1,18,2,98.476796024,3
v1.1,18,3,66.191013648,3
v1.1,19,1,38.521368413,3
v1.1,19,2,71.601511958,3
v1.1,19,3,17.9209141,3
v1.1,20,1,3.39476014,3
v1.1,20,2,97.123709493,3
v1.1,20,3,67.807949716,3
v1.1,21,1,98.703202846,3
v1.1,21,2,49.648269482,3
v1.1,21,3,171.523143793,3
v1.1,22,1,216.256348961,3
v1.1,22,2,40.503604561,3
v1.1,22,3,90.077116206,3
v1.1,23,1,35.413086213,3
v1.1,23,2,298.989255181,3
v1.1,23,3,61.978000829,3
v1.1,24,1,308.466554056,3
v1.1,24,2,122.064085494,3
v1.1,24,3,85.693135652,3
v1.1,25,1,546.146130462,3
v1.1,25,2,239.438129914,3
v1.1,25,3,479.14591988,3
v1.1,4,1,0.001946099,3
v1.1,5,1,0.003901981,3
v1.1,6,1,0.014012723,3
v1.1,6,2,0.064194207,3
v1.1,7,1,0.028007712,3
v1.1,7,2,0.287592941,3
v1.1,8,1,0.118051354,3
v1.1,8,2,0.304481302,3
v1.1,9,1,0.520676074,3
v1.1,9,2,0.495517442,3
v1.1,9,3,0.866206248,3
v1.1,10,1,0.349331956,3
v1.1,10,2,1.229510773,3
v1.1,10,3,1.043495292,3
v1.1,11,1,2.258763086,3
v1.1,11,2,1.109013735,3
v1.1,11,3,2.480268111,3
v1.1,12,1,4.752402042,3
v1.1,12,2,2.81009067,3
v1.1,12,3,7.757427764,3
v1.1,13,1,4.089122705,3
v1.1,13,2,9.241289053,3
v1.1,13,3,13.611173266,3
v1.1,14,1,15.61569234,3
v1.1,14,2,4.154580914,3
v1.1,14,3,10.557820949,3
v1.1,15,1,4.482207695,3
v1.1,15,2,14.010641266,3
v1.1,15,3,1.701525416,3
v1.1,16,1,25.934218215,3
v1.1,16,2,7.698886918,3
v1.1,16,3,58.718860478,3
v1.1,17,1,8.537098865,3
v1.1,17,2,50.565068998,3
v1.1,17,3,46.207957423,3
v1.1,18,1,38.384210801,3
v1.1,18,2,41.17861016,3
v1.1,18,3,16.860310676,3
v1.1,19,1,14.497022436,3
v1.1,19,2,80.924522122,3
v1.1,19,3,102.780326378,3
v1.1,20,1,44.683892001,3
v1.1,20,2,29.716817355,3
v1.1,20,3,61.268670761,3
v1.1,21,1,231.693635613,3
v1.1,21,2,24.626734631,3
v1.1,21,3,83.558163365,3
v1.1,22,1,287.860669364,3
v1.1,22,2,290.123971272,3
v1.1,22,3,75.625995822,3
v1.1,23,1,159.563663029,3
v1.1,23,2,90.889325838,3
v1.1,23,3,302.982396647,3
v1.1,24,1,339.283002241,3
v1.1,24,2,287.741022834,3
v1.1,24,3,83.894784003,3
v1.1,25,1,273.30814742,3
v1.1,25,2,176.71335568,3
v1.1,25,3,679.474524592,3
v1.1,4,1,0.002031541,3
v1.1,5,1,0.003740635,3
v1.1,6,1,0.009585915,3
v1.1,6,2,0.024582227,3
v1.1,7,1,0.122553746,3
v1.1,7,2,0.10672397,3
v1.1,8,1,0.180588441,3
v1.1,8,2,0.235391314,3
v1.1,9,1,1.298960113,3
v1.1,9,2,0.540359466,3
v1.1,9,3,0.901380563,3
v1.1,10,1,1.244540898,3
v1.1,10,2,1.34845758,3
v1.1,10,3,1.589458088,3
v1.1,11,1,1.760784082,3
v1.1,11,2,4.19783988,3
v1.1,11,3,7.115740014,3
v1.1,12,1,5.612552226,3
v1.1,12,2,4.495100612,3
v1.1,12,3,13.371219804,3
v1.1,13,1,4.897990333,3
v1.1,13,2,5.981202297,3
v1.1,13,3,5.191856622,3
v1.1,14,1,0.962168629,3
v1.1,14,2,2.462440977,3
v1.1,14,3,17.452123833,3
v1.1,15,1,14.802746932,3
v1.1,15,2,10.149358689,3
v1.1,15,3,12.305870706,3
v1.1,16,1,8.067993808,3
v1.1,16,2,27.22763637,3
v1.1,16,3,28.921927018,3
v1.1,17,1,81.576391656,3
v1.1,17,2,25.63651238,3
v1.1,17,3,70.958352588,3
v1.1,18,1,15.544150101,3
v1.1,18,2,31.361134225,3
v1.1,18,3,35.203237046,3
v1.1,19,1,79.462154741,3
v1.1,19,2,59.584951033,3
v1.1,19,3,31.025026288,3
v1.1,20,1,96.082816915,3
v1.1,20,2,56.433752994,3
v1.1,20,3,113.27036902,3
v1.1,21,1,36.545170765,3
v1.1,21,2,144.934467556,3
v1.1,21,3,87.861844009,3
v1.1,22,1,86.774376078,3
v1.1,22,2,111.302747408,3
v1.1,22,3,87.976488278,3
v1.1,23,1,217.076713706,3
v1.1,23,2,63.04015149,3
v1.1,23,3,87.360850813,3
v1.1,24,1,240.708477168,3
v1.1,24,2,103.252433646,3
v1.1,24,3,14.783797686,3
v1.1,25,1,79.048677796,3
v1.1,25,2,358.737709007,3
v1.1,25,3,245.469589573,3
v1.1,4,1,0.002258546,3
v1.1,5,1,0.002764353,3
v1.1,6,1,0.06001328,3
v1.1,6,2,0.025352033,3
v1.1,7,1,0.045987702,3
v1.1,7,2,0.350023739,3
v1.1,8,1,0.13497568,3
v1.1,8,2,0.299492751,3
v1.1,9,1,0.416554656,3
v1.1,9,2,0.997560647,3
v1.1,9,3,1.311065657,3
v1.1,10,1,0.606569179,3
v1.1,10,2,1.300905229,3
v1.1,10,3,1.243324922,3
v1.1,11,1,0.94338699,3
v1.1,11,2,1.400238932,3
v1.1,11,3,2.394320962,3
v1.1,12,1,2.029600215,3
v1.1,12,2,2.807890291,3
v1.1,12,3,5.182149154,3
v1.1,13,1,9.760542609,3
v1.1,13,2,5.611175181,3
v1.1,13,3,3.898045829,3
v1.1,14,1,3.743316982,3
v1.1,14,2,2.164138486,3
v1.1,14,3,44.391675373,3
v1.1,15,1,5.610501396,3
v1.1,15,2,45.361350824,3
v1.1,15,3,26.816883612,3
v1.1,16,1,11.471961473,3
v1.1,16,2,10.927331489,3
v1.1,16,3,43.532188621,3
v1.1,17,1,28.356216748,3
v1.1,17,2,14.463350672,3
v1.1,17,3,46.77149733,3
v1.1,18,1,22.514394152,3
v1.1,18,2,34.392814808,3
v1.1,18,3,148.363859577,3
v1.1,19,1,38.620041851,3
v1.1,19,2,66.327580163,3
v1.1,19,3,83.005783398,3
v1.1,20,1,96.683208215,3
v1.1,20,2,151.658557518,3
v1.1,20,3,71.951289355,3
v1.1,21,1,84.429951566,3
v1.1,21,2,52.526051943,3
v1.1,21,3,117.522711705,3
v1.1,22,1,195.101128034,3
v1.1,22,2,68.258878482,3
v1.1,22,3,100.827118026,3
v1.1,23,1,81.06831993,3
v1.1,23,2,162.911967448,3
v1.1,23,3,161.542988422,3
v1.1,24,1,202.964571865,3
v1.1,24,2,423.807351094,3
v1.1,24,3,328.810425645,3
v1.1,25,1,473.487236975,3
v1.1,25,2,481.546139853,3
v1.1,25,3,270.464067857,3
v1.1,4,1,0.001289396,3
v1.1,5,1,0.00405763,3
v1.1,6,1,0.011650491,3
v1.1,6,2,0.084999785,3
v1.1,7,1,0.092261846,3
v1.1,7,2,0.101828244,3
v1.1,8,1,0.261141988,3
v1.1,8,2,0.431196088,3
v1.1,9,1,0.432464485,3
v1.1,9,2,0.318933219,3
v1.1,9,3,1.411706847,3
v1.1,10,1,0.408030428,3
v1.1,10,2,3.52602099,3
v1.1,10,3,1.436875437,3
v1.1,11,1,2.823531154,3
v1.1,11,2,1.876520381,3
v1.1,11,3,1.855336234,3
v1.1,12,1,1.770610933,3
v1.1,12,2,11.043664935,3
v1.1,12,3,7.169520303,3
v1.1,13,1,13.896583736,3
v1.1,13,2,7.713266637,3
v1.1,13,3,0.890878411,3
v1.1,14,1,6.531067364,3
v1.1,14,2,6.160696904,3
v1.1,14,3,24.695476611,3
v1.1,15,1,10.363053843,3
v1.1,15,2,7.122260281,3
v1.1,15,3,1.975555825,3
v1.1,16,1,12.883030248,3
v1.1,16,2,8.537573454,3
v1.1,16,3,33.338859933,3
v1.1,17,1,2.257777557,3
v1.1,17,2,65.620194409,3
v1.1,17,3,42.875743546,3
v1.1,18,1,82.55779421,3
v1.1,18,2,80.643599175,3
v1.1,18,3,15.663263866,3
v1.1,19,1,85.861146442,3
v1.1,19,2,80.873649889,3
v1.1,19,3,69.71712004,3
v1.1,20,1,46.580523622,3
v1.1,20,2,125.215397272,3
v1.1,20,3,7.728009678,3
v1.1,21,1,144.520768457,3
v1.1,21,2,69.910616108,3
v1.1,21,3,143.813905876,3
v1.1,22,1,49.212351603,3
v1.1,22,2,249.473695005,3
v1.1,22,3,168.778208948,3
v1.1,23,1,164.744755428,3
v1.1,23,2,45.269679135,3
v1.1,23,3,57.795524031,3
v1.1,24,1,241.408270548,3
v1.1,24,2,250.692192273,3
v1.1,24,3,17.257968787,3
v1.1,25,1,748.883426966,3
v1.1,25,2,185.731929359,3
v1.1,25,3,627.060184292,3
v1.1,4,1,0.002157059,3
v1.1,5,1,0.051198317,3
v1.1,6,1,0.018122936,3
v1.1,6,2,0.044041933,3
v1.1,7,1,0.046797831,3
v1.1,7,2,0.196593563,3
v1.1,8,1,0.13006561,3
v1.1,8,2,0.252457307,3
v1.1,9,1,0.315206276,3
v1.1,9,2,0.955214426,3
v1.1,9,3,0.179610088,3
v1.1,10,1,1.262818901,3
v1.1,10,2,0.853056688,3
v1.1,10,3,0.217621011,3
v1.1,11,1,2.895355456,3
v1.1,11,2,1.926034393,3
v1.1,11,3,1.229973265,3
v1.1,12,1,5.877147984,3
v1.1,12,2,5.038290276,3
v1.1,12,3,6.834971276,3
v1.1,13,1,4.511926936,3
v1.1,13,2,6.53193565,3
v1.1,13,3,6.972765125,3
v1.1,14,1,3.193799745,3
v1.1,14,2,19.960529848,3
v1.1,14,3,4.610584353,3
v1.1,15,1,17.792550046,3
v1.1,15,2,22.699248873,3
v1.1,15,3,25.144511466,3
v1.1,16,1,16.65992588,3
v1.1,16,2,56.373286388,3
v1.1,16,3,21.507998526,3
v1.1,17,1,34.162093805,3
v1.1,17,2,46.685822991,3
v1.1,17,3,40.360091511,3
v1.1,18,1,13.774714672,3
v1.1,18,2,72.287630322,3
v1.1,18,3,29.434191825,3
v1.1,19,1,38.996781626,3
v1.1,19,2,60.988952708,3
v1.1,19,3,6.773016811,3
v1.1,20,1,44.823141123,3
v1.1,20,2,61.215049201,3
v1.1,20,3,26.635497164,3
v1.1,21,1,98.695991508,3
v1.1,21,2,66.528416173,3
v1.1,21,3,104.711262213,3
v1.1,22,1,44.623167392,3
v1.1,22,2,135.518247471,3
v1.1,22,3,218.844454647,3
v1.1,23,1,237.635455387,3
v1.1,23,2,59.902984003,3
v1.1,23,3,45.039576441,3
v1.1,24,1,240.587519663,3
v1.1,24,2,45.486403063,3
v1.1,24,3,102.257431997,3
v1.1,25,1,420.376947289,3
v1.1,25,2,345.196835528,3
v1.1,25,3,130.19407242,3
v1.1,4,1,0.00216627,3
v1.1,5,1,0.002096813,3
v1.1,6,1,0.02368664,3
v1.1,6,2,0.016552486,3
v1.1,7,1,0.106844002,3
v1.1,7,2,0.265627145,3
v1.1,8,1,0.356948459,3
v1.1,8,2,0.234335947,3
v1.1,9,1,0.292445585,3
v1.1,9,2,0.211698234,3
v1.1,9,3,1.701704685,3
v1.1,10,1,0.437588376,3
v1.1,10,2,1.040680013,3
v1.1,10,3,0.547488897,3
v1.1,11,1,1.440329372,3
v1.1,11,2,3.801621293,3
v1.1,11,3,1.480030796,3
v1.1,12,1,1.768720452,3
v1.1,12,2,3.662936498,3
v1.1,12,3,5.566012766,3
v1.1,13,1,4.368857973,3
v1.1,13,2,5.212711663,3
v1.1,13,3,8.82621205,3
v1.1,14,1,1.743152228,3
v1.1,14,2,23.046591309,3
v1.1,14,3,7.036861094,3
v1.1,15,1,28.969211411,3
v1.1,15,2,32.685267351,3
v1.1,15,3,10.245232142,3
v1.1,16,1,8.168020329,3
v1.1,16,2,8.472622799,3
v1.1,16,3,34.692272519,3
v1.1,17,1,1.366582614,3
v1.1,17,2,31.141590695,3
v1.1,17,3,66.339621238,3
v1.1,18,1,83.775336913,3
v1.1,18,2,3.119397062,3
v1.1,18,3,74.490163318,3
v1.1,19,1,92.732154468,3
v1.1,19,2,38.208154692,3
v1.1,19,3,95.964303112,3
v1.1,20,1,60.187359128,3
v1.1,20,2,98.857609465,3
v1.1,20,3,168.446190933,3
v1.1,21,1,68.208854172,3
v1.1,21,2,74.366664221,3
v1.1,21,3,10.629998176,3
v1.1,22,1,87.061075231,3
v1.1,22,2,12.871191604,3
v1.1,22,3,248.114464826,3
v1.1,23,1,200.545811219,3
v1.1,23,2,49.940440036,3
v1.1,23,3,56.504359336,3
v1.1,24,1,224.119511582,3
v1.1,24,2,82.405077319,3
v1.1,24,3,136.129390317,3
v1.1,25,1,84.225442534,3
v1.1,25,2,187.923298615,3
v1.1,25,3,342.72952468,3
v1.1,4,1,0.002463816,3
v1.1,5,1,0.009081845,3
v1.1,6,1,0.025163418,3
v1.1,6,2,0.094707348,3
v1.1,7,1,0.063420638,3
v1.1,7,2,0.051655408,3
v1.1,8,1,0.070634652,3
v1.1,8,2,0.315106161,3
v1.1,9,1,0.508013646,3
v1.1,9,2,0.731345636,3
v1.1,9,3,0.744439889,3
v1.1,10,1,1.223994089,3
v1.1,10,2,1.887638228,3
v1.1,10,3,1.571921324,3
v1.1,11,1,1.094107253,3
v1.1,11,2,0.238240114,3
v1.1,11,3,3.766077537,3
v1.1,12,1,2.39338679,3
v1.1,12,2,5.329323206,3
v1.1,12,3,2.573421036,3
v1.1,13,1,7.919627986,3
v1.1,13,2,4.134168389,3
v1.1,13,3,5.602309361,3
v1.1,14,1,8.072042649,3
v1.1,14,2,22.349484931,3
v1.1,14,3,4.478240976,3
v1.1,15,1,33.817453156,3
v1.1,15,2,4.217664901,3
v1.1,15,3,13.365450893,3
v1.1,16,1,24.430934577,3
v1.1,16,2,12.030703706,3
v1.1,16,3,27.94708387,3
v1.1,17,1,24.446085057,3
v1.1,17,2,21.338427792,3
v1.1,17,3,31.753365267,3
v1.1,18,1,31.254346433,3
v1.1,18,2,61.235479016,3
v1.1,18,3,111.899852559,3
v1.1,19,1,46.529476055,3
v1.1,19,2,5.932387193,3
v1.1,19,3,81.551676602,3
v1.1,20,1,31.684767037,3
v1.1,20,2,83.771456234,3
v1.1,20,3,78.320268958,3
v1.1,21,1,76.586817993,3
v1.1,21,2,96.582729986,3
v1.1,22,1,39.157176592,3
v1.1,22,2,90.623789523,3
v1.1,22,3,145.009598619,3
v1.1,23,1,221.044371624,3
v1.1,23,2,135.04928314,3
v1.1,23,3,307.65873375,3
v1.1,24,1,253.53643029,3
v1.1,24,2,337.983971107,3
v1.1,24,3,222.557450972,3
v1.1,25,1,78.701766454,3
v1.1,25,2,222.18175943,3
v1.1,25,3,332.924484732,3
v1.1,4,1,0.001770551,3
v1.1,5,1,0.004778093,3
v1.1,6,1,0.024445305,3
v1.1,6,2,0.09697461,3
v1.1,7,1,0.102176251,3
v1.1,7,2,0.137658804,3
v1.1,8,1,0.325097247,3
v1.1,8,2,0.132320199,3
v1.1,9,1,0.257207822,3
v1.1,9,2,0.541896634,3
v1.1,9,3,1.143065837,3
v1.1,10,1,1.344431478,3
v1.1,10,2,0.820576118,3
v1.1,10,3,0.74935279,3
v1.1,11,1,0.650631076,3
v1.1,11,2,2.231248365,3
v1.1,11,3,5.088286667,3
v1.1,12,1,2.060628179,3
v1.1,12,2,2.389923026,3
v1.1,12,3,3.312011212,3
v1.1,13,1,4.692050619,3
v1.1,13,2,2.757866667,3
v1.1,13,3,9.450801524,3
v1.1,14,1,2.059530474,3
v1.1,14,2,22.016078991,3
v1.1,14,3,4.344388311,3
v1.1,15,1,7.429575584,3
v1.1,15,2,8.065271131,3
v1.1,15,3,15.501352683,3
v1.1,16,1,8.716773642,3
v1.1,16,2,30.274415795,3
v1.1,16,3,2.472639092,3
v1.1,17,1,15.109135781,3
v1.1,17,2,29.842059153,3
v1.1,17,3,35.512164823,3
v1.1,18,1,56.097850703,3
v1.1,18,2,77.272122067,3
v1.1,18,3,64.32898647,3
v1.1,19,1,66.6253376,3
v1.1,19,2,46.184564819,3
v1.1,19,3,82.156189697,3
v1.1,20,1,74.834649826,3
v1.1,20,2,124.384012666,3
v1.1,20,3,29.386073007,3
v1.1,21,1,8.051191988,3
v1.1,21,2,218.163297117,3
v1.1,21,3,91.523082644,3
v1.1,22,1,6.001925426,3
v1.1,22,2,177.974710768,3
v1.1,22,3,82.555376581,3
v1.1,23,1,200.791239367,3
v1.1,23,2,201.533187593,3
v1.1,23,3,91.937769795,3
v1.1,24,1,42.918954993,3
v1.1,24,2,309.302827872,3
v1.1,24,3,284.053457775,3
v1.1,25,1,364.2233319,3
v1.1,25,2,68.161553319,3
v1.1,25,3,525.416250751,3
v1.1,4,1,0.001614182,3
v1.1,5,1,0.014941282,3
v1.1,6,1,0.006542247,3
v1.1,6,2,0.07536649,3
v1.1,7,1,0.048774509,3
v1.1,7,2,0.121736237,3
v1.1,8,1,0.22987492,3
v1.1,8,2,0.27358791,3
v1.1,9,1,0.364638661,3
v1.1,9,2,0.788799716,3
v1.1,9,3,0.474613104,3
v1.1,10,1,1.494789898,3
v1.1,10,2,0.927661887,3
v1.1,10,3,1.661961316,3
v1.1,11,1,1.192383626,3
v1.1,11,2,2.578054831,3
v1.1,11,3,3.440176295,3
v1.1,12,1,0.650905614,3
v1.1,12,2,1.602906382,3
v1.1,12,3,5.566971575,3
v1.1,13,1,4.206569106,3
v1.1,13,2,11.86916827,3
v1.1,13,3,10.605489053,3
v1.1,14,1,8.62031938,3
v1.1,14,2,10.529441266,3
v1.1,14,3,13.468261826,3
v1.1,15,1,10.811492759,3
v1.1,15,2,24.112788221,3
v1.1,15,3,12.926252379,3
v1.1,16,1,27.494598283,3
v1.1,16,2,40.240678115,3
v1.1,16,3,31.589000137,3
v1.1,17,1,20.584593074,3
v1.1,17,2,29.882150549,3
v1.1,17,3,29.119105257,3
v1.1,18,1,49.46472815,3
v1.1,18,2,34.037747113,3
v1.1,18,3,24.926819775,3
v1.1,19,1,26.573244186,3
v1.1,19,2,15.801136706,3
v1.1,19,3,82.28101322,3
v1.1,20,1,23.518988063,3
v1.1,20,2,63.172669245,3
v1.1,20,3,139.01013454,3
v1.1,21,1,120.087447465,3
v1.1,21,2,29.221776231,3
v1.1,21,3,75.503168819,3
v1.1,22,1,49.759132767,3
v1.1,22,2,91.500581522,3
v1.1,22,3,122.552331682,3
v1.1,23,1,251.326057094,3
v1.1,23,2,209.074323757,3
v1.1,23,3,285.503497059,3
v1.1,24,1,316.617902149,3
v1.1,24,2,420.28339843,3
v1.1,24,3,377.25202741,3
v1.1,25,1,104.434808242,3
v1.1,25,2,587.107667261,3
v1.1,25,3,261.418525007,3
v1.1,4,1,0.00157549,3
v1.1,5,1,0.005810628,3
v1.1,6,1,0.039509374,3
v1.1,6,2,0.036271891,3
v1.1,7,1,0.123093132,3
v1.1,7,2,0.044117744,3
v1.1,8,1,0.144621839,3
v1.1,8,2,0.439468088,3
v1.1,9,1,0.666483892,3
v1.1,9,2,0.439836796,3
v1.1,9,3,0.968524485,3
v1.1,10,1,0.528034294,3
v1.1,10,2,1.678194213,3
v1.1,10,3,1.22857492,3
v1.1,11,1,1.769915414,3
v1.1,11,2,1.612289358,3
v1.1,11,3,2.088780306,3
v1.1,12,1,3.283708628,3
v1.1,12,2,1.299795535,3
v1.1,12,3,9.550832256,3
v1.1,13,1,3.546336517,3
v1.1,13,2,10.240376219,3
v1.1,13,3,10.397021118,3
v1.1,14,1,4.829101133,3
v1.1,14,2,21.502900704,3
v1.1,14,3,5.748077128,3
v1.1,15,1,16.847196046,3
v1.1,15,2,17.088592325,3
v1.1,15,3,25.267168031,3
v1.1,16,1,20.781484892,3
v1.1,16,2,45.104310096,3
v1.1,16,3,35.788444538,3
v1.1,17,1,25.854731335,3
v1.1,17,2,26.906338884,3
v1.1,17,3,36.823951004,3
v1.1,18,1,57.27962033,3
v1.1,18,2,43.199326687,3
v1.1,18,3,32.855109984,3
v1.1,19,1,61.214103978,3
v1.1,19,2,15.862341377,3
v1.1,19,3,19.514900703,3
v1.1,20,1,84.282222753,3
v1.1,20,2,126.760354407,3
v1.1,20,3,60.969047923,3
v1.1,21,1,24.739587924,3
v1.1,21,2,94.234099254,3
v1.1,21,3,118.209033876,3
v1.1,22,1,98.960232545,3
v1.1,22,2,164.233521041,3
v1.1,22,3,138.368615129,3
v1.1,23,1,192.436408289,3
v1.1,23,2,64.847463374,3
v1.1,23,3,288.373869694,3
v1.1,24,1,161.253451294,3
v1.1,24,2,77.598517934,3
v1.1,24,3,481.524431546,3
v1.1,25,1,138.696248989,3
v1.1,25,2,620.567702082,3
v1.1,25,3,627.491050276,3
v1.1,4,1,0.001870932,3
v1.1,5,1,0.005302281,3
v1.1,6,1,0.012956354,3
v1.1,6,2,0.023315151,3
v1.1,7,1,0.074808672,3
v1.1,7,2,0.065085439,3
v1.1,8,1,0.112879349,3
v1.1,8,2,0.191591572,3
v1.1,9,1,0.499265011,3
v1.1,9,2,1.806967653,3
v1.1,10,1,1.038653271,3
v1.1,10,2,1.32644343,3
v1.1,10,3,1.417115462,3
v1.1,11,1,1.399346835,3
v1.1,11,2,3.146330783,3
v1.1,11,3,1.413892992,3
v1.1,12,1,3.342388219,3
v1.1,12,2,2.599390357,3
v1.1,12,3,3.94091063,3
v1.1,13,1,2.813945418,3
v1.1,13,2,2.006023967,3
v1.1,13,3,5.458444851,3
v1.1,14,1,10.399370887,3
v1.1,14,2,7.592463903,3
v1.1,14,3,7.716922127,3
v1.1,15,1,6.787525463,3
v1.1,15,2,20.582897601,3
v1.1,15,3,9.898269668,3
v1.1,16,1,7.877208302,3
v1.1,16,2,47.105933282,3
v1.1,16,3,11.90940992,3
v1.1,17,1,19.86546186,3
v1.1,17,2,3.373025688,3
v1.1,17,3,41.033808049,3
v1.1,18,1,43.97713146,3
v1.1,18,2,37.54534571,3
v1.1,18,3,41.199833542,3
v1.1,19,1,13.540284306,3
v1.1,19,2,63.911247222,3
v1.1,19,3,47.267280372,3
v1.1,20,1,59.549221357,3
v1.1,20,2,39.105302535,3
v1.1,20,3,194.573888045,3
v1.1,21,1,157.602441273,3
v1.1,21,2,77.481336415,3
v1.1,21,3,79.563625056,3
v1.1,22,1,160.663488911,3
v1.1,22,2,165.376994963,3
v1.1,22,3,153.007190103,3
v1.1,23,1,131.597034505,3
v1.1,23,2,13.278210573,3
v1.1,23,3,59.248107513,3
v1.1,24,1,217.369475059,3
v1.1,24,2,213.027694191,3
v1.1,24,3,561.27981091,3
v1.1,25,1,604.951617178,3
v1.1,25,2,70.898681565,3
v1.1,25,3,370.094313143,3
v1.1,4,1,0.001662697,3
v1.1,5,1,0.005452108,3
v1.1,6,1,0.014668842,3
v1.1,6,2,0.037940412,3
v1.1,7,1,0.09991167,3
v1.1,7,2,0.068601031,3
v1.1,8,1,0.206738803,3
v1.1,8,2,0.202221798,3
v1.1,9,1,0.647746638,3
v1.1,9,2,0.899440977,3
v1.1,9,3,1.167221204,3
v1.1,10,1,1.13954053,3
v1.1,10,2,0.409782106,3
v1.1,10,3,1.381961397,3
v1.1,11,1,2.48798438,3
v1.1,11,2,2.164052754,3
v1.1,11,3,0.842208596,3
v1.1,12,1,3.633380908,3
v1.1,12,2,4.023629891,3
v1.1,12,3,3.008264744,3
v1.1,13,1,5.875889356,3
v1.1,13,2,2.387314079,3
v1.1,13,3,4.416183514,3
v1.1,14,1,9.063995054,3
v1.1,14,2,7.465729716,3
v1.1,14,3,12.076338438,3
v1.1,15,1,3.907022166,3
v1.1,15,2,21.739240012,3
v1.1,15,3,5.161434149,3
v1.1,16,1,20.557715282,3
v1.1,16,2,28.209841039,3
v1.1,16,3,22.307087435,3
v1.1,17,1,12.460588886,3
v1.1,17,2,47.497124874,3
v1.1,17,3,17.811157813,3
v1.1,18,1,35.745819538,3
v1.1,18,2,55.625765981,3
v1.1,18,3,26.454380372,3
v1.1,19,1,63.726415942,3
v1.1,19,2,59.46946985,3
v1.1,19,3,5.523680561,3
v1.1,20,1,97.980748674,3
v1.1,20,2,78.650132811,3
v1.1,20,3,241.579328784,3
v1.1,21,1,139.872293205,3
v1.1,21,2,41.919204744,3
v1.1,21,3,45.296401277,3
v1.1,22,1,150.288614159,3
v1.1,22,2,217.100373069,3
v1.1,22,3,171.813123369,3
v1.1,23,1,161.925461181,3
v1.1,23,2,164.928246644,3
v1.1,23,3,164.637455887,3
v1.1,24,1,12.141766199,3
v1.1,24,2,226.280620151,3
v1.1,24,3,76.352723412,3
v1.1,25,1,163.380283744,3
v1.1,25,2,51.055864144,3
v1.1,25,3,135.565847773,3
v1.1,4,1,0.002724467,3
v1.1,5,1,0.004130174,3
v1.1,6,1,0.024080846,3
v1.1,6,2,0.046279355,3
v1.1,7,1,0.088798557,3
v1.1,7,2,0.042912666,3
v1.1,8,1,0.203901223,3
v1.1,8,2,0.392863759,3
v1.1,9,1,0.042369915,3
v1.1,9,2,0.123088649,3
v1.1,9,3,0.594846396,3
v1.1,10,1,0.795780373,3
v1.1,10,2,0.934613053,3
v1.1,10,3,1.650337777,3
v1.1,11,1,1.98696243,3
v1.1,11,2,0.796647371,3
v1.1,11,3,4.23786208,3
v1.1,12,1,3.426100171,3
v1.1,12,2,2.536809549,3
v1.1,12,3,9.544818201,3
v1.1,13,1,1.287919094,3
v1.1,13,2,4.253093953,3
v1.1,13,3,5.557595537,3
v1.1,14,1,8.999098364,3
v1.1,14,2,6.221019902,3
v1.1,14,3,0.948224244,3
v1.1,15,1,1.009817253,3
v1.1,15,2,18.26116606,3
v1.1,15,3,5.440779667,3
v1.1,16,1,28.379321131,3
v1.1,16,2,33.430307858,3
v1.1,16,3,31.834812976,3
v1.1,17,1,65.400555419,3
v1.1,17,2,31.999378284,3
v1.1,17,3,38.881283166,3
v1.1,18,1,36.776744,3
v1.1,18,2,57.838498344,3
v1.1,18,3,28.447359714,3
v1.1,19,1,79.771315482,3
v1.1,19,2,31.337758427,3
v1.1,19,3,67.071064707,3
v1.1,20,1,88.770475243,3
v1.1,20,2,113.679241548,3
v1.1,20,3,86.35556314,3
v1.1,21,1,126.833689499,3
v1.1,21,2,25.274544532,3
v1.1,21,3,40.995502871,3
v1.1,22,1,117.306313178,3
v1.1,22,2,113.666307086,3
v1.1,22,3,404.441470336,3
v1.1,23,1,7.659789668,3
v1.1,23,2,363.384279708,3
v1.1,23,3,161.222574107,3
v1.1,24,1,215.941534833,3
v1.1,24,2,16.181880758,3
v1.1,24,3,112.747322651,3
v1.1,25,1,237.819840886,3
v1.1,25,2,289.266778343,3
v1.1,25,3,172.049552134,3
v1.1,4,1,0.002152377,3
v1.1,5,1,0.00613117,3
v1.1,6,1,0.028240933,3
v1.1,6,2,0.018793544,3
v1.1,7,1,0.125051519,3
v1.1,7,2,0.043993217,3
v1.1,8,1,0.182272236,3
v1.1,8,2,0.273554168,3
v1.1,9,1,0.451965856,3
v1.1,9,2,1.416311777,3
v1.1,9,3,1.078025899,3
v1.1,10,1,0.772532593,3
v1.1,10,2,0.890981842,3
v1.1,10,3,1.894209946,3
v1.1,11,1,4.129854734,3
v1.1,11,2,4.320462338,3
v1.1,11,3,4.133919035,3
v1.1,12,1,2.714978484,3
v1.1,12,2,4.536047393,3
v1.1,12,3,6.293328072,3
v1.1,13,1,2.877937361,3
v1.1,13,2,7.246358711,3
v1.1,13,3,16.024038548,3
v1.1,14,1,11.22376529,3
v1.1,14,2,10.522649701,3
v1.1,14,3,36.541668697,3
v1.1,15,1,4.681951258,3
v1.1,15,2,11.505453605,3
v1.1,15,3,36.27871316,3
v1.1,16,1,8.372486872,3
v1.1,16,2,1.928999872,3
v1.1,16,3,37.422845486,3
v1.1,17,1,1.725717051,3
v1.1,17,2,78.876503445,3
v1.1,17,3,68.879795723,3
v1.1,18,1,11.673041657,3
v1.1,18,2,39.139554388,3
v1.1,18,3,77.64456774,3
v1.1,19,1,62.067981623,3
v1.1,19,2,25.797388234,3
v1.1,19,3,41.593000296,3
v1.1,20,1,4.526422418,3
v1.1,20,2,55.76865438,3
v1.1,20,3,56.201189379,3
v1.1,21,1,27.384937349,3
v1.1,21,2,55.789862984,3
v1.1,21,3,94.784284192,3
v1.1,22,1,185.85316666,3
v1.1,22,2,85.972048188,3
v1.1,22,3,94.706428408,3
v1.1,23,1,203.057935894,3
v1.1,23,2,165.827735134,3
v1.1,23,3,260.819061054,3
v1.1,24,1,103.384641197,3
v1.1,24,2,122.86502656,3
v1.1,24,3,258.698693459,3
v1.1,25,1,379.364817175,3
v1.1,25,2,330.367646093,3
v1.1,25,3,290.292421296,3
v1.1,4,1,0.001513096,3
v1.1,5,1,0.00242968,3
v1.1,6,1,0.016776238,3
v1.1,6,2,0.021457802,3
v1.1,7,1,0.049876703,3
v1.1,7,2,0.255301013,3
v1.1,8,1,0.430184968,3
v1.1,8,2,0.050028119,3
v1.1,9,1,0.634742996,3
v1.1,9,2,0.624646174,3
v1.1,9,3,0.678061106,3
v1.1,10,1,0.157080114,3
v1.1,10,2,1.040887657,3
v1.1,10,3,2.523208104,3
v1.1,11,1,0.458813303,3
v1.1,11,2,2.978932797,3
v1.1,11,3,3.792309887,3
v1.1,12,1,1.731951275,3
v1.1,12,2,5.295463815,3
v1.1,12,3,1.986876058,3
v1.1,13,1,3.665409587,3
v1.1,13,2,7.415519224,3
v1.1,13,3,7.87635689,3
v1.1,14,1,12.091979953,3
v1.1,14,2,15.644720843,3
v1.1,14,3,3.390439664,3
v1.1,15,1,9.672010571,3
v1.1,15,2,17.578051937,3
v1.1,15,3,24.788458249,3
v1.1,16,1,16.130945846,3
v1.1,16,2,13.160131625,3
v1.1,16,3,18.415775548,3
v1.1,17,1,15.864163378,3
v1.1,17,2,37.618602413,3
v1.1,17,3,21.235037433,3
v1.1,18,1,73.060551325,3
v1.1,18,2,4.73711381,3
v1.1,18,3,63.771798347,3
v1.1,19,1,26.505585977,3
v1.1,19,2,129.770688006,3
v1.1,19,3,63.826349631,3
v1.1,20,1,103.885325866,3
v1.1,20,2,112.906585756,3
v1.1,20,3,74.87840595,3
v1.1,21,1,137.126224204,3
v1.1,21,2,90.134794453,3
v1.1,21,3,35.052099001,3
v1.1,22,1,100.161061279,3
v1.1,22,2,38.849490524,3
v1.1,22,3,202.947870291,3
v1.1,23,1,11.369669197,3
v1.1,23,2,130.793802183,3
v1.1,23,3,379.438901504,3
v1.1,24,1,53.447715682,3
v1.1,24,2,191.958169527,3
v1.1,24,3,474.3572501,3
v1.1,25,1,224.13192165,3
v1.1,25,2,53.935799335,3
v1.1,25,3,81.886578342,3
v1.1,4,1,0.0013371,3
v1.1,5,1,0.006461414,3
v1.1,6,1,0.020128901,3
v1.1,6,2,0.040539953,3
v1.1,7,1,0.045629402,3
v1.1,7,2,0.351046191,3
v1.1,8,1,0.08564478,3
v1.1,8,2,0.151342723,3
v1.1,9,1,0.592874403,3
v1.1,9,2,0.269327752,3
v1.1,10,1,0.777925719,3
v1.1,10,2,3.35439141,3
v1.1,10,3,2.322481394,3
v1.1,11,1,1.557435092,3
v1.1,11,2,0.703315038,3
v1.1,11,3,1.788193412,3
v1.1,12,1,1.559841836,3
v1.1,12,2,6.225491756,3
v1.1,12,3,1.446529076,3
v1.1,13,1,2.851719221,3
v1.1,13,2,3.82647918,3
v1.1,13,3,9.210414689,3
v1.1,14,1,6.292977816,3
v1.1,14,2,11.290996372,3
v1.1,14,3,8.272638741,3
v1.1,15,1,9.300141499,3
v1.1,15,2,9.683683196,3
v1.1,15,3,12.635224878,3
v1.1,16,1,9.965152479,3
v1.1,16,2,12.825056626,3
v1.1,16,3,63.311244492,3
v1.1,17,1,49.217890353,3
v1.1,17,2,10.660246612,3
v1.1,17,3,103.254598278,3
v1.1,18,1,62.937574109,3
v1.1,18,2,65.625294847,3
v1.1,18,3,48.519910864,3
v1.1,19,1,31.661924594,3
v1.1,19,2,47.02581945,3
v1.1,19,3,73.379156896,3
v1.1,20,1,18.751929314,3
v1.1,20,2,66.619256689,3
v1.1,20,3,200.982896875,3
v1.1,21,1,48.997856038,3
v1.1,21,2,102.483356652,3
v1.1,21,3,37.191592388,3
v1.1,22,1,85.222829381,3
v1.1,22,2,179.736242249,3
v1.1,22,3,187.934409087,3
v1.1,23,1,52.556955394,3
v1.1,23,2,192.956736176,3
v1.1,23,3,103.241316292,3
v1.1,24,1,66.163774133,3
v1.1,24,2,168.023506783,3
v1.1,24,3,23.867635681,3
v1.1,25,1,12.514706207,3
v1.1,25,2,549.149687903,3
v1.1,25,3,203.051655034,3
v1.1,4,1,0.001682395,3
v1.1,5,1,0.004159071,3
v1.1,6,1,0.005152793,3
v1.1,7,1,0.102040335,3
v1.1,7,2,0.160306606,3
v1.1,8,1,0.073592244,3
v1.1,8,2,0.284703308,3
v1.1,9,1,0.429586605,3
v1.1,9,2,0.417222349,3
v1.1,9,3,1.309684496,3
v1.1,10,1,1.195998968,3
v1.1,10,2,2.100014748,3
v1.1,10,3,1.818329846,3
v1.1,11,1,2.364624995,3
v1.1,11,2,1.020042155,3
v1.1,11,3,6.217079339,3
v1.1,12,1,4.567040066,3
v1.1,12,2,5.296997144,3
v1.1,12,3,2.417431527,3
v1.1,13,1,7.496252076,3
v1.1,13,2,3.83075685,3
v1.1,13,3,5.242729512,3
v1.1,14,1,7.567909036,3
v1.1,14,2,12.207714128,3
v1.1,14,3,15.084843782,3
v1.1,15,1,11.319683764,3
v1.1,15,2,24.755835655,3
v1.1,15,3,5.266201451,3
v1.1,16,1,7.88335408,3
v1.1,16,2,23.162260846,3
v1.1,16,3,24.05708649,3
v1.1,17,1,40.284234146,3
v1.1,17,2,33.321823788,3
v1.1,17,3,88.081902566,3
v1.1,18,1,2.36428896,3
v1.1,18,2,10.827691124,3
v1.1,18,3,110.233290347,3
v1.1,19,1,21.31117134,3
v1.1,19,2,78.070582854,3
v1.1,19,3,7.071125898,3
v1.1,20,1,100.642253982,3
v1.1,20,2,166.279812102,3
v1.1,20,3,41.428391686,3
v1.1,21,1,113.588200959,3
v1.1,21,2,108.084409814,3
v1.1,21,3,67.576657552,3
v1.1,22,1,259.014172169,3
v1.1,22,2,221.490167428,3
v1.1,22,3,10.256366566,3
v1.1,23,1,9.055381683,3
v1.1,23,2,136.720273525,3
v1.1,23,3,370.128526279,3
v1.1,24,1,269.35479348,3
v1.1,24,2,156.854955989,3
v1.1,24,3,175.159291257,3
v1.1,25,1,276.250073314,3
v1.1,25,2,60.792453542,3
v1.1,25,3,21.87405497,3
v1.1,4,1,0.001235333,3
v1.1,5,1,0.004821531,3
v1.1,6,1,0.017482345,3
v1.1,6,2,0.023513218,3
v1.1,7,1,0.12382963,3
v1.1,7,2,0.041116186,3
v1.1,8,1,0.140777847,3
v1.1,8,2,0.633998404,3
v1.1,9,1,0.23970602,3
v1.1,9,2,0.428382514,3
v1.1,9,3,0.813886294,3
v1.1,10,1,1.354720899,3
v1.1,10,2,2.572677345,3
v1.1,10,3,3.635760248,3
v1.1,11,1,0.920533428,3
v1.1,11,2,4.839191525,3
v1.1,11,3,3.842884925,3
v1.1,12,1,3.226180152,3
v1.1,12,2,7.508301885,3
v1.1,12,3,9.184673835,3
v1.1,13,1,0.564498287,3
v1.1,13,2,6.793586434,3
v1.1,13,3,8.919074159,3
v1.1,14,1,11.7760092,3
v1.1,14,2,7.50539016,3
v1.1,14,3,30.958846268,3
v1.1,15,1,8.52630583,3
v1.1,15,2,17.902448114,3
v1.1,15,3,20.393590405,3
v1.1,16,1,32.459743268,3
v1.1,16,2,29.379850732,3
v1.1,16,3,37.322706256,3
v1.1,17,1,18.795412263,3
v1.1,17,2,34.721910512,3
v1.1,17,3,9.229249056,3
v1.1,18,1,55.523403708,3
v1.1,18,2,61.98148109,3
v1.1,18,3,64.008087878,3
v1.1,19,1,46.377942441,3
v1.1,19,2,15.703823916,3
v1.1,19,3,98.63812042,3
v1.1,20,1,32.876271518,3
v1.1,20,2,111.004912803,3
v1.1,20,3,116.849442394,3
v1.1,21,1,222.455202866,3
v1.1,21,2,164.504644127,3
v1.1,21,3,60.044783753,3
v1.1,22,1,143.551271867,3
v1.1,22,2,8.208494478,3
v1.1,22,3,298.428224196,3
v1.1,23,1,227.904716731,3
v1.1,23,2,307.824414356,3
v1.1,23,3,117.563953526,3
v1.1,24,1,237.162946928,3
v1.1,24,2,219.304386378,3
v1.1,24,3,114.790405462,3
v1.1,25,1,107.346660647,3
v1.1,25,2,517.639027058,3
v1.1,25,3,204.762665659,3
v1.1,4,1,0.00257985,3
v1.1,5,1,0.007283226,3
v1.1,6,1,0.014733045,3
v1.1,6,2,0.025830684,3
v1.1,7,1,0.084133503,3
v1.1,7,2,0.095065435,3
v1.1,8,1,0.250140212,3
v1.1,8,2,0.375759124,3
v1.1,9,1,0.561352437,3
v1.1,9,2,0.520892629,3
v1.1,9,3,1.640342213,3
v1.1,10,1,0.939610344,3
v1.1,10,2,2.978563953,3
v1.1,10,3,2.299624147,3
v1.1,11,1,3.77972321,3
v1.1,11,2,3.040036986,3
v1.1,11,3,3.232156333,3
v1.1,12,1,3.633347299,3
v1.1,12,2,5.630698619,3
v1.1,12,3,4.504639547,3
v1.1,13,1,4.276312088,3
v1.1,13,2,7.860562911,3
v1.1,13,3,9.026953353,3
v1.1,14,1,6.910526038,3
v1.1,14,2,7.739554692,3
v1.1,14,3,13.863022883,3
v1.1,15,1,4.806489099,3
v1.1,15,2,39.250144587,3
v1.1,15,3,32.888060928,3
v1.1,16,1,21.85629347,3
v1.1,16,2,9.094989793,3
v1.1,16,3,35.852282128,3
v1.1,17,1,23.412269718,3
v1.1,17,2,9.057705738,3
v1.1,17,3,20.693206492,3
v1.1,18,1,7.88495853,3
v1.1,18,2,52.197860011,3
v1.1,18,3,136.429267519,3
v1.1,19,1,16.937710601,3
v1.1,19,2,134.254138692,3
v1.1,19,3,83.183162945,3
v1.1,20,1,21.203193171,3
v1.1,20,2,134.950173965,3
v1.1,20,3,38.383578286,3
v1.1,21,1,51.26432334,3
v1.1,21,2,34.545143964,3
v1.1,21,3,101.317977777,3
v1.1,22,1,78.502252085,3
v1.1,22,2,10.106894835,3
v1.1,22,3,252.30226608,3
v1.1,23,1,72.937825228,3
v1.1,23,2,341.425301451,3
v1.1,23,3,94.957502654,3
v1.1,24,1,279.659772922,3
v1.1,24,2,368.597552048,3
v1.1,24,3,367.994337444,3
v1.1,25,1,492.22990277,3
v1.1,25,2,363.608743074,3
v1.1,25,3,177.782844506,3
v1.1,4,1,0.001464518,3
v1.1,5,1,0.005459815,3
v1.1,6,1,0.069935014,3
v1.1,6,2,0.060765457,3
v1.1,7,1,0.036379333,3
v1.1,7,2,0.132926013,3
v1.1,8,1,0.086816216,3
v1.1,8,2,0.255774101,3
v1.1,9,1,0.454309414,3
v1.1,9,2,0.445866575,3
v1.1,9,3,1.17574918,3
v1.1,10,1,1.27358244,3
v1.1,10,2,1.21223724,3
v1.1,10,3,0.265012752,3
v1.1,11,1,2.108051364,3
v1.1,11,2,1.060193844,3
v1.1,11,3,1.933752259,3
v1.1,12,1,2.864625516,3
v1.1,12,2,6.616490615,3
v1.1,12,3,10.288435473,3
v1.1,13,1,5.438919828,3
v1.1,13,2,7.075912875,3
v1.1,13,3,8.61018081,3
v1.1,14,1,7.200038726,3
v1.1,14,2,4.966582172,3
v1.1,14,3,14.820444251,3
v1.1,15,1,44.01787519,3
v1.1,15,2,59.403863244,3
v1.1,15,3,19.40099186,3
v1.1,16,1,52.294124682,3
v1.1,16,2,57.014962708,3
v1.1,16,3,16.377356972,3
v1.1,17,1,19.651001318,3
v1.1,17,2,20.71221692,3
v1.1,17,3,19.740303096,3
v1.1,18,1,67.218810946,3
v1.1,18,2,11.545590466,3
v1.1,18,3,63.02432428,3
v1.1,19,1,68.119941642,3
v1.1,19,2,31.474131407,3
v1.1,19,3,120.143587098,3
v1.1,20,1,191.286406235,3
v1.1,20,2,50.140830948,3
v1.1,20,3,68.507311516,3
v1.1,21,1,122.375010284,3
v1.1,21,2,251.218847194,3
v1.1,21,3,54.756755957,3
v1.1,22,1,236.558027596,3
v1.1,22,2,359.496595423,3
v1.1,22,3,69.447217678,3
v1.1,23,1,62.790544472,3
v1.1,23,2,67.235945351,3
v1.1,23,3,9.161832049,3
v1.1,24,1,266.245115972,3
v1.1,24,2,207.146903229,3
v1.1,24,3,144.619698355,3
v1.1,25,1,223.350013443,3
v1.1,25,2,373.160118625,3
v1.1,25,3,610.339401681,3
v1.1,4,1,0.002386073,3
v1.1,5,1,0.007069242,3
v1.1,6,1,0.025516445,3
v1.1,6,2,0.066340477,3
v1.1,7,1,0.118698054,3
v1.1,7,2,0.100533203,3
v1.1,8,1,0.194116421,3
v1.1,8,2,0.167356943,3
v1.1,9,1,0.382412309,3
v1.1,9,2,0.75660735,3
v1.1,9,3,0.58522503,3
v1.1,10,1,0.450962124,3
v1.1,10,2,1.149625666,3
v1.1,10,3,1.48647805,3
v1.1,11,1,0.287960975,3
v1.1,11,2,2.394436868,3
v1.1,11,3,2.551527779,3
v1.1,12,1,2.494685437,3
v1.1,12,2,1.278363048,3
v1.1,12,3,3.029975355,3
v1.1,13,1,6.009465364,3
v1.1,13,2,5.636536101,3
v1.1,13,3,10.290956605,3
v1.1,14,1,5.727834603,3
v1.1,14,2,3.079413618,3
v1.1,14,3,21.256794976,3
v1.1,15,1,11.474731979,3
v1.1,15,2,49.252127321,3
v1.1,15,3,10.13734126,3
v1.1,16,1,1.047310018,3
v1.1,16,2,8.914492438,3
v1.1,16,3,21.012008234,3
v1.1,17,1,7.251638915,3
v1.1,17,2,62.596489065,3
v1.1,17,3,55.595541538,3
v1.1,18,1,43.630391482,3
v1.1,18,2,56.585255198,3
v1.1,18,3,24.325894223,3
v1.1,19,1,53.522942667,3
v1.1,19,2,102.045604684,3
v1.1,19,3,89.61691987,3
v1.1,20,1,69.824262816,3
v1.1,20,2,116.68004814,3
v1.1,20,3,125.309444485,3
v1.1,21,1,35.159392625,3
v1.1,21,2,148.800367393,3
v1.1,21,3,94.015276416,3
v1.1,22,1,98.328914488,3
v1.1,22,2,171.494765348,3
v1.1,22,3,270.387184777,3
v1.1,23,1,277.365011392,3
v1.1,23,2,360.722680625,3
v1.1,23,3,157.00683042,3
v1.1,24,1,434.25311791,3
v1.1,24,2,260.934440773,3
v1.1,24,3,116.016341577,3
v1.1,25,1,411.878287996,3
v1.1,25,2,21.354473658,3
v1.1,25,3,19.152887078,3
v1.1,4,1,0.001865947,3
v1.1,5,1,0.005322593,3
v1.1,6,1,0.035535638,3
v1.1,6,2,0.083232591,3
v1.1,7,1,0.123569643,3
v1.1,7,2,0.1552599,3
v1.1,8,1,0.151293575,3
v1.1,8,2,0.118685033,3
v1.1,9,1,0.15438881,3
v1.1,9,2,0.524252058,3
v1.1,9,3,0.653015621,3
v1.1,10,1,1.064761232,3
v1.1,10,2,0.80761137,3
v1.1,10,3,1.80108188,3
v1.1,11,1,1.010610821,3
v1.1,11,2,5.228604175,3
v1.1,11,3,2.296643482,3
v1.1,12,1,0.408105047,3
v1.1,12,2,4.594433798,3
v1.1,12,3,3.22997258,3
v1.1,13,1,5.998446018,3
v1.1,13,2,3.983126864,3
v1.1,13,3,16.788431615,3
v1.1,14,1,2.602790175,3
v1.1,14,2,6.917289049,3
v1.1,14,3,23.665179373,3
v1.1,15,1,12.78652759,3
v1.1,15,2,21.771863959,3
v1.1,15,3,18.305561924,3
v1.1,16,1,43.607905456,3
v1.1,16,2,16.954681944,3
v1.1,16,3,15.984291061,3
v1.1,17,1,40.68028991,3
v1.1,17,2,22.665611759,3
v1.1,17,3,49.148432001,3
v1.1,18,1,29.285093956,3
v1.1,18,2,68.931036567,3
v1.1,18,3,39.601909252,3
v1.1,19,1,19.969926624,3
v1.1,19,2,24.183771762,3
v1.1,19,3,36.519098326,3
v1.1,20,1,114.613988574,3
v1.1,20,2,31.280110967,3
v1.1,20,3,176.091994388,3
v1.1,21,1,89.850354653,3
v1.1,21,2,205.922666715,3
v1.1,21,3,97.949027635,3
v1.1,22,1,157.889193554,3
v1.1,22,2,170.793417412,3
v1.1,22,3,196.134243646,3
v1.1,23,1,90.581539254,3
v1.1,23,2,19.540188476,3
v1.1,23,3,210.742559867,3
v1.1,24,1,54.865357891,3
v1.1,24,2,292.611413183,3
v1.1,24,3,486.216138346,3
v1.1,25,1,86.834299892,3
v1.1,25,2,304.691949284,3
v1.1,25,3,348.204230839,3
v1.1,4,1,0.001750226,3
v1.1,5,1,0.067025926,3
v1.1,6,1,0.026833983,3
v1.1,6,2,0.025676228,3
v1.1,7,1,0.055480112,3
v1.1,7,2,0.157720044,3
v1.1,8,1,0.045788677,3
v1.1,8,2,0.222807255,3
v1.1,9,1,0.190077573,3
v1.1,9,2,0.725494832,3
v1.1,9,3,1.074003925,3
v1.1,10,1,1.604175285,3
v1.1,10,2,0.962108895,3
v1.1,10,3,1.98950152,3
v1.1,11,1,3.214921752,3
v1.1,11,2,2.290198846,3
v1.1,11,3,0.376687092,3
v1.1,12,1,6.663157299,3
v1.1,12,2,2.937306856,3
v1.1,12,3,4.627237308,3
v1.1,13,1,2.259519599,3
v1.1,13,2,12.724136806,3
v1.1,13,3,4.943946158,3
v1.1,14,1,14.796643089,3
v1.1,14,2,8.962649712,3
v1.1,14,3,1.117772509,3
v1.1,15,1,12.744991783,3
v1.1,15,2,7.830359966,3
v1.1,15,3,2.05511754,3
v1.1,16,1,4.737530377,3
v1.1,16,2,28.094837401,3
v1.1,16,3,11.156457922,3
v1.1,17,1,34.996348662,3
v1.1,17,2,63.061177587,3
v1.1,18,1,51.137798955,3
v1.1,18,2,42.902324545,3
v1.1,18,3,89.409471102,3
v1.1,19,1,56.919403175,3
v1.1,19,2,40.762977956,3
v1.1,19,3,96.419986155,3
v1.1,20,1,49.870281078,3
v1.1,20,2,177.548646793,3
v1.1,20,3,11.42660825,3
v1.1,21,1,91.256904936,3
v1.1,21,2,59.587515428,3
v1.1,21,3,11.168900356,3
v1.1,22,1,89.957283366,3
v1.1,22,2,226.867405136,3
v1.1,22,3,264.551687999,3
v1.1,23,1,14.011407621,3
v1.1,23,2,202.389879527,3
v1.1,23,3,363.457938658,3
v1.1,24,1,73.985581166,3
v1.1,24,2,376.701266813,3
v1.1,24,3,476.846930494,3
v1.1,25,1,454.857858186,3
v1.1,25,2,412.376637529,3
v1.1,25,3,469.779023048,3
v1.1,4,1,0.001361356,3
v1.1,5,1,0.005236889,3
v1.1,6,1,0.033189953,3
v1.1,6,2,0.028376927,3
v1.1,7,1,0.102607902,3
v1.1,7,2,0.07434485,3
v1.1,8,1,0.027406364,3
v1.1,8,2,0.181882658,3
v1.1,9,1,0.298432563,3
v1.1,9,2,1.510120764,3
v1.1,9,3,1.096943654,3
v1.1,10,1,0.478301809,3
v1.1,10,2,1.822362403,3
v1.1,10,3,1.295813543,3
v1.1,11,1,1.32759497,3
v1.1,11,2,3.820045401,3
v1.1,11,3,2.499844793,3
v1.1,12,1,3.073544647,3
v1.1,12,2,4.467350844,3
v1.1,12,3,10.163082549,3
v1.1,13,1,3.764496098,3
v1.1,13,2,7.339226846,3
v1.1,13,3,12.374516952,3
v1.1,14,1,1.86093436,3
v1.1,14,2,8.410994395,3
v1.1,14,3,9.169632665,3
v1.1,15,1,21.035708658,3
v1.1,15,2,12.483802988,3
v1.1,15,3,11.639162378,3
v1.1,16,1,27.415267101,3
v1.1,16,2,23.61206025,3
v1.1,16,3,24.237220696,3
v1.1,17,1,35.046793984,3
v1.1,17,2,22.671348967,3
v1.1,17,3,36.594965262,3
v1.1,18,1,13.537723637,3
v1.1,18,2,17.306456766,3
v1.1,18,3,36.454553756,3
v1.1,19,1,20.152240069,3
v1.1,19,2,69.105377406,3
v1.1,19,3,97.484158825,3
v1.1,20,1,105.626695715,3
v1.1,20,2,126.391807212,3
v1.1,20,3,113.62898693,3
v1.1,21,1,122.061182949,3
v1.1,21,2,95.382363987,3
v1.1,21,3,178.060220547,3
v1.1,22,1,118.286078413,3
v1.1,22,2,180.421716141,3
v1.1,22,3,128.210441316,3
v1.1,23,1,254.915115037,3
v1.1,23,2,125.559850658,3
v1.1,23,3,77.688299264,3
v1.1,24,1,134.155541929,3
v1.1,24,2,389.95127521,3
v1.1,24,3,271.476376869,3
v1.1,25,1,465.397774961,3
v1.1,25,2,217.277210857,3
v1.1,25,3,478.701978126,3
v1.1,4,1,0.00136282,3
v1.1,5,1,0.010640662,3
v1.1,6,1,0.010893169,3
v1.1,6,2,0.043847642,3
v1.1,7,1,0.139245533,3
v1.1,7,2,0.067565761,3
v1.1,8,1,0.22552194,3
v1.1,8,2,0.225051136,3
v1.1,9,1,0.989599337,3
v1.1,9,2,0.637177682,3
v1.1,9,3,0.120777949,3
v1.1,10,1,0.768637764,3
v1.1,10,2,0.63597141,3
v1.1,10,3,1.634223759,3
v1.1,11,1,2.51676235,3
v1.1,11,2,1.852024238,3
v1.1,11,3,2.392649465,3
v1.1,12,1,4.694888241,3
v1.1,12,2,1.606171735,3
v1.1,12,3,2.376562698,3
v1.1,13,1,10.642023124,3
v1.1,13,2,6.551822149,3
v1.1,13,3,6.122753749,3
v1.1,14,1,9.284814867,3
v1.1,14,2,17.01431903,3
v1.1,14,3,19.032135201,3
v1.1,15,1,22.197944473,3
v1.1,15,2,13.247182626,3
v1.1,15,3,2.348335998,3
v1.1,16,1,33.033620958,3
v1.1,16,2,13.875448313,3
v1.1,16,3,17.713666149,3
v1.1,17,1,44.973835366,3
v1.1,17,2,13.821753809,3
v1.1,17,3,16.234770811,3
v1.1,18,1,3.10093795,3
v1.1,18,2,39.6045514,3
v1.1,18,3,24.976020353,3
v1.1,19,1,33.919615169,3
v1.1,19,2,56.554710327,3
v1.1,19,3,47.566916725,3
v1.1,20,1,50.753616308,3
v1.1,20,2,126.819221014,3
v1.1,20,3,112.02937319,3
v1.1,21,1,87.705537736,3
v1.1,21,2,91.762784989,3
v1.1,21,3,28.868940478,3
v1.1,22,1,60.553861097,3
v1.1,22,2,114.284422079,3
v1.1,22,3,190.43953191,3
v1.1,23,1,240.76747272,3
v1.1,23,2,76.681955775,3
v1.1,23,3,171.988803457,3
v1.1,24,1,280.68641721,3
v1.1,24,2,163.963208069,3
v1.1,24,3,176.64810225,3
v1.1,25,1,33.176546583,3
v1.1,25,2,489.460375992,3
v1.1,25,3,102.746306527,3
v1.1,4,1,0.001919394,3
v1.1,5,1,0.007190354,3
v1.1,6,1,0.02332864,3
v1.1,6,2,0.020074906,3
v1.1,7,1,0.040627692,3
v1.1,7,2,0.173362167,3
v1.1,8,1,0.243963703,3
v1.1,8,2,0.401158661,3
v1.1,9,1,0.666658322,3
v1.1,9,2,0.408463946,3
v1.1,9,3,1.341294508,3
v1.1,10,1,1.114892195,3
v1.1,10,2,1.415682626,3
v1.1,10,3,0.212022581,3
v1.1,11,1,1.889204178,3
v1.1,11,2,2.933258874,3
v1.1,11,3,5.112969208,3
v1.1,12,1,4.770461304,3
v1.1,12,2,2.552366243,3
v1.1,12,3,0.461743033,3
v1.1,13,1,2.793281353,3
v1.1,13,2,3.455216495,3
v1.1,13,3,8.175060091,3
v1.1,14,1,2.759709545,3
v1.1,14,2,14.037171054,3
v1.1,14,3,13.35499928,3
v1.1,15,1,9.683556385,3
v1.1,15,2,12.087161036,3
v1.1,15,3,47.046210194,3
v1.1,16,1,7.079919318,3
v1.1,16,2,18.566401081,3
v1.1,16,3,38.283921035,3
v1.1,17,1,14.70775784,3
v1.1,17,2,21.631453562,3
v1.1,17,3,68.427764165,3
v1.1,18,1,23.927439768,3
v1.1,18,2,87.234410554,3
v1.1,18,3,36.319415441,3
v1.1,19,1,46.0396023,3
v1.1,19,2,44.765346442,3
v1.1,19,3,133.386843509,3
v1.1,20,1,31.456154192,3
v1.1,20,2,28.946145327,3
v1.1,20,3,44.586808265,3
v1.1,21,1,140.596774301,3
v1.1,21,2,197.746991135,3
v1.1,21,3,303.626990998,3
v1.1,22,1,7.365911011,3
v1.1,22,2,9.787433888,3
v1.1,22,3,132.119068307,3
v1.1,23,1,60.377978006,3
v1.1,23,2,85.589212154,3
v1.1,23,3,302.538227207,3
v1.1,24,1,191.706583511,3
v1.1,24,2,437.770945604,3
v1.1,24,3,423.998877791,3
v1.1,25,1,201.547128975,3
v1.1,25,2,272.300945676,3
v1.1,25,3,563.209734052,3
v1.1,4,1,0.001407589,3
v1.1,5,1,0.018064527,3
v1.1,6,1,0.004445236,3
v1.1,6,2,0.00551105,3
v1.1,7,1,0.108807013,3
v1.1,7,2,0.136858341,3
v1.1,8,1,0.026519949,3
v1.1,8,2,0.388095545,3
v1.1,9,1,0.116092794,3
v1.1,9,2,0.31980288,3
v1.1,10,1,0.98268709,3
v1.1,10,2,1.773671097,3
v1.1,10,3,2.815914871,3
v1.1,11,1,1.171864692,3
v1.1,11,2,1.220916537,3
v1.1,11,3,3.58704601,3
v1.1,12,1,1.989245704,3
v1.1,12,2,3.347241694,3
v1.1,12,3,9.0749809,3
v1.1,13,1,3.933552354,3
v1.1,13,2,11.225427339,3
v1.1,13,3,11.129226897,3
v1.1,14,1,7.535326743,3
v1.1,14,2,9.04595553,3
v1.1,14,3,1.347110641,3
v1.1,15,1,10.804531638,3
v1.1,15,2,21.510989532,3
v1.1,15,3,18.466890382,3
v1.1,16,1,13.119701823,3
v1.1,16,2,22.29718138,3
v1.1,16,3,2.183033751,3
v1.1,17,1,12.552604626,3
v1.1,17,2,59.912239326,3
v1.1,17,3,57.624935772,3
v1.1,18,1,79.623075604,3
v1.1,18,2,23.256912998,3
v1.1,18,3,47.055946982,3
v1.1,19,1,35.72769459,3
v1.1,19,2,145.958120626,3
v1.1,19,3,132.00097683,3
v1.1,20,1,41.266048427,3
v1.1,20,2,116.528093825,3
v1.1,20,3,143.056542628,3
v1.1,21,1,64.497199565,3
v1.1,21,2,57.670168924,3
v1.1,21,3,8.007441832,3
v1.1,22,1,58.231397796,3
v1.1,22,2,218.445118287,3
v1.1,22,3,139.125931103,3
v1.1,23,1,112.682222227,3
v1.1,23,2,377.194368891,3
v1.1,23,3,15.597238316,3
v1.1,24,1,208.735709097,3
v1.1,24,2,135.231270471,3
v1.1,24,3,184.335882974,3
v1.1,25,1,74.74231497,3
v1.1,25,2,228.871099439,3
v1.1,25,3,602.973476413,3
v1.1,4,1,0.001844002,3
v1.1,5,1,0.004521291,3
v1.1,6,1,0.03422743,3
v1.1,6,2,0.03181957,3
v1.1,7,1,0.132785953,3
v1.1,7,2,0.172698012,3
v1.1,8,1,0.030411661,3
v1.1,8,2,0.300706536,3
v1.1,9,1,0.365883427,3
v1.1,9,2,0.769205733,3
v1.1,9,3,2.329411455,3
v1.1,10,1,1.074920661,3
v1.1,10,2,1.737306423,3
v1.1,10,3,0.727151626,3
v1.1,11,1,0.422498028,3
v1.1,11,2,2.995443344,3
v1.1,11,3,3.295270255,3
v1.1,12,1,2.128413349,3
v1.1,12,2,5.842896997,3
v1.1,12,3,4.250679142,3
v1.1,13,1,13.35420179,3
v1.1,13,2,21.149421454,3
v1.1,13,3,18.636793868,3
v1.1,14,1,5.110244593,3
v1.1,14,2,12.059347613,3
v1.1,14,3,11.94156271,3
v1.1,15,1,9.900199701,3
v1.1,15,2,11.932353049,3
v1.1,15,3,25.221901019,3
v1.1,16,1,10.545013166,3
v1.1,16,2,41.596914606,3
v1.1,16,3,48.272143005,3
v1.1,17,1,23.671562704,3
v1.1,17,2,28.589929776,3
v1.1,17,3,23.61265203,3
v1.1,18,1,39.403891149,3
v1.1,18,2,51.962462429,3
v1.1,18,3,43.300077216,3
v1.1,19,1,51.236204163,3
v1.1,19,2,111.982414962,3
v1.1,19,3,19.914501875,3
v1.1,20,1,21.869268009,3
v1.1,20,2,53.365922006,3
v1.1,20,3,56.118810244,3
v1.1,21,1,71.47117723,3
v1.1,21,2,121.943716997,3
v1.1,21,3,188.094017699,3
v1.1,22,1,7.209058054,3
v1.1,22,2,137.167887891,3
v1.1,22,3,147.575429144,3
v1.1,23,1,261.602511368,3
v1.1,23,2,183.087050738,3
v1.1,23,3,69.911031258,3
v1.1,24,1,40.683152641,3
v1.1,24,2,123.436052913,3
v1.1,24,3,69.984025298,3
v1.1,25,1,292.269219302,3
v1.1,25,2,598.354337846,3
v1.1,25,3,79.577569453,3
v1.1,4,1,0.001377531,3
v1.1,5,1,0.008570658,3
v1.1,6,1,0.080531153,3
v1.1,6,2,0.026868209,3
v1.1,7,1,0.034455112,3
v1.1,7,2,0.126484986,3
v1.1,8,1,0.21759079,3
v1.1,8,2,0.524723778,3
v1.1,9,1,0.212037415,3
v1.1,9,2,0.651405128,3
v1.1,9,3,0.371000732,3
v1.1,10,1,1.303148864,3
v1.1,10,2,0.484083256,3
v1.1,10,3,3.587410954,3
v1.1,11,1,0.935874,3
v1.1,11,2,1.687142341,3
v1.1,11,3,3.350313332,3
v1.1,12,1,3.277283442,3
v1.1,12,2,13.212449301,3
v1.1,12,3,1.458105834,3
v1.1,13,1,0.715290596,3
v1.1,13,2,4.374056582,3
v1.1,13,3,6.850411526,3
v1.1,14,1,0.720777727,3
v1.1,14,2,10.314372341,3
v1.1,14,3,10.558443925,3
v1.1,15,1,4.55855374,3
v1.1,15,2,38.499767323,3
v1.1,15,3,5.487676775,3
v1.1,16,1,22.507143748,3
v1.1,16,2,31.472178735,3
v1.1,16,3,21.821285603,3
v1.1,17,1,42.410082811,3
v1.1,17,2,12.269042712,3
v1.1,17,3,79.882941478,3
v1.1,18,1,8.594322494,3
v1.1,18,2,40.406692735,3
v1.1,18,3,78.752549474,3
v1.1,19,1,14.225604726,3
v1.1,19,2,67.87190015,3
v1.1,19,3,109.409122062,3
v1.1,20,1,70.749175978,3
v1.1,20,2,125.442881992,3
v1.1,20,3,46.557637994,3
v1.1,21,1,64.404768378,3
v1.1,21,2,64.858549699,3
v1.1,21,3,67.529522751,3
v1.1,22,1,131.360723076,3
v1.1,22,2,130.494695377,3
v1.1,22,3,117.363975524,3
v1.1,23,1,105.47076938,3
v1.1,23,2,384.02416512,3
v1.1,23,3,399.906625825,3
v1.1,24,1,566.241991313,3
v1.1,24,2,490.421339171,3
v1.1,24,3,267.845026004,3
v1.1,25,1,194.441812719,3
v1.1,25,2,288.786071474,3
v1.1,25,3,238.230726584,3
v1.1,4,1,0.001244115,3
v1.1,5,1,0.008979051,3
v1.1,6,1,0.01309043,3
v1.1,6,2,0.032262322,3
v1.1,7,1,0.127810476,3
v1.1,7,2,0.070388725,3
v1.1,8,1,0.224668882,3
v1.1,8,2,0.197299123,3
v1.1,9,1,0.244990731,3
v1.1,9,2,0.674675524,3
v1.1,9,3,0.32962296,3
v1.1,10,1,1.821168753,3
v1.1,10,2,1.083928969,3
v1.1,10,3,1.677091365,3
v1.1,11,1,1.404739235,3
v1.1,11,2,2.220345269,3
v1.1,11,3,1.67064168,3
v1.1,12,1,0.557506898,3
v1.1,12,2,12.108244639,3
v1.1,12,3,13.264709601,3
v1.1,13,1,15.813076453,3
v1.1,13,2,6.640693935,3
v1.1,13,3,9.708309368,3
v1.1,14,1,3.938342974,3
v1.1,14,2,23.606723841,3
v1.1,14,3,8.722230067,3
v1.1,15,1,13.379329764,3
v1.1,15,2,34.458956603,3
v1.1,15,3,13.613197383,3
v1.1,16,1,36.782496059,3
v1.1,16,2,6.333684764,3
v1.1,16,3,21.338526423,3
v1.1,17,1,12.249439667,3
v1.1,17,2,1.695960707,3
v1.1,17,3,14.34827185,3
v1.1,18,1,95.318929638,3
v1.1,18,2,31.795257986,3
v1.1,18,3,46.808796557,3
v1.1,19,1,58.119887272,3
v1.1,19,2,14.534461373,3
v1.1,19,3,135.682457224,3
v1.1,20,1,34.070355328,3
v1.1,20,2,21.462877929,3
v1.1,20,3,84.872303012,3
v1.1,21,1,27.516474937,3
v1.1,21,2,175.352051991,3
v1.1,21,3,88.049727594,3
v1.1,22,1,8.61803123,3
v1.1,22,2,45.175055095,3
v1.1,22,3,73.982189707,3
v1.1,23,1,206.808079839,3
v1.1,23,2,86.938289195,3
v1.1,23,3,85.895430788,3
v1.1,24,1,162.3806052,3
v1.1,24,2,248.996898177,3
v1.1,24,3,118.388714253,3
v1.1,25,1,262.206910831,3
v1.1,25,2,264.064184199,3
v1.1,25,3,100.315837362,3
v1.1,4,1,0.001962775,3
v1.1,5,1,0.005352185,3
v1.1,6,1,0.036429768,3
v1.1,6,2,0.012803234,3
v1.1,7,1,0.061923119,3
v1.1,7,2,0.280139583,3
v1.1,8,1,0.354512871,3
v1.1,8,2,0.147630048,3
v1.1,9,1,0.276446907,3
v1.1,9,2,0.76036144,3
v1.1,10,1,1.162539349,3
v1.1,10,2,0.822549193,3
v1.1,10,3,0.909988914,3
v1.1,11,1,0.734885712,3
v1.1,11,2,3.536701032,3
v1.1,11,3,9.102346758,3
v1.1,12,1,1.356917513,3
v1.1,12,2,7.609889992,3
v1.1,12,3,8.153509659,3
v1.1,13,1,0.578519282,3
v1.1,13,2,5.681069883,3
v1.1,13,3,5.193665108,3
v1.1,14,1,9.804520912,3
v1.1,14,2,17.339652496,3
v1.1,14,3,1.519560408,3
v1.1,15,1,16.800587379,3
v1.1,15,2,22.531890438,3
v1.1,15,3,26.360201717,3
v1.1,16,1,22.135447782,3
v1.1,16,2,19.944080439,3
v1.1,16,3,23.265618008,3
v1.1,17,1,23.672451638,3
v1.1,17,2,40.13265178,3
v1.1,17,3,60.207646793,3
v1.1,18,1,40.121530194,3
v1.1,18,2,4.860543668,3
v1.1,18,3,100.780083167,3
v1.1,19,1,26.358175572,3
v1.1,19,2,69.774652333,3
v1.1,19,3,109.91308447,3
v1.1,20,1,16.947822054,3
v1.1,20,2,22.217881074,3
v1.1,20,3,67.254106081,3
v1.1,21,1,28.925617066,3
v1.1,21,2,172.150146913,3
v1.1,21,3,74.177112984,3
v1.1,22,1,59.422234173,3
v1.1,22,2,204.476989042,3
v1.1,22,3,203.183511838,3
v1.1,23,1,53.783732018,3
v1.1,23,2,147.350252277,3
v1.1,23,3,186.178079426,3
v1.1,24,1,94.188206685,3
v1.1,24,2,58.20117302,3
v1.1,24,3,315.493253262,3
v1.1,25,1,423.024686793,3
v1.1,25,2,580.92650943,3
v1.1,25,3,199.558585403,3
v1.1,4,1,0.002402705,3
v1.1,5,1,0.007816713,3
v1.1,6,1,0.050786766,3
v1.1,6,2,0.031427562,3
v1.1,7,1,0.045469617,3
v1.1,7,2,0.067233777,3
v1.1,8,1,0.210699901,3
v1.1,8,2,0.276129886,3
v1.1,9,1,0.292832901,3
v1.1,9,2,0.399168502,3
v1.1,9,3,0.256341474,3
v1.1,10,1,0.978621566,3
v1.1,10,2,0.569226114,3
v1.1,10,3,2.204277636,3
v1.1,11,1,1.358821901,3
v1.1,11,2,1.913314523,3
v1.1,11,3,2.235357705,3
v1.1,12,1,3.59530119,3
v1.1,12,2,4.701236686,3
v1.1,12,3,5.929794262,3
v1.1,13,1,5.111895703,3
v1.1,13,2,4.931145732,3
v1.1,13,3,8.74575735,3
v1.1,14,1,11.009126392,3
v1.1,14,2,13.30443815,3
v1.1,14,3,9.084893817,3
v1.1,15,1,8.382720246,3
v1.1,15,2,27.458006042,3
v1.1,15,3,11.49560458,3
v1.1,16,1,11.682376083,3
v1.1,16,2,20.154163188,3
v1.1,16,3,41.996175636,3
v1.1,17,1,47.406806904,3
v1.1,17,2,3.819418,3
v1.1,17,3,43.353995215,3
v1.1,18,1,111.045391921,3
v1.1,18,2,47.113894024,3
v1.1,18,3,11.807527093,3
v1.1,19,1,4.683636131,3
v1.1,19,2,34.115126129,3
v1.1,19,3,164.158032058,3
v1.1,20,1,104.118776869,3
v1.1,20,2,105.520745276,3
v1.1,20,3,90.902645467,3
v1.1,21,1,88.40854055,3
v1.1,21,2,170.650587118,3
v1.1,21,3,152.282580527,3
v1.1,22,1,329.491103049,3
v1.1,22,2,55.072104078,3
v1.1,22,3,48.610442803,3
v1.1,23,1,291.122601707,3
v1.1,23,2,81.283727514,3
v1.1,23,3,218.754960374,3
v1.1,24,1,76.79758834,3
v1.1,24,2,342.615858655,3
v1.1,24,3,194.334822647,3
v1.1,25,1,521.306396428,3
v1.1,25,2,411.08402712,3
v1.1,25,3,452.900556966,3
v1.1,4,1,0.002287675,3
v1.1,5,1,0.006935056,3
v1.1,6,1,0.092665823,3
v1.1,6,2,0.046114615,3
v1.1,7,1,0.060410418,3
v1.1,7,2,0.188887024,3
v1.1,8,1,0.145097606,3
v1.1,8,2,0.642387115,3
v1.1,9,1,0.475330071,3
v1.1,9,2,0.69799428,3
v1.1,9,3,0.338171344,3
v1.1,10,1,2.636535407,3
v1.1,10,2,1.523702398,3
v1.1,10,3,1.186272627,3
v1.1,11,1,0.614085199,3
v1.1,11,2,4.258930317,3
v1.1,11,3,2.846035342,3
v1.1,12,1,3.499379521,3
v1.1,12,2,10.026792536,3
v1.1,12,3,0.46832748,3
v1.1,13,1,5.41631044,3
v1.1,13,2,4.943001716,3
v1.1,13,3,10.344044657,3
v1.1,14,1,9.036433163,3
v1.1,14,2,7.177025341,3
v1.1,14,3,9.754933558,3
v1.1,15,1,22.725613907,3
v1.1,15,2,6.711481167,3
v1.1,15,3,16.392404732,3
v1.1,16,1,10.333186141,3
v1.1,16,2,9.558075575,3
v1.1,16,3,55.669821379,3
v1.1,17,1,39.147789691,3
v1.1,17,2,18.841127379,3
v1.1,17,3,93.445831694,3
v1.1,18,1,43.209348626,3
v1.1,18,2,15.701898917,3
v1.1,18,3,14.20705125,3
v1.1,19,1,38.287832658,3
v1.1,19,2,90.383274994,3
v1.1,19,3,24.785216119,3
v1.1,20,1,17.448515775,3
v1.1,20,2,102.086734379,3
v1.1,20,3,32.595691892,3
v1.1,21,1,188.82368199,3
v1.1,21,2,84.532539865,3
v1.1,21,3,112.669303295,3
v1.1,22,1,227.704245915,3
v1.1,22,2,39.604407854,3
v1.1,22,3,50.469048734,3
v1.1,23,1,110.160117549,3
v1.1,23,2,217.59259601,3
v1.1,23,3,232.103315095,3
v1.1,24,1,179.120956605,3
v1.1,24,2,483.787985836,3
v1.1,24,3,396.094925219,3
v1.1,25,1,356.476166998,3
v1.1,25,2,18.56747718,3
v1.1,25,3,86.836729044,3
v1.1,4,1,0.001426036,3
v1.1,5,1,0.01481371,3
v1.1,6,1,0.01893982,3
v1.1,6,2,0.013414021,3
v1.1,7,1,0.165695549,3
v1.1,7,2,0.170309149,3
v1.1,8,1,0.183684171,3
v1.1,8,2,0.168084024,3
v1.1,9,1,0.35831844,3
v1.1,9,2,0.259345107,3
v1.1,9,3,0.898201885,3
v1.1,10,1,0.769722208,3
v1.1,10,2,0.87989848,3
v1.1,10,3,1.632228179,3
v1.1,11,1,2.085557918,3
v1.1,11,2,2.271540118,3
v1.1,11,3,2.112951488,3
v1.1,12,1,2.06589887,3
v1.1,12,2,2.26819717,3
v1.1,12,3,10.916380804,3
v1.1,13,1,6.109557136,3
v1.1,13,2,7.527929521,3
v1.1,13,3,9.663554581,3
v1.1,14,1,8.104089842,3
v1.1,14,2,2.292795772,3
v1.1,14,3,5.372041339,3
v1.1,15,1,4.225517518,3
v1.1,15,2,24.106681728,3
v1.1,15,3,14.061671002,3
v1.1,16,1,9.031836097,3
v1.1,16,2,44.794609032,3
v1.1,16,3,16.125723379,3
v1.1,17,1,22.307008832,3
v1.1,17,2,25.224916071,3
v1.1,17,3,12.39890814,3
v1.1,18,1,82.902530555,3
v1.1,18,2,65.571007645,3
v1.1,18,3,30.561893588,3
v1.1,19,1,81.382103759,3
v1.1,19,2,34.696963925,3
v1.1,19,3,93.505038372,3
v1.1,20,1,147.937104173,3
v1.1,20,2,5.126689733,3
v1.1,20,3,73.192546999,3
v1.1,21,1,238.898593466,3
v1.1,21,2,21.352988936,3
v1.1,21,3,202.685969758,3
v1.1,22,1,117.699879701,3
v1.1,22,2,11.96031286,3
v1.1,22,3,309.816490461,3
v1.1,23,1,150.715145532,3
v1.1,23,2,240.583632333,3
v1.1,23,3,205.421965552,3
v1.1,24,1,59.035243707,3
v1.1,24,2,443.563823358,3
v1.1,24,3,342.561570582,3
v1.1,25,1,328.053273768,3
v1.1,25,2,473.50948443,3
v1.1,25,3,23.294890142,3
v1.1,4,1,0.001858128,3
v1.1,5,1,0.006031925,3
v1.1,6,1,0.013465523,3
v1.1,6,2,0.08709788,3
v1.1,7,1,0.079348806,3
v1.1,7,2,0.130467287,3
v1.1,8,1,0.023921252,3
v1.1,8,2,0.43989876,3
v1.1,9,1,0.459020991,3
v1.1,9,2,0.825185566,3
v1.1,9,3,0.812674871,3
v1.1,10,1,1.442073509,3
v1.1,10,2,0.182172107,3
v1.1,10,3,2.086259544,3
v1.1,11,1,1.250771013,3
v1.1,11,2,4.386688725,3
v1.1,11,3,2.380836617,3
v1.1,12,1,7.055058146,3
v1.1,12,2,1.053676964,3
v1.1,12,3,0.458117185,3
v1.1,13,1,13.073985807,3
v1.1,13,2,15.797727164,3
v1.1,13,3,9.885032078,3
v1.1,14,1,5.152809341,3
v1.1,14,2,11.951724197,3
v1.1,14,3,33.349388109,3
v1.1,15,1,23.382141349,3
v1.1,15,2,15.385225095,3
v1.1,15,3,23.9818598,3
v1.1,16,1,9.092048374,3
v1.1,16,2,45.299421573,3
v1.1,16,3,68.61812422,3
v1.1,17,1,29.466171049,3
v1.1,17,2,39.931500476,3
v1.1,17,3,12.952770591,3
v1.1,18,1,76.51814563,3
v1.1,18,2,54.135245883,3
v1.1,18,3,97.287324929,3
v1.1,19,1,13.754327809,3
v1.1,19,2,5.196204788,3
v1.1,19,3,22.442552302,3
v1.1,20,1,24.442873223,3
v1.1,20,2,37.70536936,3
v1.1,20,3,54.590375323,3
v1.1,21,1,137.39135617,3
v1.1,21,2,161.505532065,3
v1.1,21,3,11.321223469,3
v1.1,22,1,86.157886782,3
v1.1,22,2,204.269697137,3
v1.1,22,3,35.89455907,3
v1.1,23,1,169.359854357,3
v1.1,23,2,133.941831572,3
v1.1,23,3,120.46228419,3
v1.1,24,1,244.117904792,3
v1.1,24,2,251.923505245,3
v1.1,24,3,470.124470914,3
v1.1,25,1,528.103556455,3
v1.1,25,2,149.968173054,3
v1.1,25,3,363.964078914,3
v1.1,4,1,0.001962903,3
v1.1,5,1,0.00205293,3
v1.1,6,1,0.010051603,3
v1.1,6,2,0.015104658,3
v1.1,7,1,0.057444427,3
v1.1,7,2,0.141255123,3
v1.1,8,1,0.046007794,3
v1.1,8,2,0.738804185,3
v1.1,9,1,0.531599115,3
v1.1,9,2,1.180061649,3
v1.1,9,3,0.81639773,3
v1.1,10,1,0.984023441,3
v1.1,10,2,0.799426928,3
v1.1,10,3,1.021976709,3
v1.1,11,1,2.771312292,3
v1.1,11,2,5.603901269,3
v1.1,11,3,0.926714307,3
v1.1,12,1,0.894473657,3
v1.1,12,2,8.266416831,3
v1.1,12,3,8.364399864,3
v1.1,13,1,1.763739068,3
v1.1,13,2,8.062788856,3
v1.1,13,3,6.637349745,3
v1.1,14,1,5.081604835,3
v1.1,14,2,6.694197868,3
v1.1,14,3,19.563296962,3
v1.1,15,1,21.880948669,3
v1.1,15,2,14.58085057,3
v1.1,15,3,46.83721179,3
v1.1,16,1,18.553885982,3
v1.1,16,2,9.662847454,3
v1.1,16,3,7.93898289,3
v1.1,17,1,12.984006443,3
v1.1,17,2,51.358978711,3
v1.1,17,3,3.97417005,3
v1.1,18,1,57.128132888,3
v1.1,18,2,21.193552413,3
v1.1,18,3,24.085467122,3
v1.1,19,1,29.852396035,3
v1.1,19,2,49.984659876,3
v1.1,19,3,21.604108588,3
v1.1,20,1,97.522058122,3
v1.1,20,2,113.095793424,3
v1.1,20,3,136.322886953,3
v1.1,21,1,137.25872584,3
v1.1,21,2,169.767682465,3
v1.1,21,3,104.021777853,3
v1.1,22,1,110.433014672,3
v1.1,22,2,32.551202945,3
v1.1,22,3,210.181761321,3
v1.1,23,1,75.238890152,3
v1.1,23,2,66.950832521,3
v1.1,23,3,95.534529062,3
v1.1,24,1,163.446032553,3
v1.1,24,2,254.053764172,3
v1.1,24,3,488.896598974,3
v1.1,25,1,50.511969141,3
v1.1,25,2,156.672801902,3
v1.1,25,3,152.74509961,3
v1.1,4,1,0.001769524,3
v1.1,5,1,0.002218371,3
v1.1,6,1,0.014405559,3
v1.1,6,2,0.017573441,3
v1.1,7,1,0.068958154,3
v1.1,7,2,0.077214381,3
v1.1,8,1,0.25067817,3
v1.1,8,2,0.534274874,3
v1.1,9,1,0.927822969,3
v1.1,9,2,0.406347062,3
v1.1,9,3,2.547930009,3
v1.1,10,1,0.451371285,3
v1.1,10,2,1.457377688,3
v1.1,10,3,0.23277854,3
v1.1,11,1,2.991908201,3
v1.1,11,2,1.698740582,3
v1.1,11,3,5.363580328,3
v1.1,12,1,0.92502824,3
v1.1,12,2,6.868691733,3
v1.1,12,3,6.358028855,3
v1.1,13,1,5.786371395,3
v1.1,13,2,2.753410035,3
v1.1,13,3,5.338848375,3
v1.1,14,1,19.698873678,3
v1.1,14,2,3.441625003,3
v1.1,14,3,1.822106779,3
v1.1,15,1,19.775316411,3
v1.1,15,2,29.385496013,3
v1.1,15,3,43.907904261,3
v1.1,16,1,13.644841698,3
v1.1,16,2,23.644304728,3
v1.1,16,3,45.486826206,3
v1.1,17,1,38.274278706,3
v1.1,17,2,25.818817066,3
v1.1,17,3,35.069850335,3
v1.1,18,1,22.688399844,3
v1.1,18,2,50.668531536,3
v1.1,18,3,97.359525739,3
v1.1,19,1,19.342000847,3
v1.1,19,2,66.279407785,3
v1.1,19,3,61.157696347,3
v1.1,20,1,16.597776621,3
v1.1,20,2,133.221753245,3
v1.1,20,3,106.611497946,3
v1.1,21,1,43.481034971,3
v1.1,21,2,31.896728631,3
v1.1,21,3,193.256765756,3
v1.1,22,1,276.154011663,3
v1.1,22,2,256.592736011,3
v1.1,22,3,161.463617142,3
v1.1,23,1,189.914763353,3
v1.1,23,2,200.22549494,3
v1.1,23,3,53.193491934,3
v1.1,24,1,9.865731493,3
v1.1,24,2,228.225213343,3
v1.1,24,3,133.827941211,3
v1.1,25,1,69.24864085,3
v1.1,25,2,236.3848136,3
v1.1,25,3,17.560990551,3
v1.1,4,1,0.001373988,3
v1.1,5,1,0.006027183,3
v1.1,6,1,0.024154287,3
v1.1,6,2,0.038272467,3
v1.1,7,1,0.119705698,3
v1.1,7,2,0.087092454,3
v1.1,8,1,0.390464788,3
v1.1,8,2,0.687125848,3
v1.1,9,1,0.231547859,3
v1.1,9,2,0.882056471,3
v1.1,9,3,1.105528547,3
v1.1,10,1,1.057129817,3
v1.1,10,2,1.980982133,3
v1.1,10,3,3.176600249,3
v1.1,11,1,0.709321074,3
v1.1,11,2,2.433856259,3
v1.1,11,3,3.356052957,3
v1.1,12,1,2.235668115,3
v1.1,12,2,3.163010933,3
v1.1,12,3,5.491171761,3
v1.1,13,1,3.324784704,3
v1.1,13,2,2.993381911,3
v1.1,13,3,4.76593538,3
v1.1,14,1,2.213782722,3
v1.1,14,2,11.606791628,3
v1.1,14,3,9.450294136,3
v1.1,15,1,7.296168494,3
v1.1,15,2,17.181363019,3
v1.1,15,3,42.470066584,3
v1.1,16,1,6.187723082,3
v1.1,16,2,35.341211367,3
v1.1,16,3,6.388042762,3
v1.1,17,1,1.900720345,3
v1.1,17,2,16.59294412,3
v1.1,17,3,38.748758751,3
v1.1,18,1,20.203729397,3
v1.1,18,2,10.299528358,3
v1.1,18,3,42.487421939,3
v1.1,19,1,50.319206982,3
v1.1,19,2,39.760805375,3
v1.1,19,3,49.131419055,3
v1.1,20,1,179.020438785,3
v1.1,20,2,55.627691775,3
v1.1,20,3,124.47619569,3
v1.1,21,1,30.947678909,3
v1.1,21,2,109.418357186,3
v1.1,21,3,91.631520683,3
v1.1,22,1,226.027902209,3
v1.1,22,2,24.350719664,3
v1.1,22,3,119.249426894,3
v1.1,23,1,245.910120608,3
v1.1,23,2,119.781612069,3
v1.1,23,3,201.800894709,3
v1.1,24,1,98.01637463,3
v1.1,24,2,106.142806093,3
v1.1,24,3,340.694519246,3
v1.1,25,1,475.059933012,3
v1.1,25,2,71.237884292,3
v1.1,25,3,588.572332175,3
v1.1,4,1,0.001791789,3
v1.1,5,1,0.008816167,3
v1.1,6,1,0.004238123,3
v1.1,7,1,0.066344346,3
v1.1,7,2,0.075959599,3
v1.1,8,1,0.091535009,3
v1.1,8,2,0.040110366,3
v1.1,9,1,0.722172406,3
v1.1,9,2,0.181083761,3
v1.1,9,3,0.96883201,3
v1.1,10,1,1.826701231,3
v1.1,10,2,0.571791578,3
v1.1,10,3,1.723506787,3
v1.1,11,1,1.615764843,3
v1.1,11,2,6.569830478,3
v1.1,11,3,2.178864324,3
v1.1,12,1,1.760723499,3
v1.1,12,2,8.935820153,3
v1.1,12,3,1.713223055,3
v1.1,13,1,10.176166488,3
v1.1,13,2,3.28372362,3
v1.1,13,3,0.995252058,3
v1.1,14,1,10.408645321,3
v1.1,14,2,5.028574527,3
v1.1,14,3,43.577452518,3
v1.1,15,1,7.112920542,3
v1.1,15,2,38.683748665,3
v1.1,15,3,1.296226069,3
v1.1,16,1,26.325245885,3
v1.1,16,2,1.13953363,3
v1.1,16,3,16.781692262,3
v1.1,17,1,37.148885113,3
v1.1,17,2,2.919569993,3
v1.1,17,3,5.052391011,3
v1.1,18,1,57.894871215,3
v1.1,18,2,36.03166033,3
v1.1,18,3,45.760634842,3
v1.1,19,1,63.143191826,3
v1.1,19,2,137.457399187,3
v1.1,19,3,77.541500934,3
v1.1,20,1,79.840482331,3
v1.1,20,2,25.425076626,3
v1.1,20,3,124.399227947,3
v1.1,21,1,96.00116365,3
v1.1,21,2,134.904714268,3
v1.1,21,3,266.935822515,3
v1.1,22,1,25.806173015,3
v1.1,22,2,145.349787751,3
v1.1,22,3,105.200517697,3
v1.1,23,1,75.524220596,3
v1.1,23,2,87.368503691,3
v1.1,23,3,310.434045016,3
v1.1,24,1,204.623132953,3
v1.1,24,2,186.407054564,3
v1.1,24,3,347.749807282,3
v1.1,25,1,451.994437739,3
v1.1,25,2,302.609645385,3
v1.1,25,3,82.848625897,3
v1.1,4,1,0.001791972,3
v1.1,5,1,0.0044621,3
v1.1,6,1,0.025906015,3
v1.1,6,2,0.009009499,3
v1.1,7,1,0.057507507,3
v1.1,7,2,0.108183196,3
v1.1,8,1,0.26818951,3
v1.1,8,2,0.365280068,3
v1.1,9,1,0.634042351,3
v1.1,9,2,0.636602501,3
v1.1,10,1,0.971628149,3
v1.1,10,2,1.57139047,3
v1.1,10,3,1.0977429,3
v1.1,11,1,1.002670701,3
v1.1,11,2,1.205332836,3
v1.1,11,3,4.753452591,3
v1.1,12,1,1.578844332,3
v1.1,12,2,15.003905593,3
v1.1,12,3,6.631834174,3
v1.1,13,1,2.769034354,3
v1.1,13,2,8.668046081,3
v1.1,13,3,9.47345877,3
v1.1,14,1,4.404093173,3
v1.1,14,2,11.635654525,3
v1.1,14,3,9.950993142,3
v1.1,15,1,18.163919541,3
v1.1,15,2,12.620660376,3
v1.1,15,3,45.446520677,3
v1.1,16,1,22.276034579,3
v1.1,16,2,24.829404499,3
v1.1,16,3,33.514934757,3
v1.1,17,1,12.785284483,3
v1.1,17,2,10.646299396,3
v1.1,17,3,39.957500004,3
v1.1,18,1,30.909133279,3
v1.1,18,2,43.141234622,3
v1.1,18,3,15.013527834,3
v1.1,19,1,43.518949983,3
v1.1,19,2,51.833659358,3
v1.1,19,3,54.096193564,3
v1.1,20,1,88.943865298,3
v1.1,20,2,18.895264456,3
v1.1,20,3,57.720723015,3
v1.1,21,1,109.52257731,3
v1.1,21,2,69.261806353,3
v1.1,21,3,166.158332579,3
v1.1,22,1,93.293086837,3
v1.1,22,2,76.23010428,3
v1.1,22,3,12.698438946,3
v1.1,23,1,67.178219024,3
v1.1,23,2,99.849630256,3
v1.1,23,3,217.357946181,3
v1.1,24,1,202.07302646,3
v1.1,24,2,243.780984277,3
v1.1,24,3,187.128579275,3
v1.1,25,1,281.75379137,3
v1.1,25,2,18.562787094,3
v1.1,25,3,348.202070022,3
v1.1,4,1,0.001644301,3
v1.1,5,1,0.003417542,3
v1.1,6,1,0.016828724,3
v1.1,6,2,0.031973447,3
v1.1,7,1,0.05107013,3
v1.1,7,2,0.181449714,3
v1.1,8,1,0.280324585,3
v1.1,8,2,0.567150785,3
v1.1,9,1,1.272973229,3
v1.1,9,2,0.908525425,3
v1.1,9,3,1.455982133,3
v1.1,10,1,1.295338798,3
v1.1,10,2,1.529603043,3
v1.1,10,3,0.822830767,3
v1.1,11,1,1.758112402,3
v1.1,11,2,1.450399878,3
v1.1,11,3,1.147662109,3
v1.1,12,1,3.059739182,3
v1.1,12,2,2.008559875,3
v1.1,12,3,5.200621871,3
v1.1,13,1,8.545036584,3
v1.1,13,2,7.898018669,3
v1.1,13,3,7.555595123,3
v1.1,14,1,0.660195438,3
v1.1,14,2,6.834335795,3
v1.1,14,3,9.679655108,3
v1.1,15,1,5.604039745,3
v1.1,15,2,7.692730895,3
v1.1,15,3,13.168188251,3
v1.1,16,1,21.895363934,3
v1.1,16,2,38.202752322,3
v1.1,16,3,9.030206492,3
v1.1,17,1,34.62332992,3
v1.1,17,2,70.727002097,3
v1.1,17,3,31.702505866,3
v1.1,18,1,24.687406587,3
v1.1,18,2,58.670564623,3
v1.1,18,3,50.534521993,3
v1.1,19,1,4.434538859,3
v1.1,19,2,62.390704176,3
v1.1,19,3,82.246989867,3
v1.1,20,1,72.68254527,3
v1.1,20,2,26.501112568,3
v1.1,20,3,93.495022417,3
v1.1,21,1,50.381618039,3
v1.1,21,2,51.275560598,3
v1.1,21,3,60.912508311,3
v1.1,22,1,8.107682454,3
v1.1,22,2,235.277752698,3
v1.1,22,3,145.420618341,3
v1.1,23,1,153.241997218,3
v1.1,23,2,265.013745092,3
v1.1,23,3,198.356208825,3
v1.1,24,1,219.991594214,3
v1.1,24,2,494.010573002,3
v1.1,24,3,189.025623634,3
v1.1,25,1,13.029888793,3
v1.1,25,2,15.673169429,3
v1.1,25,3,319.244890238,3
v1.1,4,1,0.002201309,3
v1.1,5,1,0.008425324,3
v1.1,6,1,0.010530586,3
v1.1,7,1,0.056337922,3
v1.1,7,2,0.087549381,3
v1.1,8,1,0.179501307,3
v1.1,8,2,0.411338853,3
v1.1,9,1,0.1624377,3
v1.1,9,2,1.417014707,3
v1.1,9,3,1.657343987,3
v1.1,10,1,1.902329881,3
v1.1,10,2,1.172461478,3
v1.1,10,3,1.060981312,3
v1.1,11,1,1.331373628,3
v1.1,11,2,2.364314637,3
v1.1,11,3,3.283440544,3
v1.1,12,1,2.582412643,3
v1.1,12,2,3.676416443,3
v1.1,12,3,5.621422662,3
v1.1,13,1,5.671149816,3
v1.1,13,2,7.591410213,3
v1.1,13,3,13.0673739,3
v1.1,14,1,5.327416741,3
v1.1,14,2,16.556835343,3
v1.1,14,3,8.944546496,3
v1.1,15,1,11.888120243,3
v1.1,15,2,8.65866461,3
v1.1,15,3,20.061214112,3
v1.1,16,1,16.810865953,3
v1.1,16,2,13.76664528,3
v1.1,16,3,7.071867264,3
v1.1,17,1,20.007802903,3
v1.1,17,2,58.921845201,3
v1.1,17,3,50.24888946,3
v1.1,18,1,37.589934288,3
v1.1,18,2,78.891221319,3
v1.1,18,3,92.117834438,3
v1.1,19,1,94.176318542,3
v1.1,19,2,28.901699896,3
v1.1,19,3,20.067039078,3
v1.1,20,1,21.550748669,3
v1.1,20,2,101.336529113,3
v1.1,20,3,61.031044767,3
v1.1,21,1,96.90506178,3
v1.1,21,2,118.631658473,3
v1.1,21,3,138.737656205,3
v1.1,22,1,191.754284358,3
v1.1,22,2,67.921127948,3
v1.1,22,3,118.497005277,3
v1.1,23,1,90.811198386,3
v1.1,23,2,53.122239781,3
v1.1,23,3,97.344512952,3
v1.1,24,1,47.29898258,3
v1.1,24,2,368.863056855,3
v1.1,24,3,162.252689621,3
v1.1,25,1,51.026825972,3
v1.1,25,2,321.338624103,3
v1.1,25,3,234.183621921,3
v1.1,4,1,0.001588679,3
v1.1,5,1,0.013050079,3
v1.1,6,1,0.021943633,3
v1.1,6,2,0.020224163,3
v1.1,7,1,0.036143224,3
v1.1,7,2,0.08035694,3
v1.1,8,1,0.350096263,3
v1.1,8,2,0.312366356,3
v1.1,9,1,0.290131361,3
v1.1,9,2,1.022833139,3
v1.1,9,3,0.921101617,3
v1.1,10,1,1.079879432,3
v1.1,10,2,0.868388368,3
v1.1,10,3,1.497895679,3
v1.1,11,1,1.558664555,3
v1.1,11,2,1.485988354,3
v1.1,11,3,1.041960849,3
v1.1,12,1,1.88821472,3
v1.1,12,2,5.742301203,3
v1.1,12,3,4.786539826,3
v1.1,13,1,6.823945395,3
v1.1,13,2,5.275479834,3
v1.1,13,3,18.36872343,3
v1.1,14,1,6.251158551,3
v1.1,14,2,14.804077762,3
v1.1,14,3,7.186738649,3
v1.1,15,1,5.060570347,3
v1.1,15,2,34.808492893,3
v1.1,15,3,7.526686493,3
v1.1,16,1,17.111178607,3
v1.1,16,2,32.184318387,3
v1.1,17,1,12.123892215,3
v1.1,17,2,12.039478874,3
v1.1,17,3,30.501319714,3
v1.1,18,1,10.726018839,3
v1.1,18,2,36.011579929,3
v1.1,18,3,76.266038502,3
v1.1,19,1,37.889607669,3
v1.1,19,2,128.9350834,3
v1.1,19,3,70.711346868,3
v1.1,20,1,12.699552948,3
v1.1,20,2,109.71185735,3
v1.1,20,3,71.324788142,3
v1.1,21,1,67.585347497,3
v1.1,21,2,121.581160141,3
v1.1,21,3,111.184468339,3
v1.1,22,1,47.000696093,3
v1.1,22,2,97.264706392,3
v1.1,22,3,56.759084434,3
v1.1,23,1,39.991756458,3
v1.1,23,2,431.974244001,3
v1.1,23,3,428.865273716,3
v1.1,24,1,365.432401259,3
v1.1,24,2,124.657139057,3
v1.1,24,3,321.026713783,3
v1.1,25,1,157.692874287,3
v1.1,25,2,200.83753672,3
v1.1,25,3,24.779075257,3
v1.1,4,1,0.002093955,3
v1.1,5,1,0.004896052,3
v1.1,6,1,0.065844078,3
v1.1,6,2,0.060866228,3
v1.1,7,1,0.063243677,3
v1.1,7,2,0.063432055,3
v1.1,8,1,0.363409322,3
v1.1,8,2,0.13072888,3
v1.1,9,1,0.595246916,3
v1.1,9,2,0.399494763,3
v1.1,9,3,1.105392663,3
v1.1,10,1,0.57456256,3
v1.1,10,2,1.778225864,3
v1.1,10,3,1.660145131,3
v1.1,11,1,3.296641915,3
v1.1,11,2,2.70138663,3
v1.1,11,3,1.717192069,3
v1.1,12,1,3.962830099,3
v1.1,12,2,5.732120915,3
v1.1,12,3,6.867980692,3
v1.1,13,1,2.092692866,3
v1.1,13,2,7.474382733,3
v1.1,13,3,13.079210934,3
v1.1,14,1,6.199430817,3
v1.1,14,2,8.41429008,3
v1.1,14,3,3.441219556,3
v1.1,15,1,10.793703912,3
v1.1,15,2,37.510823078,3
v1.1,15,3,33.574044511,3
v1.1,16,1,12.323037242,3
v1.1,16,2,21.997717045,3
v1.1,16,3,30.186191132,3
v1.1,17,1,11.045885366,3
v1.1,17,2,7.338993554,3
v1.1,17,3,49.382463638,3
v1.1,18,1,50.40095272,3
v1.1,18,2,48.287952745,3
v1.1,18,3,44.832010829,3
v1.1,19,1,30.620841528,3
v1.1,19,2,78.281190231,3
v1.1,19,3,89.242726668,3
v1.1,20,1,91.265969864,3
v1.1,20,2,67.254537057,3
v1.1,20,3,175.334630276,3
v1.1,21,1,170.066390584,3
v1.1,21,2,110.175899025,3
v1.1,21,3,200.200894153,3
v1.1,22,1,8.81790906,3
v1.1,22,2,276.223772973,3
v1.1,22,3,16.08401846,3
v1.1,23,1,95.968125953,3
v1.1,23,2,50.025866391,3
v1.1,23,3,231.101954242,3
v1.1,24,1,169.723136439,3
v1.1,24,2,260.706884458,3
v1.1,24,3,16.628733452,3
v1.1,25,1,17.31525794,3
v1.1,25,2,242.872756289,3
v1.1,25,3,58.696519014,3
v1.1,4,1,0.001895958,3
v1.1,5,1,0.005991557,3
v1.1,6,1,0.066318926,3
v1.1,7,1,0.052928015,3
v1.1,7,2,0.083009091,3
v1.1,8,1,0.308507475,3
v1.1,8,2,0.465122993,3
v1.1,9,1,0.444940442,3
v1.1,9,2,0.081539571,3
v1.1,9,3,0.650796952,3
v1.1,10,1,0.653513901,3
v1.1,10,2,0.138137885,3
v1.1,10,3,1.604082316,3
v1.1,11,1,2.094498202,3
v1.1,11,2,1.663377073,3
v1.1,11,3,2.335114306,3
v1.1,12,1,4.536090883,3
v1.1,12,2,13.504068939,3
v1.1,12,3,4.964490396,3
v1.1,13,1,5.013702444,3
v1.1,13,2,6.222950105,3
v1.1,13,3,2.995739889,3
v1.1,14,1,4.157847953,3
v1.1,14,2,11.815962301,3
v1.1,14,3,15.733213109,3
v1.1,15,1,9.677533336,3
v1.1,15,2,16.035423802,3
v1.1,15,3,17.111669153,3
v1.1,16,1,28.482678261,3
v1.1,16,2,1.955437835,3
v1.1,16,3,44.726132404,3
v1.1,17,1,2.201226149,3
v1.1,17,2,31.251862626,3
v1.1,17,3,11.567840624,3
v1.1,18,1,28.951147278,3
v1.1,18,2,64.830096736,3
v1.1,18,3,24.696891455,3
v1.1,19,1,66.486700821,3
v1.1,19,2,25.245370563,3
v1.1,19,3,126.643584995,3
v1.1,20,1,144.495669906,3
v1.1,20,2,168.046272625,3
v1.1,20,3,138.09920922,3
v1.1,21,1,79.826852065,3
v1.1,21,2,145.653527083,3
v1.1,21,3,102.623606631,3
v1.1,22,1,154.507931402,3
v1.1,22,2,9.673131193,3
v1.1,22,3,43.798763788,3
v1.1,23,1,71.47996967,3
v1.1,23,2,94.524459025,3
v1.1,23,3,180.090155492,3
v1.1,24,1,137.847509781,3
v1.1,24,2,20.920055563,3
v1.1,24,3,69.905285436,3
v1.1,25,1,71.967962621,3
v1.1,25,2,298.407000493,3
v1.1,25,3,27.892212756,3
v1.1,4,1,0.002000279,3
v1.1,5,1,0.005415007,3
v1.1,6,1,0.077499845,3
v1.1,6,2,0.032540494,3
v1.1,7,1,0.064603835,3
v1.1,7,2,0.19427793,3
v1.1,8,1,0.268802251,3
v1.1,8,2,0.175341364,3
v1.1,9,1,0.766549792,3
v1.1,9,2,0.959895931,3
v1.1,9,3,0.927138419,3
v1.1,10,1,0.525442482,3
v1.1,10,2,1.85506212,3
v1.1,10,3,1.100981232,3
v1.1,11,1,1.837855951,3
v1.1,11,2,2.112930583,3
v1.1,11,3,1.823174825,3
v1.1,12,1,2.364983156,3
v1.1,12,2,1.4876476,3
v1.1,12,3,6.143021186,3
v1.1,13,1,9.588590676,3
v1.1,13,2,2.615514967,3
v1.1,13,3,7.989713722,3
v1.1,14,1,13.805579465,3
v1.1,14,2,3.439178584,3
v1.1,14,3,8.953550056,3
v1.1,15,1,10.808447727,3
v1.1,15,2,8.171017665,3
v1.1,15,3,11.007397981,3
v1.1,16,1,17.891283393,3
v1.1,16,2,22.121602502,3
v1.1,16,3,6.306311866,3
v1.1,17,1,11.41887249,3
v1.1,17,2,17.945042344,3
v1.1,17,3,25.86503572,3
v1.1,18,1,32.020853101,3
v1.1,18,2,38.388776983,3
v1.1,18,3,53.919319029,3
v1.1,19,1,10.95295645,3
v1.1,19,2,14.506836044,3
v1.1,19,3,33.146521841,3
v1.1,20,1,54.63010104,3
v1.1,20,2,52.984149614,3
v1.1,20,3,122.929571507,3
v1.1,21,1,136.765073142,3
v1.1,21,2,19.111341981,3
v1.1,21,3,109.394079474,3
v1.1,22,1,51.419875875,3
v1.1,22,2,100.356600223,3
v1.1,22,3,189.647075425,3
v1.1,23,1,200.698264191,3
v1.1,23,2,214.189518437,3
v1.1,23,3,152.149718942,3
v1.1,24,1,251.78255391,3
v1.1,24,2,56.766768101,3
v1.1,24,3,62.8396934,3
v1.1,25,1,62.875352088,3
v1.1,25,2,36.316819316,3
v1.1,25,3,87.263086026,3
v1.1,4,1,0.001937082,3
v1.1,5,1,0.005747622,3
v1.1,6,1,0.020799034,3
v1.1,6,2,0.024612576,3
v1.1,7,1,0.04976954,3
v1.1,7,2,0.185771863,3
v1.1,8,1,0.107771851,3
v1.1,8,2,0.700024801,3
v1.1,9,1,0.246830612,3
v1.1,9,2,0.713987938,3
v1.1,9,3,0.15721784,3
v1.1,10,1,1.292021779,3
v1.1,10,2,0.955869448,3
v1.1,10,3,3.770905326,3
v1.1,11,1,0.597253768,3
v1.1,11,2,3.941859199,3
v1.1,11,3,1.569058025,3
v1.1,12,1,3.170677829,3
v1.1,12,2,4.898969312,3
v1.1,12,3,8.983249821,3
v1.1,13,1,4.428707383,3
v1.1,13,2,15.485150246,3
v1.1,13,3,4.493121925,3
v1.1,14,1,7.447409302,3
v1.1,14,2,13.689880566,3
v1.1,14,3,8.530404962,3
v1.1,15,1,3.45618059,3
v1.1,15,2,1.575457798,3
v1.1,15,3,7.297274353,3
v1.1,16,1,21.18151292,3
v1.1,16,2,10.952752811,3
v1.1,16,3,71.924300071,3
v1.1,17,1,18.550024313,3
v1.1,17,2,50.139171332,3
v1.1,17,3,20.349768127,3
v1.1,18,1,19.029644487,3
v1.1,18,2,13.169648397,3
v1.1,18,3,120.342514491,3
v1.1,19,1,3.289028371,3
v1.1,19,2,20.006894832,3
v1.1,19,3,134.649363101,3
v1.1,20,1,69.062584186,3
v1.1,20,2,73.103447699,3
v1.1,20,3,214.114284967,3
v1.1,21,1,32.998556263,3
v1.1,21,2,163.461986044,3
v1.1,21,3,161.456125401,3
v1.1,22,1,146.539129042,3
v1.1,22,2,360.583465589,3
v1.1,22,3,56.677611755,3
v1.1,23,1,230.135502468,3
v1.1,23,2,225.040182135,3
v1.1,23,3,145.340791889,3
v1.1,24,1,158.724974626,3
v1.1,24,2,468.590890135,3
v1.1,24,3,537.401034972,3
v1.1,25,1,52.274594091,3
v1.1,25,2,209.695025732,3
v1.1,25,3,463.209817426,3
v1.1,4,1,0.001865897,3
v1.1,5,1,0.006317889,3
v1.1,6,1,0.022923356,3
v1.1,6,2,0.113398058,3
v1.1,7,1,0.09087907,3
v1.1,7,2,0.189618846,3
v1.1,8,1,0.539667954,3
v1.1,8,2,0.339991973,3
v1.1,9,1,0.65274892,3
v1.1,9,2,0.460170782,3
v1.1,9,3,0.860086873,3
v1.1,10,1,0.532839788,3
v1.1,10,2,0.121725089,3
v1.1,10,3,1.860208056,3
v1.1,11,1,2.104212716,3
v1.1,11,2,2.283403613,3
v1.1,11,3,5.485743481,3
v1.1,12,1,0.447413299,3
v1.1,12,2,0.586927721,3
v1.1,12,3,2.853132005,3
v1.1,13,1,7.941224142,3
v1.1,13,2,7.613489872,3
v1.1,13,3,9.508461214,3
v1.1,14,1,26.368361903,3
v1.1,14,2,13.370266733,3
v1.1,14,3,0.924123895,3
v1.1,15,1,13.899941252,3
v1.1,15,2,4.730463402,3
v1.1,15,3,5.096271851,3
v1.1,16,1,31.192361243,3
v1.1,16,2,15.10707431,3
v1.1,16,3,27.219120868,3
v1.1,17,1,17.565333809,3
v1.1,17,2,80.165350878,3
v1.1,17,3,32.329882533,3
v1.1,18,1,15.543701611,3
v1.1,18,2,2.950804495,3
v1.1,18,3,74.92221826,3
v1.1,19,1,41.366264716,3
v1.1,19,2,130.697367907,3
v1.1,19,3,22.414661172,3
v1.1,20,1,45.265616809,3
v1.1,20,2,59.986782192,3
v1.1,20,3,143.782351242,3
v1.1,21,1,205.566094812,3
v1.1,21,2,181.364585249,3
v1.1,21,3,83.992455537,3
v1.1,22,1,95.631828987,3
v1.1,22,2,108.70602382,3
v1.1,22,3,212.92361406,3
v1.1,23,1,55.662975738,3
v1.1,23,2,157.628537769,3
v1.1,23,3,61.744318402,3
v1.1,24,1,107.564626945,3
v1.1,24,2,230.685228169,3
v1.1,24,3,385.190285774,3
v1.1,25,1,302.699595555,3
v1.1,25,2,74.424410291,3
v1.1,25,3,137.614372666,3
v1.1,4,1,0.00148955,3
v1.1,5,1,0.003994129,3
v1.1,6,1,0.017345606,3
v1.1,6,2,0.197611694,3
v1.1,7,1,0.075382396,3
v1.1,7,2,0.156133042,3
v1.1,8,1,0.312935874,3
v1.1,8,2,0.132894302,3
v1.1,9,1,0.857780565,3
v1.1,9,2,0.216349212,3
v1.1,9,3,1.099720362,3
v1.1,10,1,0.140641379,3
v1.1,10,2,1.448317896,3
v1.1,10,3,1.489625494,3
v1.1,11,1,1.048951064,3
v1.1,11,2,1.176960624,3
v1.1,11,3,4.090445096,3
v1.1,12,1,3.263189898,3
v1.1,12,2,1.392938722,3
v1.1,12,3,7.250223741,3
v1.1,13,1,3.9584219,3
v1.1,13,2,7.216066557,3
v1.1,13,3,7.048251094,3
v1.1,14,1,2.300523264,3
v1.1,14,2,4.236002195,3
v1.1,14,3,0.979721717,3
v1.1,15,1,13.363518266,3
v1.1,15,2,30.372110808,3
v1.1,15,3,5.37621365,3
v1.1,16,1,26.215721977,3
v1.1,16,2,44.515192748,3
v1.1,16,3,17.614027939,3
v1.1,17,1,73.744034059,3
v1.1,17,2,28.038042794,3
v1.1,17,3,30.880010939,3
v1.1,18,1,19.67961964,3
v1.1,18,2,22.695854093,3
v1.1,18,3,21.069276482,3
v1.1,19,1,9.390077779,3
v1.1,19,2,5.744372788,3
v1.1,19,3,221.993730373,3
v1.1,20,1,75.373688115,3
v1.1,20,2,73.017935821,3
v1.1,20,3,216.406862094,3
v1.1,21,1,5.378453211,3
v1.1,21,2,160.079175078,3
v1.1,21,3,169.305236134,3
v1.1,22,1,139.225223209,3
v1.1,22,2,6.847388867,3
v1.1,22,3,137.00815489,3
v1.1,23,1,174.554998235,3
v1.1,23,2,355.115807302,3
v1.1,23,3,141.401674961,3
v1.1,24,1,133.171582625,3
v1.1,24,2,60.187882214,3
v1.1,24,3,411.010036776,3
v1.1,25,1,537.712976712,3
v1.1,25,2,436.944811276,3
v1.1,25,3,431.5773881,3
v1.1,4,1,0.00334211,3
v1.1,5,1,0.013530368,3
v1.1,6,1,0.029906911,3
v1.1,7,1,0.042438797,3
v1.1,7,2,0.109732227,3
v1.1,8,1,0.298755518,3
v1.1,8,2,0.174415436,3
v1.1,9,1,2.732351199,3
v1.1,9,2,0.568071208,3
v1.1,9,3,2.40602865,3
v1.1,10,1,0.831988618,3
v1.1,10,2,0.610451308,3
v1.1,10,3,2.6777236,3
v1.1,11,1,1.942880337,3
v1.1,11,2,1.359011611,3
v1.1,11,3,5.628874701,3
v1.1,12,1,4.768061712,3
v1.1,12,2,6.554206455,3
v1.1,12,3,6.677910296,3
v1.1,13,1,3.905471543,3
v1.1,13,2,8.152365635,3
v1.1,13,3,4.189428787,3
v1.1,14,1,4.437422403,3
v1.1,14,2,3.933261303,3
v1.1,14,3,9.480530993,3
v1.1,15,1,26.988839636,3
v1.1,15,2,14.56692201,3
v1.1,15,3,16.356786358,3
v1.1,16,1,19.355139354,3
v1.1,16,2,15.909863521,3
v1.1,16,3,41.213798529,3
v1.1,17,1,2.235018916,3
v1.1,17,2,32.899240878,3
v1.1,17,3,26.46260127,3
v1.1,18,1,39.037929597,3
v1.1,18,2,37.753809494,3
v1.1,18,3,37.237723343,3
v1.1,19,1,30.427193062,3
v1.1,19,2,173.639943327,3
v1.1,19,3,26.430828907,3
v1.1,20,1,125.931505209,3
v1.1,20,2,6.909185741,3
v1.1,20,3,147.626872661,3
v1.1,21,1,137.768693829,3
v1.1,21,2,48.748644878,3
v1.1,21,3,114.270249742,3
v1.1,22,1,201.701599832,3
v1.1,22,2,108.172194413,3
v1.1,22,3,140.937527561,3
v1.1,23,1,190.227054733,3
v1.1,23,2,156.004266114,3
v1.1,23,3,12.922450586,3
v1.1,24,1,113.592645908,3
v1.1,24,2,157.365363705,3
v1.1,24,3,191.16436243,3
v1.1,25,1,360.773364363,3
v1.1,25,2,425.802614535,3
v1.1,25,3,145.879803995,3
v1.1,4,1,0.001317005,3
v1.1,5,1,0.005314578,3
v1.1,6,1,0.033527325,3
v1.1,6,2,0.026087861,3
v1.1,7,1,0.057009377,3
v1.1,7,2,0.153989099,3
v1.1,8,1,0.249691931,3
v1.1,8,2,0.321625226,3
v1.1,9,1,0.231696541,3
v1.1,9,2,0.633269951,3
v1.1,9,3,0.853336072,3
v1.1,10,1,2.544973195,3
v1.1,10,2,3.597391421,3
v1.1,10,3,1.194693159,3
v1.1,11,1,1.875587854,3
v1.1,11,2,2.221518764,3
v1.1,11,3,2.574821368,3
v1.1,12,1,2.435269387,3
v1.1,12,2,0.375892105,3
v1.1,12,3,5.942417216,3
v1.1,13,1,6.726397094,3
v1.1,13,2,9.989990309,3
v1.1,13,3,2.14577376,3
v1.1,14,1,5.495248887,3
v1.1,14,2,2.746672413,3
v1.1,14,3,4.823377618,3
v1.1,15,1,6.492738065,3
v1.1,15,2,41.853924351,3
v1.1,15,3,6.868861428,3
v1.1,16,1,42.903294933,3
v1.1,16,2,24.7031118,3
v1.1,16,3,22.414642685,3
v1.1,17,1,17.885109732,3
v1.1,17,2,26.412622012,3
v1.1,17,3,19.38447788,3
v1.1,18,1,28.973539127,3
v1.1,18,2,24.057184683,3
v1.1,18,3,16.204277761,3
v1.1,19,1,124.953448638,3
v1.1,19,2,83.517410538,3
v1.1,19,3,21.849188305,3
v1.1,20,1,37.56006326,3
v1.1,20,2,20.898707028,3
v1.1,20,3,216.889332957,3
v1.1,21,1,49.557349433,3
v1.1,21,2,66.207827869,3
v1.1,21,3,200.377064923,3
v1.1,22,1,80.76357376,3
v1.1,22,2,130.654668486,3
v1.1,22,3,353.026418973,3
v1.1,23,1,174.40825774,3
v1.1,23,2,279.027768486,3
v1.1,23,3,196.948628269,3
v1.1,24,1,193.70731315,3
v1.1,24,2,339.684387677,3
v1.1,24,3,487.213617953,3
v1.1,25,1,322.591927872,3
v1.1,25,2,228.7245655,3
v1.1,25,3,394.78095049,3
v1.1,4,1,0.002081821,3
v1.1,5,1,0.011053584,3
v1.1,6,1,0.034826077,3
v1.1,6,2,0.052190557,3
v1.1,7,1,0.093967032,3
v1.1,7,2,0.186026505,3
v1.1,8,1,0.09134379,3
v1.1,8,2,0.14314384,3
v1.1,9,1,0.563214841,3
v1.1,9,2,0.480924872,3
v1.1,9,3,0.151678888,3
v1.1,10,1,2.456496519,3
v1.1,10,2,1.993319354,3
v1.1,10,3,0.679170565,3
v1.1,11,1,2.429845309,3
v1.1,11,2,0.247633961,3
v1.1,11,3,2.378608626,3
v1.1,12,1,4.373505634,3
v1.1,12,2,4.906591281,3
v1.1,12,3,2.773992993,3
v1.1,13,1,5.851122429,3
v1.1,13,2,2.095387587,3
v1.1,13,3,1.228958899,3
v1.1,14,1,5.768506226,3
v1.1,14,2,3.514520736,3
v1.1,14,3,8.578234924,3
v1.1,15,1,11.124403983,3
v1.1,15,2,19.418914497,3
v1.1,15,3,30.033826096,3
v1.1,16,1,12.998251067,3
v1.1,16,2,8.568586319,3
v1.1,16,3,16.317940086,3
v1.1,17,1,17.2254468,3
v1.1,17,2,53.601845112,3
v1.1,17,3,42.173696721,3
v1.1,18,1,59.563685919,3
v1.1,18,2,75.08724481,3
v1.1,18,3,60.807148072,3
v1.1,19,1,126.603960613,3
v1.1,19,2,132.213365898,3
v1.1,19,3,6.504255149,3
v1.1,20,1,65.708704206,3
v1.1,20,2,96.377168791,3
v1.1,20,3,115.816246566,3
v1.1,21,1,52.470961867,3
v1.1,21,2,35.877638375,3
v1.1,21,3,42.289583459,3
v1.1,22,1,55.343607371,3
v1.1,22,2,11.83392683,3
v1.1,22,3,10.199692841,3
v1.1,23,1,89.601850821,3
v1.1,23,2,451.159938745,3
v1.1,23,3,241.273857053,3
v1.1,24,1,471.422016527,3
v1.1,24,2,174.731791814,3
v1.1,24,3,275.831764146,3
v1.1,25,1,142.339126378,3
v1.1,25,2,64.003149915,3
v1.1,25,3,27.156428133,3
v1.1,4,1,0.002343471,3
v1.1,5,1,0.006457096,3
v1.1,6,1,0.009427825,3
v1.1,6,2,0.027916893,3
v1.1,7,1,0.032864233,3
v1.1,7,2,0.047285227,3
v1.1,8,1,0.268860431,3
v1.1,8,2,0.424541608,3
v1.1,9,1,0.137248736,3
v1.1,9,2,0.940232548,3
v1.1,9,3,0.481212951,3
v1.1,10,1,1.864530196,3
v1.1,10,2,0.819769689,3
v1.1,10,3,0.490370095,3
v1.1,11,1,0.209026739,3
v1.1,11,2,3.36636545,3
v1.1,11,3,1.452661226,3
v1.1,12,1,2.904526789,3
v1.1,12,2,6.053891984,3
v1.1,12,3,2.720081286,3
v1.1,13,1,6.735590316,3
v1.1,13,2,5.301485155,3
v1.1,13,3,11.041596015,3
v1.1,14,1,3.607191686,3
v1.1,14,2,23.184508631,3
v1.1,14,3,26.187127235,3
v1.1,15,1,11.601583164,3
v1.1,15,2,26.112398502,3
v1.1,15,3,10.6062757,3
v1.1,16,1,23.611293175,3
v1.1,16,2,59.29747496,3
v1.1,16,3,17.452841046,3
v1.1,17,1,17.846793945,3
v1.1,17,2,23.369763099,3
v1.1,17,3,9.792495728,3
v1.1,18,1,15.431029246,3
v1.1,18,2,2.476731035,3
v1.1,18,3,57.334895107,3
v1.1,19,1,45.953053312,3
v1.1,19,2,54.235481092,3
v1.1,19,3,127.772903402,3
v1.1,20,1,40.050078511,3
v1.1,20,2,20.424742186,3
v1.1,20,3,174.394982855,3
v1.1,21,1,30.786936179,3
v1.1,21,2,148.230927846,3
v1.1,21,3,152.784307667,3
v1.1,22,1,76.588779358,3
v1.1,22,2,172.7793232,3
v1.1,23,1,122.091622847,3
v1.1,23,2,158.358652828,3
v1.1,23,3,243.437079519,3
v1.1,24,1,39.39642089,3
v1.1,24,2,178.660956435,3
v1.1,24,3,221.661776142,3
v1.1,25,1,227.817713108,3
v1.1,25,2,153.875194999,3
v1.1,25,3,324.944235496,3
v1.1,4,1,0.00192169,3
v1.1,5,1,0.004233198,3
v1.1,6,1,0.017996868,3
v1.1,7,1,0.181143878,3
v1.1,7,2,0.145933253,3
v1.1,8,1,0.098706885,3
v1.1,8,2,0.245918113,3
v1.1,9,1,0.801979019,3
v1.1,9,2,0.43837481,3
v1.1,9,3,0.858739797,3
v1.1,10,1,2.004394949,3
v1.1,10,2,1.83058039,3
v1.1,10,3,1.769764921,3
v1.1,11,1,1.299960406,3
v1.1,11,2,2.029447153,3
v1.1,11,3,11.278943759,3
v1.1,12,1,1.891638285,3
v1.1,12,2,3.127736346,3
v1.1,12,3,9.421848584,3
v1.1,13,1,5.073716555,3
v1.1,13,2,3.020596337,3
v1.1,13,3,5.905652261,3
v1.1,14,1,5.102458715,3
v1.1,14,2,14.225159745,3
v1.1,14,3,1.196549995,3
v1.1,15,1,11.034138088,3
v1.1,15,2,30.914734647,3
v1.1,15,3,48.25883197,3
v1.1,16,1,19.723635409,3
v1.1,16,2,28.589595357,3
v1.1,16,3,14.862823824,3
v1.1,17,1,36.901163371,3
v1.1,17,2,31.638275731,3
v1.1,17,3,40.544756804,3
v1.1,18,1,29.80418973,3
v1.1,18,2,3.698073959,3
v1.1,18,3,42.605250013,3
v1.1,19,1,21.479131184,3
v1.1,19,2,58.48866211,3
v1.1,19,3,71.323206957,3
v1.1,20,1,48.903665289,3
v1.1,20,2,56.485478964,3
v1.1,20,3,30.414703602,3
v1.1,21,1,26.483282432,3
v1.1,21,2,75.678244087,3
v1.1,21,3,143.022783617,3
v1.1,22,1,132.643427528,3
v1.1,22,2,44.789109466,3
v1.1,22,3,84.086313457,3
v1.1,23,1,10.476095574,3
v1.1,23,2,99.375757323,3
v1.1,23,3,299.705121232,3
v1.1,24,1,43.094565547,3
v1.1,24,2,319.082698734,3
v1.1,24,3,218.632265208,3
v1.1,25,1,316.34747548,3
v1.1,25,2,115.787228696,3
v1.1,25,3,100.575922662,3
v1.1,4,1,0.002189405,3
v1.1,5,1,0.004525201,3
v1.1,6,1,0.020235525,3
v1.1,6,2,0.022155038,3
v1.1,7,1,0.090421892,3
v1.1,7,2,0.20193445,3
v1.1,8,1,0.167135689,3
v1.1,8,2,0.08232594,3
v1.1,9,1,0.53093706,3
v1.1,9,2,0.71740837,3
v1.1,9,3,2.481292196,3
v1.1,10,1,0.862926374,3
v1.1,10,2,1.407234243,3
v1.1,10,3,0.607913855,3
v1.1,11,1,2.627682962,3
v1.1,11,2,5.140819261,3
v1.1,11,3,1.108904641,3
v1.1,12,1,3.584804139,3
v1.1,12,2,4.449638497,3
v1.1,12,3,2.060341621,3
v1.1,13,1,7.531705712,3
v1.1,13,2,8.548790783,3
v1.1,13,3,6.324317645,3
v1.1,14,1,12.049353532,3
v1.1,14,2,9.055172434,3
v1.1,14,3,0.939565136,3
v1.1,15,1,14.449244263,3
v1.1,15,2,13.09510787,3
v1.1,15,3,25.409930732,3
v1.1,16,1,24.421056754,3
v1.1,16,2,10.702963398,3
v1.1,16,3,50.959496783,3
v1.1,17,1,57.126742952,3
v1.1,17,2,52.044764826,3
v1.1,17,3,24.440113043,3
v1.1,18,1,12.294840496,3
v1.1,18,2,44.311461567,3
v1.1,18,3,3.426596057,3
v1.1,19,1,79.227264314,3
v1.1,19,2,21.788474601,3
v1.1,19,3,97.025826303,3
v1.1,20,1,39.803719482,3
v1.1,20,2,157.672000397,3
v1.1,20,3,297.607589124,3
v1.1,21,1,102.700158406,3
v1.1,21,2,57.148491113,3
v1.1,21,3,76.261196338,3
v1.1,22,1,74.118821852,3
v1.1,22,2,35.652696509,3
v1.1,22,3,135.096290747,3
v1.1,23,1,374.449562013,3
v1.1,23,2,374.152895418,3
v1.1,23,3,262.761412498,3
v1.1,24,1,253.351522745,3
v1.1,24,2,328.055880956,3
v1.1,24,3,519.43394741,3
v1.1,25,1,147.797917473,3
v1.1,25,2,21.891048265,3
v1.1,25,3,622.736698902,3
v1.1,4,1,0.00193646,3
v1.1,5,1,0.006272025,3
v1.1,6,1,0.024528036,3
v1.1,6,2,0.045392762,3
v1.1,7,1,0.086033438,3
v1.1,7,2,0.132840181,3
v1.1,8,1,0.155935844,3
v1.1,8,2,0.586991073,3
v1.1,9,1,0.517650978,3
v1.1,9,2,0.401381403,3
v1.1,9,3,0.656697405,3
v1.1,10,1,0.837958793,3
v1.1,10,2,0.382371382,3
v1.1,10,3,2.994065602,3
v1.1,11,1,3.141695906,3
v1.1,11,2,3.079260815,3
v1.1,11,3,1.090043585,3
v1.1,12,1,9.087326025,3
v1.1,12,2,5.359842877,3
v1.1,12,3,1.876214109,3
v1.1,13,1,2.454228298,3
v1.1,13,2,7.213372339,3
v1.1,13,3,19.459250681,3
v1.1,14,1,4.110438655,3
v1.1,14,2,21.24013226,3
v1.1,14,3,17.102070741,3
v1.1,15,1,10.899856994,3
v1.1,15,2,19.405980124,3
v1.1,15,3,13.261406704,3
v1.1,16,1,16.553260276,3
v1.1,16,2,44.755008048,3
v1.1,16,3,20.268663456,3
v1.1,17,1,20.536162781,3
v1.1,17,2,12.300622171,3
v1.1,17,3,48.225775265,3
v1.1,18,1,10.623572595,3
v1.1,18,2,22.943216064,3
v1.1,18,3,108.61608353,3
v1.1,19,1,35.105441715,3
v1.1,19,2,69.185495439,3
v1.1,19,3,57.408599378,3
v1.1,20,1,140.43800586,3
v1.1,20,2,153.693707714,3
v1.1,20,3,23.773304306,3
v1.1,21,1,97.451375352,3
v1.1,21,2,73.125599543,3
v1.1,21,3,38.398743159,3
v1.1,22,1,252.251318141,3
v1.1,22,2,43.603285088,3
v1.1,22,3,111.609968994,3
v1.1,23,1,188.148074174,3
v1.1,23,2,148.899128032,3
v1.1,23,3,160.891969787,3
v1.1,24,1,118.906125882,3
v1.1,24,2,246.075929504,3
v1.1,24,3,539.654708986,3
v1.1,25,1,231.053261276,3
v1.1,25,2,288.292643852,3
v1.1,25,3,308.076917958,3
v1.1,4,1,0.00191223,3
v1.1,5,1,0.009106767,3
v1.1,6,1,0.0433099,3
v1.1,6,2,0.071171895,3
v1.1,7,1,0.072920531,3
v1.1,7,2,0.274877565,3
v1.1,8,1,0.650684372,3
v1.1,8,2,0.338019101,3
v1.1,9,1,0.973517545,3
v1.1,9,2,0.661395949,3
v1.1,9,3,0.596206587,3
v1.1,10,1,1.34254362,3
v1.1,10,2,0.606808289,3
v1.1,10,3,2.31910997,3
v1.1,11,1,3.042907668,3
v1.1,11,2,0.77532085,3
v1.1,11,3,0.900834041,3
v1.1,12,1,1.815271307,3
v1.1,12,2,9.288118128,3
v1.1,12,3,6.404070377,3
v1.1,13,1,6.510652644,3
v1.1,13,2,7.532948542,3
v1.1,13,3,0.798093404,3
v1.1,14,1,0.554417483,3
v1.1,14,2,15.016415724,3
v1.1,14,3,4.339308638,3
v1.1,15,1,7.424366743,3
v1.1,15,2,8.916506645,3
v1.1,15,3,45.352200671,3
v1.1,16,1,17.593876034,3
v1.1,16,2,5.788231867,3
v1.1,16,3,6.985526149,3
v1.1,17,1,15.12712373,3
v1.1,17,2,30.918255684,3
v1.1,17,3,31.038352619,3
v1.1,18,1,50.333039534,3
v1.1,18,2,38.566463231,3
v1.1,18,3,74.510231907,3
v1.1,19,1,97.90906128,3
v1.1,19,2,33.002124608,3
v1.1,19,3,117.269559632,3
v1.1,20,1,61.553659513,3
v1.1,20,2,113.935807426,3
v1.1,20,3,33.733669848,3
v1.1,21,1,9.929730396,3
v1.1,21,2,99.263008506,3
v1.1,21,3,88.483716069,3
v1.1,22,1,114.929299857,3
v1.1,22,2,67.995776213,3
v1.1,22,3,59.171352546,3
v1.1,23,1,300.474126143,3
v1.1,23,2,16.178049733,3
v1.1,23,3,322.931793118,3
v1.1,24,1,270.605374621,3
v1.1,24,2,142.354886726,3
v1.1,24,3,84.381772249,3
v1.1,25,1,471.78539327,3
v1.1,25,2,117.59578346,3
v1.1,25,3,245.056851574,3
v1.1,4,1,0.001961505,3
v1.1,5,1,0.002328091,3
v1.1,6,1,0.018981116,3
v1.1,6,2,0.092456518,3
v1.1,7,1,0.078647474,3
v1.1,7,2,0.462145293,3
v1.1,8,1,0.597778718,3
v1.1,8,2,0.284158313,3
v1.1,9,1,0.929735769,3
v1.1,9,2,0.468013107,3
v1.1,10,1,0.537596028,3
v1.1,10,2,0.875248247,3
v1.1,10,3,2.371918881,3
v1.1,11,1,1.052064498,3
v1.1,11,2,3.202781969,3
v1.1,11,3,1.645059634,3
v1.1,12,1,3.777836972,3
v1.1,12,2,6.614215874,3
v1.1,12,3,5.66000359,3
v1.1,13,1,2.496236867,3
v1.1,13,2,12.619659803,3
v1.1,13,3,26.041044358,3
v1.1,14,1,4.598774407,3
v1.1,14,2,13.76132088,3
v1.1,14,3,11.753311514,3
v1.1,15,1,16.691504712,3
v1.1,15,2,17.068153794,3
v1.1,15,3,17.582456683,3
v1.1,16,1,10.944098541,3
v1.1,16,2,22.408695695,3
v1.1,16,3,26.877734717,3
v1.1,17,1,27.328464904,3
v1.1,17,2,46.344838201,3
v1.1,17,3,11.066572792,3
v1.1,18,1,91.191445766,3
v1.1,18,2,58.433463358,3
v1.1,18,3,143.55603213,3
v1.1,19,1,20.652149953,3
v1.1,19,2,117.795519721,3
v1.1,19,3,21.727808402,3
v1.1,20,1,73.704161874,3
v1.1,20,2,115.808066763,3
v1.1,20,3,91.198277981,3
v1.1,21,1,82.748674278,3
v1.1,21,2,163.630876353,3
v1.1,21,3,41.606469126,3
v1.1,22,1,134.358778222,3
v1.1,22,2,304.02314802,3
v1.1,22,3,114.345900261,3
v1.1,23,1,9.916560343,3
v1.1,23,2,134.778518147,3
v1.1,23,3,186.361514177,3
v1.1,24,1,73.255289417,3
v1.1,24,2,99.281804911,3
v1.1,24,3,381.112050159,3
v1.1,25,1,173.311385775,3
v1.1,25,2,336.102331222,3
v1.1,25,3,336.749312372,3
v1.1,4,1,0.002225526,3
v1.1,5,1,0.006951971,3
v1.1,6,1,0.034321374,3
v1.1,6,2,0.070376836,3
v1.1,7,1,0.083909437,3
v1.1,7,2,0.05243554,3
v1.1,8,1,0.272676449,3
v1.1,8,2,0.675518513,3
v1.1,9,1,0.447681108,3
v1.1,9,2,2.575039093,3
v1.1,9,3,0.138781515,3
v1.1,10,1,0.120644957,3
v1.1,10,2,0.188367922,3
v1.1,10,3,1.738062535,3
v1.1,11,1,2.345884365,3
v1.1,11,2,0.550825831,3
v1.1,11,3,0.553850975,3
v1.1,12,1,2.744140737,3
v1.1,12,2,4.794410112,3
v1.1,12,3,2.070497209,3
v1.1,13,1,4.770356469,3
v1.1,13,2,7.845634119,3
v1.1,13,3,3.191111881,3
v1.1,14,1,5.297337295,3
v1.1,14,2,17.859256692,3
v1.1,14,3,15.475322724,3
v1.1,15,1,13.852078669,3
v1.1,15,2,10.598592403,3
v1.1,15,3,59.134439435,3
v1.1,16,1,4.725075633,3
v1.1,16,2,1.915140303,3
v1.1,16,3,8.711037939,3
v1.1,17,1,44.956445916,3
v1.1,17,2,18.093481861,3
v1.1,17,3,11.46629936,3
v1.1,18,1,21.219023154,3
v1.1,18,2,125.347087097,3
v1.1,18,3,17.554882881,3
v1.1,19,1,95.819185667,3
v1.1,19,2,162.373708115,3
v1.1,19,3,26.943962594,3
v1.1,20,1,83.658064051,3
v1.1,20,2,135.697901667,3
v1.1,20,3,100.329975287,3
v1.1,21,1,153.619629486,3
v1.1,21,2,244.394890344,3
v1.1,21,3,179.211553563,3
v1.1,22,1,187.529298481,3
v1.1,22,2,111.833541179,3
v1.1,22,3,73.003556836,3
v1.1,23,1,144.135594157,3
v1.1,23,2,267.579481255,3
v1.1,23,3,150.957066079,3
v1.1,24,1,298.786828126,3
v1.1,24,2,48.919867625,3
v1.1,24,3,307.902053161,3
v1.1,25,1,188.898715136,3
v1.1,25,2,219.695303705,3
v1.1,25,3,265.12654977,3
v1.1,4,1,0.001163557,3
v1.1,5,1,0.004410247,3
v1.1,6,1,0.012516803,3
v1.1,6,2,0.023458599,3
v1.1,7,1,0.060493041,3
v1.1,7,2,0.017620527,3
v1.1,8,1,0.069694735,3
v1.1,8,2,0.468044656,3
v1.1,9,1,0.289540837,3
v1.1,9,2,0.328696505,3
v1.1,9,3,0.362980175,3
v1.1,10,1,2.507100709,3
v1.1,10,2,0.61260003,3
v1.1,10,3,2.548308235,3
v1.1,11,1,2.869950981,3
v1.1,11,2,0.967913623,3
v1.1,11,3,3.619152032,3
v1.1,12,1,7.052653017,3
v1.1,12,2,14.148774048,3
v1.1,12,3,6.801620437,3
v1.1,13,1,4.27546524,3
v1.1,13,2,6.389285584,3
v1.1,13,3,9.325770357,3
v1.1,14,1,6.005865048,3
v1.1,14,2,11.59071111,3
v1.1,14,3,4.85175482,3
v1.1,15,1,11.14792496,3
v1.1,15,2,19.427066292,3
v1.1,15,3,16.323157918,3
v1.1,16,1,50.066608769,3
v1.1,16,2,8.405156005,3
v1.1,16,3,31.176041288,3
v1.1,17,1,29.900234106,3
v1.1,17,2,15.321308499,3
v1.1,17,3,122.344941496,3
v1.1,18,1,81.959249725,3
v1.1,18,2,35.690958062,3
v1.1,18,3,67.920320728,3
v1.1,19,1,91.792315347,3
v1.1,19,2,44.54503602,3
v1.1,19,3,109.327706202,3
v1.1,20,1,49.959222852,3
v1.1,20,2,150.09502617,3
v1.1,20,3,288.212434188,3
v1.1,21,1,80.678658202,3
v1.1,21,2,97.420432537,3
v1.1,21,3,147.031474087,3
v1.1,22,1,147.445690768,3
v1.1,22,2,140.041754894,3
v1.1,22,3,263.020018755,3
v1.1,23,1,296.390884961,3
v1.1,23,2,53.266622874,3
v1.1,23,3,146.229686918,3
v1.1,24,1,236.770046822,3
v1.1,24,2,260.114964663,3
v1.1,24,3,305.21184252,3
v1.1,25,1,117.94643906,3
v1.1,25,2,425.690490294,3
v1.1,25,3,629.84241789,3
v1.1,4,1,0.001864477,3
v1.1,5,1,0.004855927,3
v1.1,6,1,0.022249439,3
v1.1,6,2,0.061592279,3
v1.1,7,1,0.060739809,3
v1.1,7,2,0.074511119,3
v1.1,8,1,0.43287774,3
v1.1,8,2,0.466772337,3
v1.1,9,1,0.892417625,3
v1.1,9,2,0.637587017,3
v1.1,9,3,0.79962439,3
v1.1,10,1,2.336157926,3
v1.1,10,2,0.727066846,3
v1.1,10,3,0.730074602,3
v1.1,11,1,4.009729085,3
v1.1,11,2,6.413189771,3
v1.1,11,3,10.60811908,3
v1.1,12,1,5.682611613,3
v1.1,12,2,4.211557511,3
v1.1,12,3,2.859510966,3
v1.1,13,1,3.170797349,3
v1.1,13,2,6.108486516,3
v1.1,13,3,1.191541795,3
v1.1,14,1,8.245491635,3
v1.1,14,2,24.842824132,3
v1.1,14,3,32.013989154,3
v1.1,15,1,17.672321532,3
v1.1,15,2,4.019242047,3
v1.1,15,3,10.813600438,3
v1.1,16,1,32.188461639,3
v1.1,16,2,9.492096764,3
v1.1,16,3,8.218967932,3
v1.1,17,1,11.780974238,3
v1.1,17,2,27.583102268,3
v1.1,17,3,87.723244816,3
v1.1,18,1,5.089708262,3
v1.1,18,2,44.238648661,3
v1.1,18,3,55.494748584,3
v1.1,19,1,30.843600843,3
v1.1,19,2,125.425275991,3
v1.1,19,3,24.543239344,3
v1.1,20,1,32.123319232,3
v1.1,20,2,81.562824676,3
v1.1,20,3,65.787659202,3
v1.1,21,1,64.428556836,3
v1.1,21,2,100.659610848,3
v1.1,21,3,105.97485709,3
v1.1,22,1,54.281227759,3
v1.1,22,2,212.520918253,3
v1.1,22,3,312.757334557,3
v1.1,23,1,143.38881784,3
v1.1,23,2,289.606902039,3
v1.1,23,3,81.184455979,3
v1.1,24,1,187.121347645,3
v1.1,24,2,305.961482401,3
v1.1,24,3,243.000261905,3
v1.1,25,1,114.856784477,3
v1.1,25,2,371.186894418,3
v1.1,25,3,87.186831283,3
v1.1,4,1,0.00240445,3
v1.1,5,1,0.004760131,3
v1.1,6,1,0.018993302,3
v1.1,6,2,0.085639982,3
v1.1,7,1,0.065124481,3
v1.1,7,2,0.211499949,3
v1.1,8,1,0.134072909,3
v1.1,8,2,0.134742519,3
v1.1,9,1,0.521844513,3
v1.1,9,2,1.100570917,3
v1.1,9,3,0.761899631,3
v1.1,10,1,1.197802265,3
v1.1,10,2,0.746062072,3
v1.1,10,3,3.017166481,3
v1.1,11,1,1.398531219,3
v1.1,11,2,4.693175986,3
v1.1,11,3,2.68831167,3
v1.1,12,1,0.343901262,3
v1.1,12,2,3.970550101,3
v1.1,12,3,4.015244792,3
v1.1,13,1,6.256526891,3
v1.1,13,2,11.993117287,3
v1.1,13,3,7.179025579,3
v1.1,14,1,14.330663243,3
v1.1,14,2,8.70855554,3
v1.1,14,3,8.745028069,3
v1.1,15,1,12.165283448,3
v1.1,15,2,21.856432037,3
v1.1,15,3,26.802553185,3
v1.1,16,1,18.087974575,3
v1.1,16,2,27.214513611,3
v1.1,16,3,29.328768815,3
v1.1,17,1,54.757524518,3
v1.1,17,2,25.264477549,3
v1.1,17,3,45.412511915,3
v1.1,18,1,31.621840864,3
v1.1,18,2,17.801686186,3
v1.1,18,3,43.956966495,3
v1.1,19,1,23.630762231,3
v1.1,19,2,23.414375666,3
v1.1,19,3,200.476371175,3
v1.1,20,1,57.338655095,3
v1.1,20,2,6.55458208,3
v1.1,20,3,65.267819988,3
v1.1,21,1,55.907532664,3
v1.1,21,2,109.725330311,3
v1.1,21,3,152.603841438,3
v1.1,22,1,57.670217517,3
v1.1,22,2,10.913281192,3
v1.1,22,3,91.978971412,3
v1.1,23,1,237.243995159,3
v1.1,23,2,37.869806235,3
v1.1,23,3,367.868182712,3
v1.1,24,1,265.703717413,3
v1.1,24,2,243.6731946,3
v1.1,24,3,377.854876552,3
v1.1,25,1,297.356928051,3
v1.1,25,2,577.223441436,3
v1.1,25,3,64.552575413,3
v1.1,4,1,0.001738693,3
v1.1,5,1,0.004581037,3
v1.1,6,1,0.008798177,3
v1.1,6,2,0.098468364,3
v1.1,7,1,0.038562928,3
v1.1,7,2,0.139436834,3
v1.1,8,1,0.105669617,3
v1.1,8,2,0.245600389,3
v1.1,9,1,0.131272375,3
v1.1,9,2,0.586546481,3
v1.1,9,3,0.559966313,3
v1.1,10,1,0.876265406,3
v1.1,10,2,1.493168947,3
v1.1,10,3,1.238695678,3
v1.1,11,1,0.13057881,3
v1.1,11,2,0.901116912,3
v1.1,11,3,2.021952349,3
v1.1,12,1,7.115074771,3
v1.1,12,2,1.488569002,3
v1.1,12,3,5.612832222,3
v1.1,13,1,9.08018472,3
v1.1,13,2,8.318967183,3
v1.1,13,3,6.091070221,3
v1.1,14,1,24.100612328,3
v1.1,14,2,12.809024849,3
v1.1,14,3,8.327148863,3
v1.1,15,1,7.780619903,3
v1.1,15,2,26.763161577,3
v1.1,15,3,19.634804708,3
v1.1,16,1,8.48225242,3
v1.1,16,2,24.388782753,3
v1.1,16,3,29.454802073,3
v1.1,17,1,31.274261989,3
v1.1,17,2,73.663713236,3
v1.1,17,3,37.917038985,3
v1.1,18,1,39.987595022,3
v1.1,18,2,59.194546432,3
v1.1,18,3,17.321068813,3
v1.1,19,1,27.874266652,3
v1.1,19,2,68.808627646,3
v1.1,19,3,60.682881069,3
v1.1,20,1,63.658157848,3
v1.1,20,2,84.368288011,3
v1.1,20,3,112.397723538,3
v1.1,21,1,143.208468454,3
v1.1,21,2,65.314038763,3
v1.1,21,3,78.449849361,3
v1.1,22,1,26.178686269,3
v1.1,22,2,193.519385789,3
v1.1,22,3,65.391041553,3
v1.1,23,1,181.373786965,3
v1.1,23,2,186.782192032,3
v1.1,23,3,15.187296484,3
v1.1,24,1,144.297108389,3
v1.1,24,2,202.14703769,3
v1.1,24,3,33.014483934,3
v1.1,25,1,366.649251051,3
v1.1,25,2,613.171068618,3
v1.1,25,3,211.498761509,3
v1.1,4,1,0.001972423,3
v1.1,5,1,0.008004763,3
v1.1,6,1,0.035197418,3
v1.1,7,1,0.102414322,3
v1.1,7,2,0.132034196,3
v1.1,8,1,0.105476888,3
v1.1,8,2,0.201367673,3
v1.1,9,1,0.842964958,3
v1.1,9,2,0.3282115,3
v1.1,9,3,0.632623355,3
v1.1,10,1,0.604200583,3
v1.1,10,2,2.292965776,3
v1.1,10,3,0.881328629,3
v1.1,11,1,0.49503955,3
v1.1,11,2,0.40567601,3
v1.1,11,3,3.593151988,3
v1.1,12,1,1.601290272,3
v1.1,12,2,0.424952625,3
v1.1,12,3,3.033948834,3
v1.1,13,1,6.896362956,3
v1.1,13,2,10.973781608,3
v1.1,13,3,9.15765856,3
v1.1,14,1,11.837383358,3
v1.1,14,2,3.913172181,3
v1.1,14,3,24.639076197,3
v1.1,15,1,16.1554394,3
v1.1,15,2,31.421748859,3
v1.1,15,3,6.768700614,3
v1.1,16,1,32.13686353,3
v1.1,16,2,60.034017353,3
v1.1,16,3,39.579547432,3
v1.1,17,1,2.543509444,3
v1.1,17,2,71.015379023,3
v1.1,17,3,13.728970736,3
v1.1,18,1,28.77188058,3
v1.1,18,2,62.239518831,3
v1.1,18,3,80.096993702,3
v1.1,19,1,27.770978343,3
v1.1,19,2,27.388057097,3
v1.1,19,3,30.109719443,3
v1.1,20,1,18.316390425,3
v1.1,20,2,96.267390376,3
v1.1,20,3,254.141640489,3
v1.1,21,1,105.236462567,3
v1.1,21,2,112.386977035,3
v1.1,21,3,157.897028868,3
v1.1,22,1,109.603438169,3
v1.1,22,2,191.660264327,3
v1.1,22,3,144.63764168,3
v1.1,23,1,318.246743486,3
v1.1,23,2,63.7517521,3
v1.1,23,3,191.177304031,3
v1.1,24,1,291.208641314,3
v1.1,24,2,292.684749101,3
v1.1,24,3,353.738761602,3
v1.1,25,1,54.965335268,3
v1.1,25,2,228.108397422,3
v1.1,25,3,541.571946115,3
v1.1,4,1,0.002174526,3
v1.1,5,1,0.00466185,3
v1.1,6,1,0.089759815,3
v1.1,6,2,0.013160594,3
v1.1,7,1,0.088468279,3
v1.1,7,2,0.016167462,3
v1.1,8,1,0.122104583,3
v1.1,8,2,0.237585467,3
v1.1,9,1,0.267997538,3
v1.1,9,2,0.664339098,3
v1.1,9,3,0.386203601,3
v1.1,10,1,0.497724098,3
v1.1,10,2,1.338867347,3
v1.1,10,3,5.063073107,3
v1.1,11,1,2.357981917,3
v1.1,11,2,1.20552731,3
v1.1,11,3,0.315353711,3
v1.1,12,1,2.851057623,3
v1.1,12,2,4.689888627,3
v1.1,12,3,2.700922077,3
v1.1,13,1,10.934040028,3
v1.1,13,2,8.086952371,3
v1.1,13,3,6.776158473,3
v1.1,14,1,6.746697213,3
v1.1,14,2,8.444134145,3
v1.1,14,3,15.967999919,3
v1.1,15,1,8.505824576,3
v1.1,15,2,21.841873451,3
v1.1,15,3,62.029763169,3
v1.1,16,1,22.693455345,3
v1.1,16,2,27.339253386,3
v1.1,16,3,45.836171817,3
v1.1,17,1,33.652939857,3
v1.1,17,2,36.749654415,3
v1.1,17,3,39.50380492,3
v1.1,18,1,28.190297343,3
v1.1,18,2,83.17513851,3
v1.1,18,3,136.001003321,3
v1.1,19,1,66.22713639,3
v1.1,19,2,105.141072736,3
v1.1,19,3,24.054425174,3
v1.1,20,1,85.620787779,3
v1.1,20,2,113.989919013,3
v1.1,20,3,75.758871177,3
v1.1,21,1,66.700507359,3
v1.1,21,2,32.758736873,3
v1.1,21,3,48.158246966,3
v1.1,22,1,167.136524301,3
v1.1,22,2,131.731716111,3
v1.1,22,3,161.196311735,3
v1.1,23,1,277.289810476,3
v1.1,23,2,65.9653661,3
v1.1,23,3,235.551226854,3
v1.1,24,1,356.946382078,3
v1.1,24,2,133.631653832,3
v1.1,24,3,141.497107421,3
v1.1,25,1,452.995871289,3
v1.1,25,2,20.908596538,3
v1.1,25,3,548.780163974,3
v1.1,4,1,0.002345057,3
v1.1,5,1,0.007466503,3
v1.1,6,1,0.099212306,3
v1.1,6,2,0.022356791,3
v1.1,7,1,0.134152172,3
v1.1,7,2,0.111559584,3
v1.1,8,1,0.541981975,3
v1.1,8,2,0.642546895,3
v1.1,9,1,0.747104213,3
v1.1,9,2,0.816032876,3
v1.1,9,3,2.402141721,3
v1.1,10,1,0.557619123,3
v1.1,10,2,1.637244082,3
v1.1,10,3,1.427795376,3
v1.1,11,1,0.69133794,3
v1.1,11,2,0.327640125,3
v1.1,11,3,2.708123249,3
v1.1,12,1,1.821034959,3
v1.1,12,2,6.525803746,3
v1.1,12,3,11.46731956,3
v1.1,13,1,5.385995654,3
v1.1,13,2,2.739887543,3
v1.1,13,3,19.729056037,3
v1.1,14,1,9.892585717,3
v1.1,14,2,12.386039135,3
v1.1,14,3,25.187382072,3
v1.1,15,1,9.35247965,3
v1.1,15,2,19.60266478,3
v1.1,15,3,17.963735159,3
v1.1,16,1,7.175911202,3
v1.1,16,2,11.642348545,3
v1.1,16,3,5.832954268,3
v1.1,17,1,29.314078765,3
v1.1,17,2,61.868759147,3
v1.1,17,3,9.631420446,3
v1.1,18,1,43.732714877,3
v1.1,18,2,73.599640978,3
v1.1,18,3,66.093610149,3
v1.1,19,1,79.411631217,3
v1.1,19,2,5.27205604,3
v1.1,19,3,125.915083018,3
v1.1,20,1,68.203285223,3
v1.1,20,2,101.445864741,3
v1.1,20,3,124.010746132,3
v1.1,21,1,67.365903556,3
v1.1,21,2,103.01237021,3
v1.1,21,3,98.237913882,3
v1.1,22,1,130.71859966,3
v1.1,22,2,249.792825179,3
v1.1,22,3,13.348403969,3
v1.1,23,1,92.762062277,3
v1.1,23,2,154.856879277,3
v1.1,23,3,50.073088321,3
v1.1,24,1,112.238179441,3
v1.1,24,2,425.659534344,3
v1.1,24,3,387.43767753,3
v1.1,25,1,329.36918615,3
v1.1,25,2,408.978978518,3
v1.1,25,3,342.236492973,3
v1.1,4,1,0.002651592,3
v1.1,5,1,0.007906822,3
v1.1,6,1,0.015509796,3
v1.1,6,2,0.030115402,3
v1.1,7,1,0.141369735,3
v1.1,7,2,0.08337772,3
v1.1,8,1,0.098154738,3
v1.1,8,2,0.556142795,3
v1.1,9,1,0.666419882,3
v1.1,9,2,0.383012872,3
v1.1,9,3,0.165878394,3
v1.1,10,1,1.334274168,3
v1.1,10,2,2.345578348,3
v1.1,10,3,1.699084483,3
v1.1,11,1,1.9301179,3
v1.1,11,2,0.273076825,3
v1.1,11,3,2.663687068,3
v1.1,12,1,3.238742683,3
v1.1,12,2,5.973721069,3
v1.1,12,3,8.581507334,3
v1.1,13,1,9.788867696,3
v1.1,13,2,12.439322353,3
v1.1,13,3,12.388346856,3
v1.1,14,1,4.132138369,3
v1.1,14,2,1.737916277,3
v1.1,14,3,18.715509116,3
v1.1,15,1,12.260034027,3
v1.1,15,2,46.756455204,3
v1.1,15,3,11.289993428,3
v1.1,16,1,42.235125302,3
v1.1,16,2,16.869047703,3
v1.1,16,3,52.843752863,3
v1.1,17,1,9.434267017,3
v1.1,17,2,18.217671941,3
v1.1,17,3,11.275693578,3
v1.1,18,1,80.296109868,3
v1.1,18,2,25.190155363,3
v1.1,18,3,20.073170998,3
v1.1,19,1,127.60560187,3
v1.1,19,2,46.910223465,3
v1.1,19,3,145.335390387,3
v1.1,20,1,5.591995017,3
v1.1,20,2,100.754347889,3
v1.1,20,3,283.805081336,3
v1.1,21,1,144.432274339,3
v1.1,21,2,190.524449192,3
v1.1,21,3,155.394194561,3
v1.1,22,1,63.972926513,3
v1.1,22,2,147.926787497,3
v1.1,22,3,89.69062958,3
v1.1,23,1,167.324797584,3
v1.1,23,2,36.941166952,3
v1.1,23,3,125.934263762,3
v1.1,24,1,214.041459226,3
v1.1,24,2,11.937008066,3
v1.1,24,3,83.26969432,3
v1.1,25,1,362.995521602,3
v1.1,25,2,646.69167434,3
v1.1,25,3,229.750909887,3
v1.1,4,1,0.001894269,3
v1.1,5,1,0.005334944,3
v1.1,6,1,0.019213132,3
v1.1,6,2,0.020644772,3
v1.1,7,1,0.079449666,3
v1.1,7,2,0.059310884,3
v1.1,8,1,0.13336888,3
v1.1,8,2,0.25413994,3
v1.1,9,1,0.782886343,3
v1.1,9,2,1.022677011,3
v1.1,9,3,0.551818171,3
v1.1,10,1,0.098829906,3
v1.1,10,2,1.177696806,3
v1.1,10,3,0.210362793,3
v1.1,11,1,1.183414075,3
v1.1,11,2,2.654182512,3
v1.1,11,3,4.816017903,3
v1.1,12,1,4.722809007,3
v1.1,12,2,6.243898499,3
v1.1,12,3,3.510724527,3
v1.1,13,1,0.994438361,3
v1.1,13,2,4.621518982,3
v1.1,13,3,5.434134494,3
v1.1,14,1,5.215860089,3
v1.1,14,2,11.610322567,3
v1.1,14,3,33.053542365,3
v1.1,15,1,6.341881608,3
v1.1,15,2,20.32169865,3
v1.1,15,3,31.456528031,3
v1.1,16,1,23.349021587,3
v1.1,16,2,15.376520445,3
v1.1,16,3,11.744582359,3
v1.1,17,1,6.298401614,3
v1.1,17,2,68.486735199,3
v1.1,17,3,17.523456603,3
v1.1,18,1,7.322058884,3
v1.1,18,2,36.363376074,3
v1.1,18,3,16.720689472,3
v1.1,19,1,108.960693622,3
v1.1,19,2,43.55954753,3
v1.1,19,3,54.138260161,3
v1.1,20,1,60.02325678,3
v1.1,20,2,92.103295206,3
v1.1,20,3,7.870978154,3
v1.1,21,1,80.900521841,3
v1.1,21,2,87.868818268,3
v1.1,21,3,9.162122186,3
v1.1,22,1,251.359900038,3
v1.1,22,2,158.562682419,3
v1.1,22,3,66.841917564,3
v1.1,23,1,185.981645863,3
v1.1,23,2,139.37251921,3
v1.1,23,3,542.118391344,3
v1.1,24,1,95.20566397,3
v1.1,24,2,281.426066944,3
v1.1,24,3,214.238770285,3
v1.1,25,1,248.30293946,3
v1.1,25,2,245.282126029,3
v1.1,25,3,684.785371994,3
v1.1,4,1,0.00169349,3
v1.1,5,1,0.011657649,3
v1.1,6,1,0.022216142,3
v1.1,6,2,0.029683331,3
v1.1,7,1,0.018369169,3
v1.1,7,2,0.12227022,3
v1.1,8,1,0.341647142,3
v1.1,8,2,0.168427796,3
v1.1,9,1,0.357679336,3
v1.1,9,2,0.608221374,3
v1.1,9,3,0.775796086,3
v1.1,10,1,1.81066544,3
v1.1,10,2,1.045607652,3
v1.1,10,3,1.053044983,3
v1.1,11,1,1.484975255,3
v1.1,11,2,4.699307387,3
v1.1,11,3,3.6942553,3
v1.1,12,1,2.169943375,3
v1.1,12,2,3.156420897,3
v1.1,12,3,11.030224861,3
v1.1,13,1,3.342871401,3
v1.1,13,2,3.313634051,3
v1.1,13,3,8.892470346,3
v1.1,14,1,4.69191411,3
v1.1,14,2,22.770858356,3
v1.1,14,3,6.236929913,3
v1.1,15,1,10.782400399,3
v1.1,15,2,15.774417013,3
v1.1,15,3,19.674011844,3
v1.1,16,1,20.892688384,3
v1.1,16,2,15.321349936,3
v1.1,16,3,23.381553596,3
v1.1,17,1,12.120069448,3
v1.1,17,2,30.027183106,3
v1.1,17,3,48.720993612,3
v1.1,18,1,16.570533801,3
v1.1,18,2,67.535521904,3
v1.1,18,3,126.072372095,3
v1.1,19,1,27.754821165,3
v1.1,19,2,114.212508027,3
v1.1,19,3,109.490703212,3
v1.1,20,1,56.825727641,3
v1.1,20,2,25.03943799,3
v1.1,20,3,186.192786573,3
v1.1,21,1,95.92766562,3
v1.1,21,2,117.468448274,3
v1.1,21,3,86.577455474,3
v1.1,22,1,170.948648988,3
v1.1,22,2,51.16947428,3
v1.1,22,3,277.342075615,3
v1.1,23,1,431.172692794,3
v1.1,23,2,15.847781047,3
v1.1,23,3,265.305638981,3
v1.1,24,1,241.971520061,3
v1.1,24,2,517.66165219,3
v1.1,24,3,188.131289552,3
v1.1,25,1,238.883420146,3
v1.1,25,2,615.380800518,3
v1.1,25,3,30.378116615,3
v1.1,4,1,0.00179435,3
v1.1,5,1,0.008043606,3
v1.1,6,1,0.025647059,3
v1.1,6,2,0.008353054,3
v1.1,7,1,0.118684745,3
v1.1,7,2,0.20339916,3
v1.1,8,1,0.351589085,3
v1.1,8,2,0.326007142,3
v1.1,9,1,0.535460762,3
v1.1,9,2,1.19774707,3
v1.1,9,3,2.407231025,3
v1.1,10,1,0.730296215,3
v1.1,10,2,1.822838609,3
v1.1,10,3,1.043418915,3
v1.1,11,1,2.330119173,3
v1.1,11,2,3.299561824,3
v1.1,11,3,6.192767983,3
v1.1,12,1,4.77681197,3
v1.1,12,2,6.10358401,3
v1.1,12,3,1.543159335,3
v1.1,13,1,2.460712186,3
v1.1,13,2,8.142921859,3
v1.1,13,3,6.877974175,3
v1.1,14,1,6.941662509,3
v1.1,14,2,12.67309618,3
v1.1,14,3,7.69612723,3
v1.1,15,1,21.166867556,3
v1.1,15,2,15.5853031,3
v1.1,15,3,14.394956969,3
v1.1,16,1,34.264886387,3
v1.1,16,2,13.012528374,3
v1.1,16,3,3.80317462,3
v1.1,17,1,18.267237956,3
v1.1,17,2,20.971159267,3
v1.1,17,3,34.793217924,3
v1.1,18,1,13.139373898,3
v1.1,18,2,47.217175228,3
v1.1,18,3,106.984837727,3
v1.1,19,1,51.333783099,3
v1.1,19,2,82.478836791,3
v1.1,19,3,24.906893948,3
v1.1,20,1,101.786532837,3
v1.1,20,2,43.772328385,3
v1.1,20,3,110.937670632,3
v1.1,21,1,104.430608417,3
v1.1,21,2,66.237053644,3
v1.1,21,3,148.719021947,3
v1.1,22,1,342.234346207,3
v1.1,22,2,297.357187746,3
v1.1,22,3,203.101162213,3
v1.1,23,1,116.44687191,3
v1.1,23,2,273.394462348,3
v1.1,23,3,32.598117599,3
v1.1,24,1,73.214927429,3
v1.1,24,2,143.363304312,3
v1.1,24,3,79.82739421,3
v1.1,25,1,270.505489288,3
v1.1,25,2,167.421434489,3
v1.1,25,3,17.417980787,3
v1.1,4,1,0.001111946,3
v1.1,5,1,0.007861832,3
v1.1,6,1,0.065212881,3
v1.1,6,2,0.031225539,3
v1.1,7,1,0.057126681,3
v1.1,7,2,0.163130297,3
v1.1,8,1,0.18903084,3
v1.1,8,2,0.176555028,3
v1.1,9,1,0.610698274,3
v1.1,9,2,0.286595124,3
v1.1,9,3,0.276421181,3
v1.1,10,1,1.660500853,3
v1.1,10,2,0.621455216,3
v1.1,10,3,4.106583808,3
v1.1,11,1,2.363521176,3
v1.1,11,2,5.836768027,3
v1.1,11,3,0.321581365,3
v1.1,12,1,4.47754948,3
v1.1,12,2,5.964005484,3
v1.1,12,3,11.285043625,3
v1.1,13,1,2.754716989,3
v1.1,13,2,3.097191955,3
v1.1,13,3,5.849909433,3
v1.1,14,1,9.458152888,3
v1.1,14,2,37.545928339,3
v1.1,14,3,4.899581595,3
v1.1,15,1,1.758432655,3
v1.1,15,2,8.950654331,3
v1.1,15,3,7.019601807,3
v1.1,16,1,1.899360731,3
v1.1,16,2,30.912378838,3
v1.1,16,3,18.406065009,3
v1.1,17,1,2.089969109,3
v1.1,17,2,3.327864983,3
v1.1,17,3,74.152406773,3
v1.1,18,1,28.472649196,3
v1.1,18,2,22.30555479,3
v1.1,18,3,93.644055029,3
v1.1,19,1,31.582036396,3
v1.1,19,2,67.981418412,3
v1.1,19,3,204.984278235,3
v1.1,20,1,75.927956275,3
v1.1,20,2,92.074404042,3
v1.1,20,3,273.714378309,3
v1.1,21,1,120.69219113,3
v1.1,21,2,75.492035176,3
v1.1,21,3,252.777519166,3
v1.1,22,1,156.098449648,3
v1.1,22,2,200.068247162,3
v1.1,22,3,343.242204126,3
v1.1,23,1,384.320517876,3
v1.1,23,2,309.632712504,3
v1.1,23,3,107.73817253,3
v1.1,24,1,280.471237707,3
v1.1,24,2,30.187104539,3
v1.1,24,3,367.942224621,3
v1.1,25,1,89.196145297,3
v1.1,25,2,642.364216727,3
v1.1,25,3,416.544238623,3
v1.1,4,1,0.001756151,3
v1.1,5,1,0.008653698,3
v1.1,6,1,0.035914109,3
v1.1,6,2,0.030672011,3
v1.1,7,1,0.183012498,3
v1.1,7,2,0.048604496,3
v1.1,8,1,0.439017091,3
v1.1,8,2,0.198698134,3
v1.1,9,1,0.400345398,3
v1.1,9,2,0.731510403,3
v1.1,9,3,0.717580645,3
v1.1,10,1,1.113965926,3
v1.1,10,2,1.52789643,3
v1.1,10,3,1.125495318,3
v1.1,11,1,1.642774805,3
v1.1,11,2,1.945492504,3
v1.1,11,3,3.032042226,3
v1.1,12,1,4.122328329,3
v1.1,12,2,2.721188438,3
v1.1,12,3,7.259396447,3
v1.1,13,1,7.976641391,3
v1.1,13,2,8.623393391,3
v1.1,13,3,7.847022458,3
v1.1,14,1,12.621046204,3
v1.1,14,2,14.63940716,3
v1.1,14,3,12.754147174,3
v1.1,15,1,14.12112548,3
v1.1,15,2,9.596654951,3
v1.1,15,3,21.809720234,3
v1.1,16,1,9.45425385,3
v1.1,16,2,31.621467317,3
v1.1,16,3,25.424181777,3
v1.1,17,1,19.614355153,3
v1.1,17,2,8.665670361,3
v1.1,17,3,30.381079258,3
v1.1,18,1,25.694146164,3
v1.1,18,2,34.276670853,3
v1.1,18,3,148.741059385,3
v1.1,19,1,18.781171735,3
v1.1,19,2,70.255153693,3
v1.1,19,3,108.048000674,3
v1.1,20,1,69.629881938,3
v1.1,20,2,82.325569992,3
v1.1,20,3,118.882897858,3
v1.1,21,1,57.200535092,3
v1.1,21,2,246.04757196,3
v1.1,21,3,52.101123971,3
v1.1,22,1,142.266773237,3
v1.1,22,2,149.299002542,3
v1.1,22,3,118.07514147,3
v1.1,23,1,36.470496541,3
v1.1,23,2,158.413885726,3
v1.1,23,3,174.538930146,3
v1.1,24,1,343.218216413,3
v1.1,24,2,600.777749242,3
v1.1,24,3,537.625180627,3
v1.1,25,1,253.162143075,3
v1.1,25,2,306.835143446,3
v1.1,25,3,115.153572683,3
v1.1,4,1,0.002748647,3
v1.1,5,1,0.006908256,3
v1.1,6,1,0.012565891,3
v1.1,6,2,0.020644057,3
v1.1,7,1,0.027277115,3
v1.1,7,2,0.043646596,3
v1.1,8,1,0.197046868,3
v1.1,8,2,0.297666664,3
v1.1,9,1,0.077338731,3
v1.1,9,2,1.066256015,3
v1.1,9,3,0.511590605,3
v1.1,10,1,1.107325577,3
v1.1,10,2,1.211713947,3
v1.1,10,3,1.277118143,3
v1.1,11,1,1.848868923,3
v1.1,11,2,2.408975145,3
v1.1,11,3,2.883413164,3
v1.1,12,1,1.699370558,3
v1.1,12,2,5.571842063,3
v1.1,12,3,3.155196595,3
v1.1,13,1,1.683425643,3
v1.1,13,2,0.578627491,3
v1.1,13,3,0.805835342,3
v1.1,14,1,14.638962236,3
v1.1,14,2,8.507010141,3
v1.1,14,3,13.501151936,3
v1.1,15,1,5.973946011,3
v1.1,15,2,29.426510815,3
v1.1,15,3,14.005860109,3
v1.1,16,1,13.620684139,3
v1.1,16,2,14.500541437,3
v1.1,16,3,8.725990583,3
v1.1,17,1,26.934634976,3
v1.1,17,2,2.386668,3
v1.1,17,3,26.191355355,3
v1.1,18,1,88.954791738,3
v1.1,18,2,10.626664325,3
v1.1,18,3,127.895922269,3
v1.1,19,1,20.246384172,3
v1.1,19,2,5.550061139,3
v1.1,19,3,189.575709863,3
v1.1,20,1,65.289685314,3
v1.1,20,2,90.083354298,3
v1.1,20,3,189.765871461,3
v1.1,21,1,33.27623694,3
v1.1,21,2,197.01720168,3
v1.1,21,3,133.080880293,3
v1.1,22,1,182.391108549,3
v1.1,22,2,160.431558742,3
v1.1,22,3,199.29877739,3
v1.1,23,1,147.86292806,3
v1.1,23,2,219.216734618,3
v1.1,23,3,210.103905383,3
v1.1,24,1,160.732502852,3
v1.1,24,2,318.97700958,3
v1.1,25,1,264.287047368,3
v1.1,25,2,204.069742495,3
v1.1,25,3,315.898240573,3
v1.1,4,1,0.00214895,3
v1.1,5,1,0.005372056,3
v1.1,6,1,0.018656224,3
v1.1,6,2,0.119571305,3
v1.1,7,1,0.053563143,3
v1.1,7,2,0.420575066,3
v1.1,8,1,0.203299992,3
v1.1,8,2,0.894695757,3
v1.1,9,1,0.622512896,3
v1.1,9,2,0.73376468,3
v1.1,9,3,0.46013754,3
v1.1,10,1,0.575102627,3
v1.1,10,2,1.347208239,3
v1.1,10,3,2.377498576,3
v1.1,11,1,1.022082651,3
v1.1,11,2,1.930910706,3
v1.1,11,3,4.281796019,3
v1.1,12,1,3.836113664,3
v1.1,12,2,2.242666196,3
v1.1,12,3,6.3168306,3
v1.1,13,1,1.512669814,3
v1.1,13,2,5.706245268,3
v1.1,13,3,0.805680181,3
v1.1,14,1,17.961394758,3
v1.1,14,2,4.224676413,3
v1.1,14,3,5.80482514,3
v1.1,15,1,5.5490695,3
v1.1,15,2,3.84270886,3
v1.1,15,3,7.907807878,3
v1.1,16,1,30.66591295,3
v1.1,16,2,46.823958953,3
v1.1,16,3,9.449844283,3
v1.1,17,1,20.084005624,3
v1.1,17,2,85.977202154,3
v1.1,17,3,8.703525853,3
v1.1,18,1,18.243623988,3
v1.1,18,2,58.584268531,3
v1.1,18,3,43.96765837,3
v1.1,19,1,72.217171462,3
v1.1,19,2,70.327525904,3
v1.1,19,3,48.120860624,3
v1.1,20,1,41.334480945,3
v1.1,20,2,42.451170582,3
v1.1,20,3,230.59277451,3
v1.1,21,1,236.217669415,3
v1.1,21,2,210.89306304,3
v1.1,21,3,195.15063656,3
v1.1,22,1,46.127804443,3
v1.1,22,2,65.38308363,3
v1.1,22,3,369.181723321,3
v1.1,23,1,39.593138354,3
v1.1,23,2,342.11228435,3
v1.1,23,3,136.269579987,3
v1.1,24,1,298.147967605,3
v1.1,24,2,482.870323042,3
v1.1,24,3,342.24215302,3
v1.1,25,1,196.931794647,3
v1.1,25,2,88.460452828,3
v1.1,25,3,65.808217561,3
v1.1,4,1,0.001619828,3
v1.1,5,1,0.003520814,3
v1.1,6,1,0.014309291,3
v1.1,6,2,0.029699501,3
v1.1,7,1,0.139648572,3
v1.1,7,2,0.196696959,3
v1.1,8,1,0.862930808,3
v1.1,8,2,0.207318332,3
v1.1,9,1,0.17631708,3
v1.1,9,2,0.312433969,3
v1.1,9,3,0.911222342,3
v1.1,10,1,0.78309307,3
v1.1,10,2,0.198585636,3
v1.1,10,3,2.147421922,3
v1.1,11,1,3.335571345,3
v1.1,11,2,1.343671815,3
v1.1,11,3,3.117999676,3
v1.1,12,1,3.107413528,3
v1.1,12,2,2.213006643,3
v1.1,12,3,6.670844493,3
v1.1,13,1,3.331486899,3
v1.1,13,2,7.495748343,3
v1.1,13,3,9.293899393,3
v1.1,14,1,8.804979991,3
v1.1,14,2,6.365787242,3
v1.1,14,3,11.155165912,3
v1.1,15,1,5.0801424,3
v1.1,15,2,23.820676223,3
v1.1,15,3,27.798573816,3
v1.1,16,1,10.128194832,3
v1.1,16,2,17.298996058,3
v1.1,16,3,2.59723628,3
v1.1,17,1,29.544867623,3
v1.1,17,2,33.520420814,3
v1.1,17,3,45.12292753,3
v1.1,18,1,12.001098767,3
v1.1,18,2,78.11173308,3
v1.1,18,3,3.246487349,3
v1.1,19,1,48.41516658,3
v1.1,19,2,122.823505124,3
v1.1,19,3,145.604327349,3
v1.1,20,1,93.425063713,3
v1.1,20,2,43.415368418,3
v1.1,20,3,257.845761358,3
v1.1,21,1,59.015666027,3
v1.1,21,2,93.968216461,3
v1.1,21,3,167.656303733,3
v1.1,22,1,99.786140665,3
v1.1,22,2,153.960509422,3
v1.1,22,3,350.620213527,3
v1.1,23,1,167.731303553,3
v1.1,23,2,138.631465539,3
v1.1,23,3,87.00171757,3
v1.1,24,1,253.149629521,3
v1.1,24,2,80.026734863,3
v1.1,24,3,479.735139195,3
v1.1,25,1,181.078926823,3
v1.1,25,2,566.601586354,3
v1.1,25,3,610.91217005,3
v1.1,4,1,0.001668816,3
v1.1,5,1,0.017094624,3
v1.1,6,1,0.029609831,3
v1.1,6,2,0.017940044,3
v1.1,7,1,0.105865352,3
v1.1,7,2,0.184270714,3
v1.1,8,1,0.578351125,3
v1.1,8,2,0.111067887,3
v1.1,9,1,0.540653518,3
v1.1,9,2,0.565177145,3
v1.1,9,3,1.044868603,3
v1.1,10,1,0.411327231,3
v1.1,10,2,0.187567253,3
v1.1,10,3,1.709143343,3
v1.1,11,1,1.647814235,3
v1.1,11,2,0.613773096,3
v1.1,11,3,2.692542149,3
v1.1,12,1,0.942951843,3
v1.1,12,2,4.871502359,3
v1.1,12,3,9.580595244,3
v1.1,13,1,2.977785327,3
v1.1,13,2,9.160842096,3
v1.1,13,3,3.5897746,3
v1.1,14,1,6.75833152,3
v1.1,14,2,6.933739217,3
v1.1,14,3,0.994701946,3
v1.1,15,1,5.552982526,3
v1.1,15,2,19.610870752,3
v1.1,15,3,22.041971596,3
v1.1,16,1,8.212815865,3
v1.1,16,2,21.313860533,3
v1.1,16,3,47.180055996,3
v1.1,17,1,35.032265388,3
v1.1,17,2,34.153449496,3
v1.1,17,3,30.179925031,3
v1.1,18,1,38.130806117,3
v1.1,18,2,17.720500971,3
v1.1,18,3,68.320289862,3
v1.1,19,1,70.300928325,3
v1.1,19,2,103.144788939,3
v1.1,19,3,93.290263693,3
v1.1,20,1,16.662617052,3
v1.1,20,2,182.197873334,3
v1.1,20,3,127.490688449,3
v1.1,21,1,65.265218492,3
v1.1,21,2,8.006264596,3
v1.1,21,3,134.578203599,3
v1.1,22,1,117.374139734,3
v1.1,22,2,223.36349367,3
v1.1,22,3,17.929312422,3
v1.1,23,1,45.631910983,3
v1.1,23,2,298.822497631,3
v1.1,23,3,253.171750311,3
v1.1,24,1,131.836196505,3
v1.1,24,2,325.508319685,3
v1.1,24,3,115.07797888,3
v1.1,25,1,75.013735824,3
v1.1,25,2,603.946819682,3
v1.1,25,3,329.897677975,3
v1.1,4,1,0.001668697,3
v1.1,5,1,0.002595882,3
v1.1,6,1,0.012252225,3
v1.1,6,2,0.055065216,3
v1.1,7,1,0.081154547,3
v1.1,7,2,0.321284559,3
v1.1,8,1,0.198694153,3
v1.1,8,2,0.312567221,3
v1.1,9,1,0.60925534,3
v1.1,9,2,0.536135242,3
v1.1,9,3,1.569330353,3
v1.1,10,1,0.873593658,3
v1.1,10,2,1.500337105,3
v1.1,10,3,0.910690517,3
v1.1,11,1,0.397617635,3
v1.1,11,2,1.446827946,3
v1.1,11,3,0.783850389,3
v1.1,12,1,0.299466543,3
v1.1,12,2,0.357768912,3
v1.1,12,3,14.851410291,3
v1.1,13,1,2.772460554,3
v1.1,13,2,3.314477382,3
v1.1,13,3,20.982046562,3
v1.1,14,1,8.068700956,3
v1.1,14,2,10.427875398,3
v1.1,14,3,9.990012797,3
v1.1,15,1,20.724168104,3
v1.1,15,2,15.251776474,3
v1.1,15,3,28.051458188,3
v1.1,16,1,10.284915101,3
v1.1,16,2,15.660200652,3
v1.1,16,3,48.512006774,3
v1.1,17,1,59.45676496,3
v1.1,17,2,8.694241137,3
v1.1,17,3,48.321645182,3
v1.1,18,1,30.739807796,3
v1.1,18,2,26.599698363,3
v1.1,18,3,70.589504457,3
v1.1,19,1,58.23123182,3
v1.1,19,2,15.009178486,3
v1.1,19,3,15.739065868,3
v1.1,20,1,17.561641142,3
v1.1,20,2,128.998812926,3
v1.1,20,3,58.316422797,3
v1.1,21,1,70.176203016,3
v1.1,21,2,35.098090522,3
v1.1,21,3,29.708574281,3
v1.1,22,1,169.580496521,3
v1.1,22,2,369.956980066,3
v1.1,22,3,92.802076665,3
v1.1,23,1,135.77481671,3
v1.1,23,2,232.967345969,3
v1.1,23,3,330.054773922,3
v1.1,24,1,443.60658364,3
v1.1,24,2,153.416193111,3
v1.1,24,3,315.274945587,3
v1.1,25,1,369.640728515,3
v1.1,25,2,370.584958173,3
v1.1,25,3,400.904755569,3
v1.1,4,1,0.00163893,3
v1.1,5,1,0.007195532,3
v1.1,6,1,0.0852969,3
v1.1,6,2,0.039014511,3
v1.1,7,1,0.08351824,3
v1.1,7,2,0.157911562,3
v1.1,8,1,0.208535748,3
v1.1,8,2,0.294329776,3
v1.1,9,1,0.821904179,3
v1.1,9,2,1.48109144,3
v1.1,9,3,1.110027695,3
v1.1,10,1,1.134421353,3
v1.1,10,2,1.316383575,3
v1.1,10,3,2.837614253,3
v1.1,11,1,4.732270142,3
v1.1,11,2,3.499202162,3
v1.1,11,3,5.085065911,3
v1.1,12,1,0.286805629,3
v1.1,12,2,6.992317606,3
v1.1,12,3,6.579688619,3
v1.1,13,1,9.289281943,3
v1.1,13,2,11.759667152,3
v1.1,13,3,13.152668955,3
v1.1,14,1,13.155269213,3
v1.1,14,2,10.629735214,3
v1.1,14,3,12.665164871,3
v1.1,15,1,4.848617139,3
v1.1,15,2,4.85871117,3
v1.1,15,3,24.413158775,3
v1.1,16,1,14.440756756,3
v1.1,16,2,36.981874417,3
v1.1,16,3,11.618034878,3
v1.1,17,1,28.691217648,3
v1.1,17,2,3.245808795,3
v1.1,17,3,39.523452025,3
v1.1,18,1,29.634165001,3
v1.1,18,2,34.569169052,3
v1.1,18,3,59.845623373,3
v1.1,19,1,84.775764673,3
v1.1,19,2,28.66391329,3
v1.1,19,3,206.332528629,3
v1.1,20,1,104.299556298,3
v1.1,20,2,32.962159339,3
v1.1,20,3,24.909121671,3
v1.1,21,1,50.302756687,3
v1.1,21,2,330.637749446,3
v1.1,21,3,61.417878491,3
v1.1,22,1,361.107500154,3
v1.1,22,2,111.475394425,3
v1.1,22,3,148.257326912,3
v1.1,23,1,118.84758808,3
v1.1,23,2,288.483400902,3
v1.1,23,3,156.09703858,3
v1.1,24,1,54.867863697,3
v1.1,24,2,527.273510948,3
v1.1,24,3,23.223236928,3
v1.1,25,1,425.074947192,3
v1.1,25,2,22.196261703,3
v1.1,25,3,614.427830887,3
v1.1,4,1,0.002015035,3
v1.1,5,1,0.009201868,3
v1.1,6,1,0.022065481,3
v1.1,7,1,0.139440873,3
v1.1,7,2,0.019690503,3
v1.1,8,1,0.176885038,3
v1.1,8,2,0.332175133,3
v1.1,9,1,0.463109125,3
v1.1,9,2,0.676331042,3
v1.1,9,3,0.09260581,3
v1.1,10,1,0.259699653,3
v1.1,10,2,1.211885323,3
v1.1,10,3,0.945963007,3
v1.1,11,1,2.397391702,3
v1.1,11,2,2.656497592,3
v1.1,11,3,1.366283162,3
v1.1,12,1,5.984318784,3
v1.1,12,2,3.047617375,3
v1.1,12,3,2.212248921,3
v1.1,13,1,7.707236986,3
v1.1,13,2,8.197920231,3
v1.1,13,3,5.868459651,3
v1.1,14,1,10.835232273,3
v1.1,14,2,12.242059715,3
v1.1,14,3,7.950793274,3
v1.1,15,1,7.315311614,3
v1.1,15,2,12.472336508,3
v1.1,15,3,13.303720024,3
v1.1,16,1,12.219773458,3
v1.1,16,2,12.453611963,3
v1.1,16,3,22.669199261,3
v1.1,17,1,14.677939173,3
v1.1,17,2,37.907901427,3
v1.1,17,3,12.030370995,3
v1.1,18,1,64.59284617,3
v1.1,18,2,25.292651602,3
v1.1,18,3,38.432883569,3
v1.1,19,1,10.528203893,3
v1.1,19,2,56.05430629,3
v1.1,19,3,131.123775661,3
v1.1,20,1,180.134404502,3
v1.1,20,2,75.207615135,3
v1.1,20,3,5.836045854,3
v1.1,21,1,111.938868563,3
v1.1,21,2,117.034662284,3
v1.1,21,3,212.704857794,3
v1.1,22,1,260.473490446,3
v1.1,22,2,281.094242776,3
v1.1,22,3,109.650220416,3
v1.1,23,1,153.695954377,3
v1.1,23,2,190.727236714,3
v1.1,23,3,352.917077075,3
v1.1,24,1,16.475829842,3
v1.1,24,2,74.789553285,3
v1.1,24,3,92.952873591,3
v1.1,25,1,572.105319331,3
v1.1,25,2,316.343613832,3
v1.1,25,3,205.928979263,3
v1.1,4,1,0.002577213,3
v1.1,5,1,0.008086699,3
v1.1,6,1,0.015878066,3
v1.1,6,2,0.046664799,3
v1.1,7,1,0.061181388,3
v1.1,7,2,0.161581253,3
v1.1,8,1,0.215471042,3
v1.1,8,2,0.55598194,3
v1.1,9,1,0.742822408,3
v1.1,9,2,0.811378812,3
v1.1,9,3,3.342364637,3
v1.1,10,1,0.101744614,3
v1.1,10,2,3.036860192,3
v1.1,10,3,0.740264559,3
v1.1,11,1,0.917239795,3
v1.1,11,2,3.000482463,3
v1.1,11,3,2.4825192,3
v1.1,12,1,2.631112885,3
v1.1,12,2,2.980864954,3
v1.1,12,3,1.933074378,3
v1.1,13,1,2.568595116,3
v1.1,13,2,9.484133903,3
v1.1,13,3,5.782988556,3
v1.1,14,1,4.271299716,3
v1.1,14,2,21.620986307,3
v1.1,14,3,19.235906939,3
v1.1,15,1,15.3452812,3
v1.1,15,2,14.145579414,3
v1.1,15,3,7.476406555,3
v1.1,16,1,32.50517631,3
v1.1,16,2,14.74751279,3
v1.1,16,3,18.159191092,3
v1.1,17,1,21.892205618,3
v1.1,17,2,34.593823343,3
v1.1,17,3,24.861060232,3
v1.1,18,1,28.766896553,3
v1.1,18,2,36.29009932,3
v1.1,18,3,55.974350652,3
v1.1,19,1,62.179455297,3
v1.1,19,2,79.158978319,3
v1.1,19,3,51.17448728,3
v1.1,20,1,21.27453695,3
v1.1,20,2,158.010255836,3
v1.1,20,3,99.164589619,3
v1.1,21,1,164.880689311,3
v1.1,21,2,50.523200453,3
v1.1,21,3,151.121283047,3
v1.1,22,1,106.491944393,3
v1.1,22,2,37.261391098,3
v1.1,22,3,195.103744686,3
v1.1,23,1,260.763349438,3
v1.1,23,2,365.262869011,3
v1.1,23,3,98.204243796,3
v1.1,24,1,93.16051475,3
v1.1,24,2,270.518547999,3
v1.1,24,3,489.708211877,3
v1.1,25,1,249.687029426,3
v1.1,25,2,325.924855273,3
v1.1,25,3,691.153987671,3
v1.1,4,1,0.001881473,3
v1.1,5,1,0.00601801,3
v1.1,6,1,0.020264877,3
v1.1,6,2,0.036925561,3
v1.1,7,1,0.025763118,3
v1.1,7,2,0.05256973,3
v1.1,8,1,0.226448956,3
v1.1,8,2,0.321627347,3
v1.1,9,1,0.215344021,3
v1.1,9,2,0.674621764,3
v1.1,10,1,0.935791409,3
v1.1,10,2,2.001297349,3
v1.1,10,3,4.322188954,3
v1.1,11,1,1.911568102,3
v1.1,11,2,2.441926532,3
v1.1,11,3,1.534639042,3
v1.1,12,1,4.940102458,3
v1.1,12,2,1.034254592,3
v1.1,12,3,0.523205873,3
v1.1,13,1,1.580518717,3
v1.1,13,2,15.004423943,3
v1.1,13,3,17.104570351,3
v1.1,14,1,8.154656731,3
v1.1,14,2,26.532844657,3
v1.1,14,3,10.003768448,3
v1.1,15,1,12.754276152,3
v1.1,15,2,28.743292476,3
v1.1,15,3,17.212924559,3
v1.1,16,1,23.609349656,3
v1.1,16,2,10.844201335,3
v1.1,16,3,19.306585028,3
v1.1,17,1,28.47548181,3
v1.1,17,2,27.571729229,3
v1.1,17,3,63.081015828,3
v1.1,18,1,29.771357505,3
v1.1,18,2,25.236894905,3
v1.1,18,3,78.926403908,3
v1.1,19,1,15.095435694,3
v1.1,19,2,25.367926262,3
v1.1,19,3,106.687720699,3
v1.1,20,1,48.307940758,3
v1.1,20,2,191.939300073,3
v1.1,20,3,201.453081664,3
v1.1,21,1,48.145452832,3
v1.1,21,2,72.361499249,3
v1.1,21,3,126.616072813,3
v1.1,22,1,155.183258025,3
v1.1,22,2,102.316875809,3
v1.1,22,3,14.673916138,3
v1.1,23,1,80.253597413,3
v1.1,23,2,219.322244834,3
v1.1,23,3,180.843810834,3
v1.1,24,1,129.688847153,3
v1.1,24,2,118.964551063,3
v1.1,24,3,61.638941921,3
v1.1,25,1,55.597435125,3
v1.1,25,2,184.681600392,3
v1.1,25,3,208.323215211,3
v1.1,4,1,0.002363415,3
v1.1,5,1,0.012485077,3
v1.1,6,1,0.017259803,3
v1.1,6,2,0.013972339,3
v1.1,7,1,0.112245435,3
v1.1,7,2,0.160381952,3
v1.1,8,1,0.150587677,3
v1.1,8,2,0.271800655,3
v1.1,9,1,0.142561536,3
v1.1,9,2,0.336731247,3
v1.1,9,3,0.108128537,3
v1.1,10,1,0.922291093,3
v1.1,10,2,1.630114802,3
v1.1,10,3,2.184038964,3
v1.1,11,1,2.218238144,3
v1.1,11,2,0.25059248,3
v1.1,11,3,2.916718595,3
v1.1,12,1,3.472226454,3
v1.1,12,2,4.187130741,3
v1.1,12,3,3.568637034,3
v1.1,13,1,5.248225049,3
v1.1,13,2,4.512136223,3
v1.1,13,3,0.8790253,3
v1.1,14,1,37.414745162,3
v1.1,14,2,2.197753134,3
v1.1,14,3,8.436678533,3
v1.1,15,1,48.443117919,3
v1.1,15,2,14.259020738,3
v1.1,15,3,7.531078889,3
v1.1,16,1,39.772888779,3
v1.1,16,2,17.899750373,3
v1.1,16,3,35.806884371,3
v1.1,17,1,27.270815426,3
v1.1,17,2,52.733722487,3
v1.1,17,3,70.420394539,3
v1.1,18,1,66.221760034,3
v1.1,18,2,14.090442541,3
v1.1,18,3,30.289441355,3
v1.1,19,1,9.305429686,3
v1.1,19,2,114.544768919,3
v1.1,19,3,81.759537601,3
v1.1,20,1,42.450170335,3
v1.1,20,2,82.881823018,3
v1.1,20,3,34.18354967,3
v1.1,21,1,132.22466951,3
v1.1,21,2,103.790547603,3
v1.1,21,3,71.364471757,3
v1.1,22,1,99.027329322,3
v1.1,22,2,12.722849788,3
v1.1,22,3,275.02291211,3
v1.1,23,1,133.98783726,3
v1.1,23,2,457.000614521,3
v1.1,23,3,123.740129016,3
v1.1,24,1,96.894041581,3
v1.1,24,2,138.893972079,3
v1.1,24,3,277.246927931,3
v1.1,25,1,93.323117321,3
v1.1,25,2,430.860884041,3
v1.1,25,3,375.478995749,3
v1.1,4,1,0.001197341,3
v1.1,5,1,0.005593098,3
v1.1,6,1,0.025906396,3
v1.1,6,2,0.083072115,3
v1.1,7,1,0.026446668,3
v1.1,7,2,0.211425377,3
v1.1,8,1,0.549503427,3
v1.1,8,2,0.261065235,3
v1.1,9,1,0.359156152,3
v1.1,9,2,0.179370706,3
v1.1,9,3,0.686534877,3
v1.1,10,1,1.620347344,3
v1.1,10,2,0.707342775,3
v1.1,10,3,4.556099242,3
v1.1,11,1,0.792485847,3
v1.1,11,2,3.429368631,3
v1.1,11,3,3.894792515,3
v1.1,12,1,0.970669694,3
v1.1,12,2,3.235422505,3
v1.1,12,3,11.502763396,3
v1.1,13,1,1.305131233,3
v1.1,13,2,14.680754701,3
v1.1,13,3,7.240598959,3
v1.1,14,1,6.35499653,3
v1.1,14,2,4.811659291,3
v1.1,14,3,0.860246312,3
v1.1,15,1,14.965600584,3
v1.1,15,2,16.094570192,3
v1.1,15,3,14.097956967,3
v1.1,16,1,18.157955943,3
v1.1,16,2,6.440854958,3
v1.1,16,3,36.200798159,3
v1.1,17,1,11.189845223,3
v1.1,17,2,38.296162204,3
v1.1,17,3,3.391512063,3
v1.1,18,1,23.174528249,3
v1.1,18,2,9.804711054,3
v1.1,18,3,36.290956663,3
v1.1,19,1,24.609521419,3
v1.1,19,2,60.429633558,3
v1.1,19,3,209.774003599,3
v1.1,20,1,51.16633104,3
v1.1,20,2,179.6325571,3
v1.1,20,3,58.135009236,3
v1.1,21,1,89.23742124,3
v1.1,21,2,128.744250428,3
v1.1,21,3,121.741701312,3
v1.1,22,1,197.320445945,3
v1.1,22,2,216.809609873,3
v1.1,22,3,210.876959519,3
v1.1,23,1,201.351468166,3
v1.1,23,2,393.51040487,3
v1.1,23,3,14.94984594,3
v1.1,24,1,60.751573478,3
v1.1,24,2,407.16868526,3
v1.1,24,3,403.310304734,3
v1.1,25,1,307.400161126,3
v1.1,25,2,472.885408891,3
v1.1,25,3,165.548118887,3
v1.1,4,1,3.904674382,5
v1.1,5,1,0.010079061,5
v1.1,6,1,0.006916585,5
v1.1,6,2,0.02987283,5
v1.1,7,1,0.084727708,5
v1.1,7,2,0.081662506,5
v1.1,8,1,0.088780852,5
v1.1,8,2,0.259640417,5
v1.1,9,1,0.595743879,5
v1.1,9,2,0.80501929,5
v1.1,9,3,0.158344969,5
v1.1,10,1,0.421104384,5
v1.1,10,2,1.622366965,5
v1.1,10,3,2.130844727,5
v1.1,11,1,2.437444478,5
v1.1,11,2,1.880273009,5
v1.1,11,3,2.028640879,5
v1.1,12,1,1.338633232,5
v1.1,12,2,0.286265916,5
v1.1,12,3,1.703524332,5
v1.1,13,1,6.546216032,5
v1.1,13,2,5.537559549,5
v1.1,13,3,9.360722971,5
v1.1,14,1,8.554494711,5
v1.1,14,2,11.580824769,5
v1.1,14,3,16.581399319,5
v1.1,15,1,17.891173687,5
v1.1,15,2,10.718840931,5
v1.1,15,3,3.347891939,5
v1.1,16,1,7.415552122,5
v1.1,16,2,8.775089819,5
v1.1,16,3,22.444685486,5
v1.1,17,1,7.113448114,5
v1.1,17,2,26.338577206,5
v1.1,17,3,14.443122425,5
v1.1,18,1,62.493328709,5
v1.1,18,2,25.928647355,5
v1.1,18,3,30.605018687,5
v1.1,19,1,31.900219276,5
v1.1,19,2,11.426936637,5
v1.1,19,3,95.774774741,5
v1.1,20,1,18.478461929,5
v1.1,20,2,140.249628572,5
v1.1,20,3,57.231130717,5
v1.1,21,1,70.640000082,5
v1.1,21,2,84.397765448,5
v1.1,21,3,105.034568589,5
v1.1,22,1,138.878482506,5
v1.1,22,2,41.372796182,5
v1.1,22,3,136.397491597,5
v1.1,23,1,55.954793772,5
v1.1,23,2,148.994969009,5
v1.1,23,3,81.950492221,5
v1.1,24,1,140.832080113,5
v1.1,24,2,360.736046929,5
v1.1,24,3,291.813905918,5
v1.1,25,1,8.516953224,5
v1.1,25,2,127.00169201,5
v1.1,25,3,316.80203353,5
v1.1,4,1,0.001792539,5
v1.1,5,1,0.004404997,5
v1.1,6,1,0.015900555,5
v1.1,6,2,0.0235246,5
v1.1,7,1,0.113370892,5
v1.1,7,2,0.083477954,5
v1.1,8,1,0.017531016,5
v1.1,8,2,0.127344571,5
v1.1,9,1,0.573506236,5
v1.1,9,2,0.048338683,5
v1.1,9,3,1.204087088,5
v1.1,10,1,0.598583781,5
v1.1,10,2,1.182787844,5
v1.1,10,3,0.402890052,5
v1.1,11,1,1.631459998,5
v1.1,11,2,2.755691614,5
v1.1,11,3,2.203968267,5
v1.1,12,1,1.720724554,5
v1.1,12,2,6.690229338,5
v1.1,12,3,1.720513033,5
v1.1,13,1,6.262312805,5
v1.1,13,2,8.974135327,5
v1.1,13,3,2.537286199,5
v1.1,14,1,10.602171278,5
v1.1,14,2,14.40400036,5
v1.1,14,3,8.354299457,5
v1.1,15,1,3.812999678,5
v1.1,15,3,20.211377299,5
v1.1,16,1,21.389119612,5
v1.1,16,2,4.719460208,5
v1.1,16,3,2.792576494,5
v1.1,17,1,17.289973788,5
v1.1,17,2,17.031163247,5
v1.1,17,3,22.347021816,5
v1.1,18,1,51.276308094,5
v1.1,18,2,28.114397035,5
v1.1,18,3,45.048647942,5
v1.1,19,1,96.686207519,5
v1.1,19,2,41.984509347,5
v1.1,19,3,57.335460078,5
v1.1,20,1,79.746101085,5
v1.1,20,2,82.744490578,5
v1.1,20,3,16.27887085,5
v1.1,21,1,88.018172144,5
v1.1,21,2,27.248056664,5
v1.1,21,3,154.002378093,5
v1.1,22,1,103.414537925,5
v1.1,22,2,76.920929881,5
v1.1,22,3,178.873954676,5
v1.1,23,1,43.257374685,5
v1.1,23,2,33.759292878,5
v1.1,23,3,223.37597621,5
v1.1,24,1,112.381442893,5
v1.1,24,2,160.770158404,5
v1.1,24,3,103.837647101,5
v1.1,25,1,210.91650934,5
v1.1,25,2,326.916472687,5
v1.1,25,3,107.33785389,5
v1.1,4,1,0.002566424,5
v1.1,5,1,0.002341486,5
v1.1,6,1,0.025918609,5
v1.1,6,2,0.017573022,5
v1.1,7,1,0.029339425,5
v1.1,7,2,0.068936705,5
v1.1,8,1,0.152150263,5
v1.1,8,2,0.299206162,5
v1.1,9,1,0.55997129,5
v1.1,9,2,0.899141942,5
v1.1,9,3,0.766492614,5
v1.1,10,1,0.325854635,5
v1.1,10,2,1.087609246,5
v1.1,10,3,1.07969625,5
v1.1,11,1,0.753932264,5
v1.1,11,2,1.44115566,5
v1.1,11,3,3.47862451,5
v1.1,12,1,1.509643238,5
v1.1,12,2,3.806759108,5
v1.1,12,3,1.808875575,5
v1.1,13,1,7.848089987,5
v1.1,13,2,0.869541242,5
v1.1,13,3,4.566700496,5
v1.1,14,1,5.355436682,5
v1.1,14,2,6.309424951,5
v1.1,14,3,2.981896546,5
v1.1,15,1,10.386226096,5
v1.1,15,2,16.204614485,5
v1.1,15,3,5.572919308,5
v1.1,16,1,9.893418066,5
v1.1,16,2,7.857428708,5
v1.1,16,3,15.165218625,5
v1.1,17,1,15.599155063,5
v1.1,17,2,15.895534419,5
v1.1,17,3,2.661438624,5
v1.1,18,1,47.353528998,5
v1.1,18,2,24.514449247,5
v1.1,18,3,14.444061816,5
v1.1,19,1,24.854207849,5
v1.1,19,2,47.071190356,5
v1.1,19,3,104.683028198,5
v1.1,20,1,55.692416446,5
v1.1,20,2,15.861048354,5
v1.1,20,3,84.582575722,5
v1.1,21,1,21.003259214,5
v1.1,21,2,176.234395972,5
v1.1,21,3,168.586334117,5
v1.1,22,1,6.326961588,5
v1.1,22,2,64.245609143,5
v1.1,22,3,157.644001157,5
v1.1,23,1,6.24900493,5
v1.1,23,2,252.210420468,5
v1.1,23,3,68.14546186,5
v1.1,24,1,148.286732522,5
v1.1,24,2,79.397895562,5
v1.1,24,3,12.013551171,5
v1.1,25,1,138.368613717,5
v1.1,25,2,340.035285432,5
v1.1,25,3,17.012037106,5
v1.1,4,1,0.001979462,5
v1.1,5,1,0.036758032,5
v1.1,6,1,0.013775305,5
v1.1,6,2,0.01634282,5
v1.1,7,1,0.048022869,5
v1.1,7,2,0.015016295,5
v1.1,8,1,0.047085844,5
v1.1,8,2,0.411349543,5
v1.1,9,1,0.5148531,5
v1.1,9,2,1.002445288,5
v1.1,9,3,0.352358634,5
v1.1,10,1,1.56326175,5
v1.1,10,2,1.383321742,5
v1.1,10,3,2.396220649,5
v1.1,11,1,0.417469021,5
v1.1,11,2,1.986288706,5
v1.1,11,3,3.404163697,5
v1.1,12,1,2.710430634,5
v1.1,12,2,3.467015227,5
v1.1,12,3,13.093242759,5
v1.1,13,1,1.658873315,5
v1.1,13,2,4.26019038,5
v1.1,13,3,6.846628942,5
v1.1,14,1,5.618543272,5
v1.1,14,2,2.245871537,5
v1.1,14,3,14.73801661,5
v1.1,15,1,21.554125805,5
v1.1,15,2,10.832762912,5
v1.1,15,3,4.005474476,5
v1.1,16,1,4.465878875,5
v1.1,16,2,23.13642004,5
v1.1,16,3,24.951223116,5
v1.1,17,1,22.332067172,5
v1.1,17,2,27.492154119,5
v1.1,17,3,24.158845848,5
v1.1,18,1,9.844129075,5
v1.1,18,2,16.570909906,5
v1.1,18,3,72.367043453,5
v1.1,19,1,24.165326963,5
v1.1,19,2,24.883879184,5
v1.1,19,3,44.352912512,5
v1.1,20,1,105.249065794,5
v1.1,20,2,19.355404777,5
v1.1,20,3,17.89739645,5
v1.1,21,1,164.199337521,5
v1.1,21,2,82.614008884,5
v1.1,21,3,127.019189235,5
v1.1,22,1,237.556073615,5
v1.1,22,2,30.596189485,5
v1.1,22,3,36.47102445,5
v1.1,23,1,74.348595607,5
v1.1,23,2,216.763997345,5
v1.1,23,3,186.557003144,5
v1.1,24,1,53.654082668,5
v1.1,24,2,281.903895571,5
v1.1,24,3,418.382476146,5
v1.1,25,1,141.381453667,5
v1.1,25,2,381.549918224,5
v1.1,25,3,91.853693861,5
v1.1,4,1,0.002456237,5
v1.1,5,1,0.00491268,5
v1.1,6,1,0.011872065,5
v1.1,6,2,0.013685148,5
v1.1,7,1,0.096850358,5
v1.1,7,2,0.027359585,5
v1.1,8,1,0.244006047,5
v1.1,8,2,0.214531804,5
v1.1,9,1,0.614562562,5
v1.1,9,2,0.722008262,5
v1.1,9,3,0.529924381,5
v1.1,10,1,0.510233234,5
v1.1,10,2,0.318263323,5
v1.1,10,3,1.194937199,5
v1.1,11,1,2.729795168,5
v1.1,11,2,1.390940763,5
v1.1,11,3,1.752235531,5
v1.1,12,1,5.347101504,5
v1.1,12,2,0.311042637,5
v1.1,12,3,4.179988038,5
v1.1,13,1,5.930391096,5
v1.1,13,2,7.334197122,5
v1.1,13,3,4.625981017,5
v1.1,14,1,5.249141455,5
v1.1,14,2,8.806120962,5
v1.1,14,3,22.588741722,5
v1.1,15,1,6.524159866,5
v1.1,15,2,22.676477014,5
v1.1,15,3,8.834083658,5
v1.1,16,1,7.783580522,5
v1.1,16,2,17.369095632,5
v1.1,16,3,7.703789427,5
v1.1,17,1,31.027790948,5
v1.1,17,2,46.188120115,5
v1.1,17,3,27.959878117,5
v1.1,18,1,11.130084387,5
v1.1,18,2,18.000248895,5
v1.1,18,3,14.712042542,5
v1.1,19,1,16.618968505,5
v1.1,19,2,85.949988221,5
v1.1,19,3,130.50059137,5
v1.1,20,1,59.985933124,5
v1.1,20,2,25.981547972,5
v1.1,20,3,108.189444782,5
v1.1,21,1,111.559873399,5
v1.1,21,2,103.242956084,5
v1.1,21,3,75.786403399,5
v1.1,22,1,43.182423942,5
v1.1,22,2,110.626679902,5
v1.1,22,3,7.302582753,5
v1.1,23,1,163.305769826,5
v1.1,23,2,77.159947343,5
v1.1,23,3,142.612004796,5
v1.1,24,1,137.444602462,5
v1.1,24,2,40.01505232,5
v1.1,24,3,54.135670939,5
v1.1,25,1,232.576265443,5
v1.1,25,2,8.740642374,5
v1.1,25,3,243.228670865,5
v1.1,4,1,0.001732891,5
v1.1,5,1,0.002137383,5
v1.1,6,1,0.084640225,5
v1.1,6,2,0.016489178,5
v1.1,7,1,0.039758539,5
v1.1,7,2,0.040839507,5
v1.1,8,1,0.081092814,5
v1.1,8,2,0.262945999,5
v1.1,9,1,0.251379297,5
v1.1,9,2,0.788983242,5
v1.1,10,1,0.963766278,5
v1.1,10,2,2.35272206,5
v1.1,10,3,1.537761105,5
v1.1,11,1,2.012978997,5
v1.1,11,2,2.618913493,5
v1.1,11,3,1.540114404,5
v1.1,12,1,3.162341113,5
v1.1,12,2,4.245618116,5
v1.1,12,3,0.480811957,5
v1.1,13,1,2.303949259,5
v1.1,13,2,0.43087994,5
v1.1,13,3,8.904560916,5
v1.1,14,1,1.940162385,5
v1.1,14,2,10.527679619,5
v1.1,14,3,5.560313056,5
v1.1,15,1,2.80737,5
v1.1,15,2,11.499867435,5
v1.1,15,3,18.956131182,5
v1.1,16,1,10.883151323,5
v1.1,16,2,19.711195714,5
v1.1,16,3,10.577965862,5
v1.1,17,1,48.428335388,5
v1.1,17,2,40.763042877,5
v1.1,17,3,44.298238521,5
v1.1,18,1,23.360479718,5
v1.1,18,2,46.86427517,5
v1.1,18,3,9.625866163,5
v1.1,19,1,9.798004505,5
v1.1,19,2,105.380837932,5
v1.1,19,3,53.639118146,5
v1.1,20,1,44.432389592,5
v1.1,20,2,85.214223365,5
v1.1,20,3,8.253006894,5
v1.1,21,1,102.8260551,5
v1.1,21,2,122.924057846,5
v1.1,21,3,140.75168712,5
v1.1,22,1,8.958669415,5
v1.1,22,2,189.450846895,5
v1.1,22,3,137.481650159,5
v1.1,23,1,183.393259242,5
v1.1,23,2,138.924079051,5
v1.1,23,3,72.704220307,5
v1.1,24,1,181.132341065,5
v1.1,24,2,111.374124102,5
v1.1,24,3,116.025052981,5
v1.1,25,1,10.497248351,5
v1.1,25,2,451.781064531,5
v1.1,25,3,252.268252646,5
v1.1,4,1,0.002223911,5
v1.1,5,1,0.003293485,5
v1.1,6,1,0.025034484,5
v1.1,6,2,0.033759439,5
v1.1,7,1,0.128495624,5
v1.1,7,2,0.034354632,5
v1.1,8,1,0.182026995,5
v1.1,8,2,0.266888685,5
v1.1,9,1,0.34154427,5
v1.1,9,2,0.564409323,5
v1.1,9,3,0.640307954,5
v1.1,10,1,1.381506159,5
v1.1,10,2,0.813189363,5
v1.1,10,3,0.936326132,5
v1.1,11,1,0.123456869,5
v1.1,11,2,1.983301531,5
v1.1,11,3,4.055196699,5
v1.1,12,1,2.277576019,5
v1.1,12,2,3.379711309,5
v1.1,12,3,5.752151044,5
v1.1,13,1,3.763265178,5
v1.1,13,2,2.571789743,5
v1.1,13,3,8.888217127,5
v1.1,14,1,9.579878552,5
v1.1,14,2,8.606328362,5
v1.1,14,3,25.252565797,5
v1.1,15,1,4.848363001,5
v1.1,15,2,19.391082914,5
v1.1,15,3,17.053208355,5
v1.1,16,1,20.134224835,5
v1.1,16,2,15.775517451,5
v1.1,16,3,32.609761993,5
v1.1,17,1,6.53770383,5
v1.1,17,2,25.388724671,5
v1.1,17,3,3.13963107,5
v1.1,18,1,43.846627956,5
v1.1,18,2,82.970846642,5
v1.1,18,3,33.528721243,5
v1.1,19,1,46.345637366,5
v1.1,19,2,30.720662435,5
v1.1,19,3,11.322804704,5
v1.1,20,1,44.895229071,5
v1.1,20,2,33.578835596,5
v1.1,20,3,36.997818455,5
v1.1,21,1,95.4196091,5
v1.1,21,2,62.060097573,5
v1.1,21,3,82.495767866,5
v1.1,22,1,28.219946701,5
v1.1,22,2,211.554650659,5
v1.1,22,3,135.263242888,5
v1.1,23,1,174.125029925,5
v1.1,23,2,74.962582387,5
v1.1,23,3,99.658889127,5
v1.1,24,1,173.638955292,5
v1.1,24,2,106.271531678,5
v1.1,24,3,207.432435335,5
v1.1,25,1,176.483509378,5
v1.1,25,2,245.525580615,5
v1.1,25,3,355.013185466,5
v1.1,4,1,0.001687591,5
v1.1,5,1,0.003935167,5
v1.1,6,1,0.019130172,5
v1.1,7,1,0.101262453,5
v1.1,7,2,0.049613617,5
v1.1,8,1,0.212494222,5
v1.1,8,2,0.276235322,5
v1.1,9,1,0.360913849,5
v1.1,9,2,0.217839727,5
v1.1,9,3,0.365696853,5
v1.1,10,1,1.461997003,5
v1.1,10,2,1.93049852,5
v1.1,10,3,0.88902202,5
v1.1,11,1,0.966017968,5
v1.1,11,2,1.538634124,5
v1.1,11,3,2.030522183,5
v1.1,12,1,1.36089848,5
v1.1,12,2,2.297309836,5
v1.1,12,3,8.916314165,5
v1.1,13,1,3.077527072,5
v1.1,13,2,4.027439032,5
v1.1,13,3,5.397322152,5
v1.1,14,1,5.776695118,5
v1.1,14,2,19.28004435,5
v1.1,14,3,14.576075462,5
v1.1,15,1,9.442659114,5
v1.1,15,2,11.71298798,5
v1.1,15,3,1.177212222,5
v1.1,16,1,11.00826182,5
v1.1,16,2,13.374674701,5
v1.1,16,3,4.350557374,5
v1.1,17,1,21.186532309,5
v1.1,17,2,40.634998154,5
v1.1,17,3,10.121762781,5
v1.1,18,1,39.468406188,5
v1.1,18,2,75.133518572,5
v1.1,18,3,40.47827486,5
v1.1,19,1,24.490453588,5
v1.1,19,2,33.879536563,5
v1.1,19,3,67.597899798,5
v1.1,20,1,101.481847015,5
v1.1,20,2,97.426976145,5
v1.1,20,3,57.064936985,5
v1.1,21,1,6.581782534,5
v1.1,21,2,149.213777406,5
v1.1,21,3,87.145658994,5
v1.1,22,1,139.830463594,5
v1.1,22,2,252.821922876,5
v1.1,22,3,249.860803064,5
v1.1,23,1,132.256029537,5
v1.1,23,2,135.533334396,5
v1.1,23,3,290.252911634,5
v1.1,24,1,342.600923284,5
v1.1,24,2,123.948008625,5
v1.1,24,3,140.800587411,5
v1.1,25,1,48.159411327,5
v1.1,25,2,14.329629127,5
v1.1,25,3,302.940625952,5
v1.1,4,1,0.002427559,5
v1.1,5,1,0.008352937,5
v1.1,6,1,0.015864051,5
v1.1,6,2,0.02255087,5
v1.1,7,1,0.037632473,5
v1.1,7,2,0.108353026,5
v1.1,8,1,0.321651422,5
v1.1,8,2,0.525030162,5
v1.1,9,1,0.462103323,5
v1.1,9,2,0.952303213,5
v1.1,9,3,1.083360096,5
v1.1,10,1,0.667674544,5
v1.1,10,2,1.740053604,5
v1.1,10,3,1.925224097,5
v1.1,11,1,1.033384923,5
v1.1,11,2,0.753640028,5
v1.1,11,3,0.84644006,5
v1.1,12,1,1.011627016,5
v1.1,12,2,4.442507042,5
v1.1,12,3,4.653334237,5
v1.1,13,1,4.218074216,5
v1.1,13,2,8.673192453,5
v1.1,13,3,6.760546015,5
v1.1,14,1,5.972622821,5
v1.1,14,2,2.577103642,5
v1.1,14,3,9.532781738,5
v1.1,15,1,3.835338393,5
v1.1,15,2,20.930051336,5
v1.1,15,3,16.92855927,5
v1.1,16,1,4.214592467,5
v1.1,16,2,16.629959496,5
v1.1,16,3,18.332383869,5
v1.1,17,1,8.954426253,5
v1.1,17,2,17.913899103,5
v1.1,17,3,31.397471,5
v1.1,18,1,24.477837133,5
v1.1,18,2,12.011966812,5
v1.1,18,3,27.533657269,5
v1.1,19,1,27.871042062,5
v1.1,19,2,23.864639402,5
v1.1,19,3,66.703717242,5
v1.1,20,1,4.382329311,5
v1.1,20,2,23.334107161,5
v1.1,20,3,41.711019882,5
v1.1,21,1,106.446660472,5
v1.1,21,2,99.668349857,5
v1.1,21,3,210.095893837,5
v1.1,22,1,74.996571345,5
v1.1,22,2,133.286771712,5
v1.1,22,3,207.719635914,5
v1.1,23,1,102.252869828,5
v1.1,23,2,356.430997233,5
v1.1,23,3,108.7395363,5
v1.1,24,1,26.921103149,5
v1.1,24,2,46.29003481,5
v1.1,24,3,76.844706097,5
v1.1,25,1,75.286143703,5
v1.1,25,2,101.515578165,5
v1.1,25,3,462.865598638,5
v1.1,4,1,0.002618522,5
v1.1,5,1,0.004021903,5
v1.1,6,1,0.01817938,5
v1.1,6,2,0.016416661,5
v1.1,7,1,0.029626445,5
v1.1,7,2,0.069431307,5
v1.1,8,1,0.07159978,5
v1.1,8,2,0.262761874,5
v1.1,9,1,0.209827723,5
v1.1,9,2,0.287885954,5
v1.1,9,3,0.533844606,5
v1.1,10,1,1.03203207,5
v1.1,10,2,0.614654309,5
v1.1,10,3,0.670799132,5
v1.1,11,1,0.895468479,5
v1.1,11,2,2.402686057,5
v1.1,11,3,1.750658968,5
v1.1,12,1,4.143131888,5
v1.1,12,2,3.16083291,5
v1.1,12,3,7.240201593,5
v1.1,13,1,5.489068163,5
v1.1,13,2,4.608146603,5
v1.1,13,3,3.535651491,5
v1.1,14,1,2.446601864,5
v1.1,14,2,4.550890065,5
v1.1,14,3,2.457378705,5
v1.1,15,1,6.428370777,5
v1.1,15,2,3.041416509,5
v1.1,15,3,7.020971099,5
v1.1,16,1,12.251765024,5
v1.1,16,2,12.814546496,5
v1.1,16,3,55.932351036,5
v1.1,17,1,11.880348715,5
v1.1,17,2,61.648280117,5
v1.1,17,3,37.552229002,5
v1.1,18,1,58.353460067,5
v1.1,18,2,67.74394764,5
v1.1,18,3,99.240743408,5
v1.1,19,1,30.878764482,5
v1.1,19,2,46.474602587,5
v1.1,19,3,80.401027672,5
v1.1,20,1,21.198891888,5
v1.1,20,2,75.723229597,5
v1.1,20,3,38.06219504,5
v1.1,21,1,132.411508681,5
v1.1,21,2,62.4474507,5
v1.1,21,3,6.949988833,5
v1.1,22,1,120.752198058,5
v1.1,22,2,180.676938345,5
v1.1,22,3,132.389572795,5
v1.1,23,1,144.666835147,5
v1.1,23,2,145.92119645,5
v1.1,23,3,37.974002625,5
v1.1,24,1,6.800437536,5
v1.1,24,2,178.630147062,5
v1.1,24,3,73.691317896,5
v1.1,25,1,317.102494761,5
v1.1,25,2,237.124687582,5
v1.1,25,3,60.322363272,5
v1.1,4,1,0.001881291,5
v1.1,5,1,0.003070065,5
v1.1,6,1,0.011589943,5
v1.1,6,2,0.00534887,5
v1.1,7,1,0.027025812,5
v1.1,7,2,0.039558439,5
v1.1,8,1,0.186421642,5
v1.1,8,2,0.298272534,5
v1.1,9,1,0.692423821,5
v1.1,9,2,1.302306467,5
v1.1,9,3,1.112889038,5
v1.1,10,1,0.113602008,5
v1.1,10,2,0.610424189,5
v1.1,10,3,1.051407619,5
v1.1,11,1,2.590971704,5
v1.1,11,2,2.126150257,5
v1.1,11,3,1.724654542,5
v1.1,12,1,0.776519242,5
v1.1,12,2,1.107911299,5
v1.1,12,3,6.869005548,5
v1.1,13,1,3.52089235,5
v1.1,13,2,3.768583107,5
v1.1,13,3,11.472004232,5
v1.1,14,1,2.783170271,5
v1.1,14,2,7.922305506,5
v1.1,14,3,1.019520575,5
v1.1,15,1,13.510852174,5
v1.1,15,2,13.100821428,5
v1.1,15,3,11.101253314,5
v1.1,16,1,25.517405239,5
v1.1,16,2,20.681916156,5
v1.1,16,3,16.044157011,5
v1.1,17,1,15.039765054,5
v1.1,17,2,21.106164158,5
v1.1,17,3,42.040482053,5
v1.1,18,1,24.609880559,5
v1.1,18,2,19.364544339,5
v1.1,18,3,29.793583883,5
v1.1,19,1,25.964984431,5
v1.1,19,2,20.401426044,5
v1.1,19,3,90.597039265,5
v1.1,20,1,38.512239222,5
v1.1,20,2,4.536556053,5
v1.1,20,3,127.70834679,5
v1.1,21,1,57.03809642,5
v1.1,21,2,122.69239796,5
v1.1,21,3,100.462528689,5
v1.1,22,1,117.639005631,5
v1.1,22,2,69.323184509,5
v1.1,22,3,88.532464751,5
v1.1,23,1,71.687832001,5
v1.1,23,2,66.120576746,5
v1.1,23,3,114.391038079,5
v1.1,24,1,197.862452019,5
v1.1,24,2,108.827131573,5
v1.1,24,3,124.936976916,5
v1.1,25,1,223.621848303,5
v1.1,25,2,88.80506899,5
v1.1,25,3,264.917467704,5
v1.1,4,1,0.002147828,5
v1.1,5,1,0.006699293,5
v1.1,6,1,0.038906339,5
v1.1,6,2,0.049064027,5
v1.1,7,1,0.120391753,5
v1.1,7,2,0.059030364,5
v1.1,8,1,0.172026475,5
v1.1,8,2,0.167956826,5
v1.1,9,1,0.294832853,5
v1.1,9,2,1.613771245,5
v1.1,9,3,1.325141564,5
v1.1,10,1,0.362444208,5
v1.1,10,2,1.790219332,5
v1.1,10,3,1.112430856,5
v1.1,11,1,2.326345964,5
v1.1,11,2,3.849380004,5
v1.1,11,3,0.933028796,5
v1.1,12,1,2.959075047,5
v1.1,12,2,2.371032252,5
v1.1,12,3,9.376900325,5
v1.1,13,1,5.221997608,5
v1.1,13,2,1.543139184,5
v1.1,13,3,1.913809851,5
v1.1,14,1,3.209375498,5
v1.1,14,2,5.689530004,5
v1.1,14,3,0.812837408,5
v1.1,15,1,4.40532768,5
v1.1,15,2,10.363487845,5
v1.1,15,3,30.38600963,5
v1.1,16,1,24.475830673,5
v1.1,16,2,5.589521142,5
v1.1,16,3,16.756595373,5
v1.1,17,1,11.993563932,5
v1.1,17,2,7.144535356,5
v1.1,17,3,43.584567422,5
v1.1,18,1,46.282241242,5
v1.1,18,2,39.956704921,5
v1.1,18,3,63.209727324,5
v1.1,19,1,40.166736158,5
v1.1,19,2,40.226699093,5
v1.1,19,3,64.916010765,5
v1.1,20,1,39.297198795,5
v1.1,20,2,14.261404048,5
v1.1,20,3,5.190506047,5
v1.1,21,1,31.481078165,5
v1.1,21,2,92.457650479,5
v1.1,21,3,153.972246042,5
v1.1,22,1,4.918047588,5
v1.1,22,2,56.447181291,5
v1.1,22,3,93.06149871,5
v1.1,23,1,7.016945106,5
v1.1,23,2,58.823153873,5
v1.1,23,3,75.812435356,5
v1.1,24,1,41.70780794,5
v1.1,24,2,81.578233675,5
v1.1,24,3,36.756151921,5
v1.1,25,1,244.597244806,5
v1.1,25,2,36.68442154,5
v1.1,25,3,130.581054676,5
v1.1,4,1,0.001694666,5
v1.1,5,1,0.003340168,5
v1.1,6,1,0.006012899,5
v1.1,6,2,0.025268407,5
v1.1,7,1,0.019191844,5
v1.1,7,2,0.037705973,5
v1.1,8,1,0.122115342,5
v1.1,8,2,0.333834459,5
v1.1,9,1,0.180748705,5
v1.1,9,2,0.677535289,5
v1.1,9,3,0.733992072,5
v1.1,10,1,1.53048337,5
v1.1,10,2,0.994986676,5
v1.1,10,3,1.064930134,5
v1.1,11,1,2.452934423,5
v1.1,11,2,1.152928635,5
v1.1,11,3,1.377564117,5
v1.1,12,1,1.73177621,5
v1.1,12,2,4.739895825,5
v1.1,12,3,1.7506199,5
v1.1,13,1,1.792076832,5
v1.1,13,2,4.223573,5
v1.1,13,3,3.254690708,5
v1.1,14,1,5.916893704,5
v1.1,14,2,8.270414372,5
v1.1,14,3,12.827773104,5
v1.1,15,1,8.364884679,5
v1.1,15,2,9.289290082,5
v1.1,15,3,13.676545222,5
v1.1,16,1,15.019290058,5
v1.1,16,2,7.068875244,5
v1.1,16,3,26.181182741,5
v1.1,17,1,32.620622599,5
v1.1,17,2,10.48207067,5
v1.1,17,3,27.722197134,5
v1.1,18,1,12.96614359,5
v1.1,18,2,33.396497774,5
v1.1,18,3,57.579018811,5
v1.1,19,1,53.392467584,5
v1.1,19,2,11.681869185,5
v1.1,19,3,32.785406381,5
v1.1,20,1,40.570580972,5
v1.1,20,2,59.100774677,5
v1.1,20,3,21.920040713,5
v1.1,21,1,48.949717716,5
v1.1,21,2,39.457828577,5
v1.1,21,3,63.241880818,5
v1.1,22,1,51.326833822,5
v1.1,22,2,151.469025936,5
v1.1,22,3,157.958948909,5
v1.1,23,1,241.794866546,5
v1.1,23,2,127.954197405,5
v1.1,23,3,131.962348614,5
v1.1,24,1,51.539212663,5
v1.1,24,2,42.572314097,5
v1.1,24,3,8.645029917,5
v1.1,25,1,155.249725229,5
v1.1,25,2,74.918088877,5
v1.1,25,3,123.36979451,5
v1.1,4,1,0.001411108,5
v1.1,5,1,0.005436484,5
v1.1,6,1,0.008748567,5
v1.1,6,2,0.04230131,5
v1.1,7,1,0.043059179,5
v1.1,7,2,0.058108791,5
v1.1,8,1,0.034684484,5
v1.1,8,2,0.120141619,5
v1.1,9,1,0.612944698,5
v1.1,9,2,0.423938682,5
v1.1,9,3,1.136558116,5
v1.1,10,1,0.56189499,5
v1.1,10,2,0.142005792,5
v1.1,10,3,2.212964404,5
v1.1,11,1,0.91182786,5
v1.1,11,2,1.630102635,5
v1.1,11,3,1.350591819,5
v1.1,12,1,2.272884096,5
v1.1,12,2,0.774352991,5
v1.1,12,3,4.070824327,5
v1.1,13,1,1.829901584,5
v1.1,13,2,6.735561486,5
v1.1,13,3,5.049525527,5
v1.1,14,1,7.863141858,5
v1.1,14,2,4.214793869,5
v1.1,14,3,2.188889555,5
v1.1,15,1,5.128504085,5
v1.1,15,2,9.044025944,5
v1.1,15,3,15.550894197,5
v1.1,16,1,8.150899152,5
v1.1,16,2,10.819079221,5
v1.1,16,3,8.750672491,5
v1.1,17,1,12.940100499,5
v1.1,17,2,20.989728722,5
v1.1,17,3,32.005368063,5
v1.1,18,1,48.774151493,5
v1.1,18,2,14.234056763,5
v1.1,18,3,29.501908005,5
v1.1,19,1,32.124423242,5
v1.1,19,2,17.49706455,5
v1.1,19,3,120.393699372,5
v1.1,20,1,62.046937638,5
v1.1,20,2,26.712141484,5
v1.1,20,3,5.54683781,5
v1.1,21,1,47.038919501,5
v1.1,21,2,5.843465446,5
v1.1,21,3,187.533403346,5
v1.1,22,1,96.587137034,5
v1.1,22,2,107.721380537,5
v1.1,22,3,43.149463381,5
v1.1,23,1,20.52805801,5
v1.1,23,2,206.496474495,5
v1.1,23,3,7.579264176,5
v1.1,24,1,127.974454499,5
v1.1,24,2,77.400165479,5
v1.1,24,3,110.973786886,5
v1.1,25,1,71.112970361,5
v1.1,25,2,143.20055323,5
v1.1,25,3,59.410035204,5
v1.1,4,1,0.001640501,5
v1.1,5,1,0.004346799,5
v1.1,6,1,0.009260396,5
v1.1,6,2,0.028575306,5
v1.1,7,1,0.022314607,5
v1.1,7,2,0.154597645,5
v1.1,8,1,0.211877224,5
v1.1,8,2,0.230597875,5
v1.1,9,1,0.229811167,5
v1.1,9,2,0.412670508,5
v1.1,9,3,0.354718243,5
v1.1,10,1,0.978007998,5
v1.1,10,2,2.15889632,5
v1.1,10,3,0.555043817,5
v1.1,11,1,1.140005652,5
v1.1,11,2,2.996926445,5
v1.1,11,3,3.246166183,5
v1.1,12,1,1.257984711,5
v1.1,12,2,3.896493396,5
v1.1,12,3,4.971631337,5
v1.1,13,1,3.384120676,5
v1.1,13,2,18.943564121,5
v1.1,13,3,2.718281905,5
v1.1,14,1,17.467025315,5
v1.1,14,2,13.984667394,5
v1.1,14,3,12.65388616,5
v1.1,15,1,13.199975119,5
v1.1,15,2,27.91747891,5
v1.1,15,3,10.250819683,5
v1.1,16,1,23.664688296,5
v1.1,16,2,17.191623574,5
v1.1,16,3,55.231014285,5
v1.1,17,1,20.096255613,5
v1.1,17,2,11.680237619,5
v1.1,17,3,2.819318518,5
v1.1,18,1,22.964863453,5
v1.1,18,2,43.557075385,5
v1.1,18,3,18.358695426,5
v1.1,19,1,38.095359724,5
v1.1,19,2,14.545132216,5
v1.1,19,3,25.148770044,5
v1.1,20,1,120.270628615,5
v1.1,20,2,54.847783291,5
v1.1,20,3,88.878334907,5
v1.1,21,1,63.516753368,5
v1.1,21,2,137.221131578,5
v1.1,21,3,175.349585199,5
v1.1,22,1,101.49060818,5
v1.1,22,2,59.080810516,5
v1.1,22,3,67.024872105,5
v1.1,23,1,116.787794083,5
v1.1,23,2,65.78774939,5
v1.1,23,3,183.234420409,5
v1.1,24,1,83.601725168,5
v1.1,24,2,69.528110672,5
v1.1,24,3,303.184584358,5
v1.1,25,1,57.834673617,5
v1.1,25,2,174.34021304,5
v1.1,25,3,426.162487995,5
v1.1,4,1,0.001483866,5
v1.1,5,1,0.005624143,5
v1.1,6,1,0.052157324,5
v1.1,6,2,0.028427677,5
v1.1,7,1,0.030506377,5
v1.1,7,2,0.087542826,5
v1.1,8,1,0.329926993,5
v1.1,8,2,0.258075365,5
v1.1,9,1,0.355989321,5
v1.1,9,2,0.343132278,5
v1.1,9,3,0.559136553,5
v1.1,10,1,0.273045808,5
v1.1,10,2,0.140577464,5
v1.1,10,3,0.821710261,5
v1.1,11,1,1.0724791,5
v1.1,11,2,3.083767872,5
v1.1,11,3,0.267376853,5
v1.1,12,1,2.293272076,5
v1.1,12,2,3.08244801,5
v1.1,12,3,2.52339222,5
v1.1,13,1,1.728766771,5
v1.1,13,2,5.279986805,5
v1.1,13,3,7.496724152,5
v1.1,14,1,2.910386555,5
v1.1,14,2,5.238365026,5
v1.1,14,3,4.951232051,5
v1.1,15,1,3.171090489,5
v1.1,15,2,14.156579395,5
v1.1,15,3,18.762462506,5
v1.1,16,1,5.412747758,5
v1.1,16,2,19.715017393,5
v1.1,16,3,9.662628557,5
v1.1,17,1,22.332752707,5
v1.1,17,2,9.113546162,5
v1.1,17,3,27.339980261,5
v1.1,18,1,2.30007148,5
v1.1,18,2,34.030103667,5
v1.1,18,3,8.433766408,5
v1.1,19,1,36.062602449,5
v1.1,19,2,6.456999992,5
v1.1,19,3,22.25484893,5
v1.1,20,1,22.712107102,5
v1.1,20,2,37.96573618,5
v1.1,20,3,57.578887198,5
v1.1,21,1,9.1605209,5
v1.1,21,2,161.261181726,5
v1.1,21,3,94.083168038,5
v1.1,22,1,129.59154102,5
v1.1,22,2,7.180136997,5
v1.1,22,3,188.477274692,5
v1.1,23,1,59.468462616,5
v1.1,23,2,28.962880825,5
v1.1,23,3,189.508576974,5
v1.1,24,1,81.353306025,5
v1.1,24,2,303.59001032,5
v1.1,24,3,141.298203639,5
v1.1,25,1,125.962897982,5
v1.1,25,2,92.997506586,5
v1.1,25,3,370.384332965,5
v1.1,4,1,0.001902999,5
v1.1,5,1,0.004412376,5
v1.1,6,1,0.013657205,5
v1.1,6,2,0.012916105,5
v1.1,7,1,0.037261849,5
v1.1,7,2,0.123079964,5
v1.1,8,1,0.22731871,5
v1.1,8,2,0.105058163,5
v1.1,9,1,0.282352362,5
v1.1,9,2,0.885278319,5
v1.1,9,3,0.425184224,5
v1.1,10,1,0.318445343,5
v1.1,10,2,2.027302525,5
v1.1,10,3,0.836138132,5
v1.1,11,1,2.521566087,5
v1.1,11,2,1.52156732,5
v1.1,11,3,0.872044181,5
v1.1,12,1,1.906596443,5
v1.1,12,2,0.979185668,5
v1.1,12,3,5.019678257,5
v1.1,13,1,3.903697773,5
v1.1,13,2,4.816354124,5
v1.1,13,3,1.539493129,5
v1.1,14,1,6.81522806,5
v1.1,14,2,5.203557846,5
v1.1,14,3,10.535666171,5
v1.1,15,1,8.101204364,5
v1.1,15,2,4.461889305,5
v1.1,15,3,20.83092693,5
v1.1,16,1,11.426567004,5
v1.1,16,2,15.003450594,5
v1.1,16,3,41.450572182,5
v1.1,17,1,17.670532165,5
v1.1,17,2,18.782960951,5
v1.1,17,3,39.005295863,5
v1.1,18,1,42.386130996,5
v1.1,18,2,64.624066701,5
v1.1,18,3,44.503309999,5
v1.1,19,1,26.882001244,5
v1.1,19,2,47.160611448,5
v1.1,19,3,13.440450231,5
v1.1,20,1,2.577213582,5
v1.1,20,2,62.029085113,5
v1.1,20,3,43.689049078,5
v1.1,21,1,62.828884501,5
v1.1,21,2,31.155360897,5
v1.1,21,3,113.329409278,5
v1.1,22,1,139.8042688,5
v1.1,22,2,25.905104193,5
v1.1,22,3,57.634552149,5
v1.1,23,1,23.507786542,5
v1.1,23,2,194.46884974,5
v1.1,23,3,38.567062762,5
v1.1,24,1,200.385572465,5
v1.1,24,2,85.147992599,5
v1.1,24,3,53.721155252,5
v1.1,25,1,363.230599027,5
v1.1,25,2,160.033542716,5
v1.1,25,3,320.40548656,5
v1.1,4,1,0.002133491,5
v1.1,5,1,0.002828347,5
v1.1,6,1,0.01049424,5
v1.1,6,2,0.063954384,5
v1.1,7,1,0.02084112,5
v1.1,7,2,0.218490984,5
v1.1,8,1,0.134864172,5
v1.1,8,2,0.151296059,5
v1.1,9,1,0.36432497,5
v1.1,9,2,0.356522346,5
v1.1,9,3,0.620201836,5
v1.1,10,1,0.252457885,5
v1.1,10,2,0.940758441,5
v1.1,10,3,0.779395574,5
v1.1,11,1,1.617531377,5
v1.1,11,2,0.765693362,5
v1.1,11,3,1.796004715,5
v1.1,12,1,3.55211891,5
v1.1,12,2,2.117666438,5
v1.1,12,3,5.446127315,5
v1.1,13,1,2.669629219,5
v1.1,13,2,5.827611362,5
v1.1,13,3,8.432448814,5
v1.1,14,1,10.049152692,5
v1.1,14,2,2.919231826,5
v1.1,14,3,6.532472785,5
v1.1,15,1,2.797873923,5
v1.1,15,2,8.798113008,5
v1.1,15,3,1.186674394,5
v1.1,16,1,16.185720508,5
v1.1,16,2,5.610012972,5
v1.1,16,3,41.800679857,5
v1.1,17,1,5.612954537,5
v1.1,17,2,33.686698713,5
v1.1,17,3,30.011288518,5
v1.1,18,1,24.557980885,5
v1.1,18,2,27.915086625,5
v1.1,18,3,10.624727746,5
v1.1,19,1,9.212003849,5
v1.1,19,2,50.527378624,5
v1.1,19,3,64.36750656,5
v1.1,20,1,28.210529044,5
v1.1,20,2,18.500276451,5
v1.1,20,3,42.58023951,5
v1.1,21,1,154.732099107,5
v1.1,21,2,15.250518782,5
v1.1,21,3,54.430304671,5
v1.1,22,1,181.850358963,5
v1.1,22,2,193.952062651,5
v1.1,22,3,46.02939672,5
v1.1,23,1,99.049162792,5
v1.1,23,2,55.545433252,5
v1.1,23,3,202.716992759,5
v1.1,24,1,213.18172813,5
v1.1,24,2,186.388345336,5
v1.1,24,3,51.791246997,5
v1.1,25,1,172.144538272,5
v1.1,25,2,110.460819614,5
v1.1,25,3,463.754239747,5
v1.1,4,1,0.003325378,5
v1.1,5,1,0.002966114,5
v1.1,6,1,0.007455451,5
v1.1,6,2,0.018678713,5
v1.1,7,1,0.101114023,5
v1.1,7,2,0.08617575,5
v1.1,8,1,0.152872594,5
v1.1,8,2,0.197333538,5
v1.1,9,1,0.954484111,5
v1.1,9,2,0.390575435,5
v1.1,9,3,0.676224181,5
v1.1,10,1,0.922525342,5
v1.1,10,2,1.05345091,5
v1.1,10,3,1.080361075,5
v1.1,11,1,1.101240359,5
v1.1,11,2,2.591284211,5
v1.1,11,3,4.367326121,5
v1.1,12,1,3.404547592,5
v1.1,12,2,2.766435524,5
v1.1,12,3,8.264843245,5
v1.1,13,1,3.011379818,5
v1.1,13,2,3.704514563,5
v1.1,13,3,3.244047532,5
v1.1,14,1,0.596418978,5
v1.1,14,2,1.546568958,5
v1.1,14,3,10.612791202,5
v1.1,15,1,8.980559637,5
v1.1,15,2,6.913602596,5
v1.1,15,3,8.591278918,5
v1.1,16,1,5.591508063,5
v1.1,16,2,19.057605701,5
v1.1,16,3,22.212733252,5
v1.1,17,1,56.377225649,5
v1.1,17,2,17.117890494,5
v1.1,17,3,43.110761301,5
v1.1,18,1,10.027593281,5
v1.1,18,2,20.841443476,5
v1.1,18,3,23.205157436,5
v1.1,19,1,50.232451801,5
v1.1,19,2,39.646563626,5
v1.1,19,3,19.78383046,5
v1.1,20,1,64.26221978,5
v1.1,20,2,39.659130869,5
v1.1,20,3,69.98955762,5
v1.1,21,1,22.769044495,5
v1.1,21,2,91.0850042,5
v1.1,21,3,56.85906704,5
v1.1,22,1,56.821418678,5
v1.1,22,2,72.557089068,5
v1.1,22,3,55.589479537,5
v1.1,23,1,148.08162505,5
v1.1,23,2,45.202692438,5
v1.1,23,3,60.522528133,5
v1.1,24,1,163.947940341,5
v1.1,24,2,69.200091568,5
v1.1,24,3,11.2905204,5
v1.1,25,1,54.148767457,5
v1.1,25,2,242.162179057,5
v1.1,25,3,164.73038238,5
v1.1,4,1,0.002145116,5
v1.1,5,1,0.001678317,5
v1.1,6,1,0.010660065,5
v1.1,6,2,0.016883482,5
v1.1,7,1,0.029284065,5
v1.1,7,2,0.194223073,5
v1.1,8,1,0.114115657,5
v1.1,8,2,0.184833216,5
v1.1,9,1,0.221168199,5
v1.1,9,2,0.584689453,5
v1.1,9,3,0.854847116,5
v1.1,10,1,0.390524368,5
v1.1,10,2,0.843264156,5
v1.1,10,3,0.772677436,5
v1.1,11,1,0.583543255,5
v1.1,11,2,0.888526322,5
v1.1,11,3,1.469839849,5
v1.1,12,1,1.258370562,5
v1.1,12,2,1.80149893,5
v1.1,12,3,3.26811259,5
v1.1,13,1,6.004518333,5
v1.1,13,2,3.455269032,5
v1.1,13,3,2.382194303,5
v1.1,14,1,2.337895616,5
v1.1,14,2,1.343286098,5
v1.1,14,3,28.052206766,5
v1.1,15,1,3.469104889,5
v1.1,15,2,28.155682029,5
v1.1,15,3,16.99224015,5
v1.1,16,1,7.097014049,5
v1.1,16,2,6.694030502,5
v1.1,16,3,29.028955425,5
v1.1,17,1,19.979832712,5
v1.1,17,2,9.862555969,5
v1.1,17,3,31.723545381,5
v1.1,18,1,13.879013914,5
v1.1,18,2,21.939652901,5
v1.1,18,3,95.414734422,5
v1.1,19,1,26.395819892,5
v1.1,19,2,45.579558528,5
v1.1,19,3,52.819553025,5
v1.1,20,1,62.507769582,5
v1.1,20,2,96.475462847,5
v1.1,20,3,43.889360257,5
v1.1,21,1,53.814730125,5
v1.1,21,2,34.431593845,5
v1.1,21,3,71.353111008,5
v1.1,22,1,117.656111128,5
v1.1,22,2,42.977020787,5
v1.1,22,3,69.929676682,5
v1.1,23,1,51.418476089,5
v1.1,23,2,102.558702853,5
v1.1,23,3,107.651803567,5
v1.1,24,1,127.460191903,5
v1.1,24,2,289.080508393,5
v1.1,24,3,219.868008746,5
v1.1,25,1,300.78425635,5
v1.1,25,2,313.55256357,5
v1.1,25,3,178.541833931,5
v1.1,4,1,0.001321314,5
v1.1,5,1,0.032658424,5
v1.1,6,1,0.007316144,5
v1.1,6,2,0.026674385,5
v1.1,7,1,0.085122456,5
v1.1,7,2,0.037931325,5
v1.1,8,1,0.199818111,5
v1.1,8,2,0.281017818,5
v1.1,9,1,0.278563017,5
v1.1,9,2,0.212773469,5
v1.1,9,3,0.885366638,5
v1.1,10,1,0.270770914,5
v1.1,10,2,2.2398013,5
v1.1,10,3,0.931375995,5
v1.1,11,1,1.812053528,5
v1.1,11,2,1.194342847,5
v1.1,11,3,1.157321694,5
v1.1,12,1,1.14114029,5
v1.1,12,2,6.768725335,5
v1.1,12,3,4.503435844,5
v1.1,13,1,8.61887317,5
v1.1,13,2,4.80981711,5
v1.1,13,3,0.553250347,5
v1.1,14,1,4.114472384,5
v1.1,14,2,3.913505456,5
v1.1,14,3,15.136928528,5
v1.1,15,1,6.429171233,5
v1.1,15,2,4.428728806,5
v1.1,15,3,1.332618746,5
v1.1,16,1,8.071942114,5
v1.1,16,2,5.210909369,5
v1.1,16,3,20.687238167,5
v1.1,17,1,1.406759737,5
v1.1,17,2,42.471602494,5
v1.1,17,3,27.897462946,5
v1.1,18,1,51.11628159,5
v1.1,18,2,50.259030465,5
v1.1,18,3,9.949845846,5
v1.1,19,1,53.348194398,5
v1.1,19,2,50.987582172,5
v1.1,19,3,45.98300596,5
v1.1,20,1,29.407598028,5
v1.1,20,2,81.338225361,5
v1.1,20,3,5.140755304,5
v1.1,21,1,91.78995756,5
v1.1,21,2,46.140521497,5
v1.1,21,3,96.036056557,5
v1.1,22,1,31.221242477,5
v1.1,22,2,157.774237871,5
v1.1,22,3,111.491791365,5
v1.1,23,1,107.861991992,5
v1.1,23,2,29.065958427,5
v1.1,23,3,37.55241091,5
v1.1,24,1,158.579882068,5
v1.1,24,2,167.30239601,5
v1.1,24,3,12.315429782,5
v1.1,25,1,478.949337832,5
v1.1,25,2,135.158738558,5
v1.1,25,3,418.014247452,5
v1.1,4,1,0.002760691,5
v1.1,5,1,0.004152115,5
v1.1,6,1,0.069627647,5
v1.1,6,2,0.027579583,5
v1.1,7,1,0.030264988,5
v1.1,7,2,0.132392208,5
v1.1,8,1,0.050460211,5
v1.1,8,2,0.17160236,5
v1.1,9,1,0.221061548,5
v1.1,9,2,0.58139259,5
v1.1,9,3,0.118979135,5
v1.1,10,1,0.815250245,5
v1.1,10,2,0.526451616,5
v1.1,10,3,0.107778014,5
v1.1,11,1,1.805484303,5
v1.1,11,2,1.200667503,5
v1.1,11,3,0.823487095,5
v1.1,12,1,3.65463375,5
v1.1,12,2,3.165259015,5
v1.1,12,3,4.221483344,5
v1.1,13,1,2.781381502,5
v1.1,13,2,4.075883964,5
v1.1,13,3,4.475733003,5
v1.1,14,1,2.016301925,5
v1.1,14,2,12.527483445,5
v1.1,14,3,2.985087321,5
v1.1,15,1,10.945760936,5
v1.1,15,2,13.998370774,5
v1.1,15,3,15.303438754,5
v1.1,16,1,10.227101553,5
v1.1,16,2,34.599133561,5
v1.1,16,3,13.291281963,5
v1.1,17,1,22.056757797,5
v1.1,17,2,31.134600991,5
v1.1,17,3,28.527866786,5
v1.1,18,1,8.73537115,5
v1.1,18,2,46.387611046,5
v1.1,18,3,19.337104251,5
v1.1,19,1,23.848261388,5
v1.1,19,2,40.183701435,5
v1.1,19,3,4.902081318,5
v1.1,20,1,35.204503304,5
v1.1,20,2,43.360982307,5
v1.1,20,3,18.126349366,5
v1.1,21,1,63.124481176,5
v1.1,21,2,41.120502262,5
v1.1,21,3,69.642008021,5
v1.1,22,1,28.794013289,5
v1.1,22,2,83.282000591,5
v1.1,22,3,141.010412122,5
v1.1,23,1,145.078527882,5
v1.1,23,2,38.057295448,5
v1.1,23,3,29.065059485,5
v1.1,24,1,161.274261881,5
v1.1,24,2,31.162291802,5
v1.1,24,3,70.296581066,5
v1.1,25,1,275.627966774,5
v1.1,25,2,216.256960802,5
v1.1,25,3,95.685125242,5
v1.1,4,1,0.002631986,5
v1.1,5,1,0.001583398,5
v1.1,6,1,0.018337966,5
v1.1,6,2,0.012673286,5
v1.1,7,1,0.047248107,5
v1.1,7,2,0.187516038,5
v1.1,8,1,0.234896667,5
v1.1,8,2,0.17995487,5
v1.1,9,1,0.251555913,5
v1.1,9,2,0.170743377,5
v1.1,9,3,1.166561406,5
v1.1,10,1,0.289907139,5
v1.1,10,2,0.686183143,5
v1.1,10,3,0.399770521,5
v1.1,11,1,0.942903037,5
v1.1,11,2,2.531531224,5
v1.1,11,3,1.016467556,5
v1.1,12,1,1.196196389,5
v1.1,12,2,2.576454945,5
v1.1,12,3,3.801248538,5
v1.1,13,1,3.301876546,5
v1.1,13,2,3.940075546,5
v1.1,13,3,6.661068309,5
v1.1,14,1,1.249931715,5
v1.1,14,2,17.108179594,5
v1.1,14,3,4.595008072,5
v1.1,15,1,19.248818982,5
v1.1,15,2,21.211069096,5
v1.1,15,3,6.616274883,5
v1.1,16,1,5.324101947,5
v1.1,16,2,5.253461653,5
v1.1,16,3,22.99525639,5
v1.1,17,1,0.921696006,5
v1.1,17,2,19.481900454,5
v1.1,17,3,45.622328069,5
v1.1,18,1,59.45183205,5
v1.1,18,2,2.163596435,5
v1.1,18,3,48.721857664,5
v1.1,19,1,57.600439377,5
v1.1,19,2,23.811774854,5
v1.1,19,3,60.410345772,5
v1.1,20,1,38.519730254,5
v1.1,20,2,65.305984696,5
v1.1,20,3,106.603702795,5
v1.1,21,1,42.309412234,5
v1.1,21,2,50.688853574,5
v1.1,21,3,8.353759867,5
v1.1,22,1,57.734459101,5
v1.1,22,2,8.744544876,5
v1.1,22,3,164.963039649,5
v1.1,23,1,124.298595607,5
v1.1,23,2,31.492266833,5
v1.1,23,3,34.969306286,5
v1.1,24,1,144.070242373,5
v1.1,24,2,54.794358411,5
v1.1,24,3,89.948093207,5
v1.1,25,1,55.087656053,5
v1.1,25,2,126.451294573,5
v1.1,25,3,224.700851295,5
v1.1,4,1,0.003145278,5
v1.1,5,1,0.005316677,5
v1.1,6,1,0.016363867,5
v1.1,6,2,0.034192809,5
v1.1,7,1,0.042838044,5
v1.1,7,2,0.032384902,5
v1.1,8,1,0.080138072,5
v1.1,8,2,0.210598991,5
v1.1,9,1,0.340051912,5
v1.1,9,2,0.486076441,5
v1.1,9,3,0.500251525,5
v1.1,10,1,0.79169883,5
v1.1,10,2,1.170486099,5
v1.1,10,3,0.986675393,5
v1.1,11,1,0.695975943,5
v1.1,11,2,0.161626035,5
v1.1,11,3,2.363891688,5
v1.1,12,1,1.500255659,5
v1.1,12,2,3.369373514,5
v1.1,12,3,1.599309158,5
v1.1,13,1,4.933817495,5
v1.1,13,2,2.659049613,5
v1.1,13,3,3.490759345,5
v1.1,14,1,5.029996608,5
v1.1,14,2,14.779746399,5
v1.1,14,3,3.078712055,5
v1.1,15,1,23.457907462,5
v1.1,15,2,3.337294162,5
v1.1,15,3,10.637783632,5
v1.1,16,1,18.110432775,5
v1.1,16,2,7.870918442,5
v1.1,16,3,18.240933665,5
v1.1,17,1,15.57963913,5
v1.1,17,2,13.536263963,5
v1.1,17,3,20.089963638,5
v1.1,18,1,19.820737451,5
v1.1,18,2,40.168317655,5
v1.1,18,3,77.403427657,5
v1.1,19,1,34.152445567,5
v1.1,19,2,4.769009366,5
v1.1,19,3,59.960857222,5
v1.1,20,1,22.896640366,5
v1.1,20,2,60.472055623,5
v1.1,20,3,52.148076003,5
v1.1,21,1,50.16498932,5
v1.1,21,2,62.625045193,5
v1.1,22,1,27.500813989,5
v1.1,22,2,59.704273359,5
v1.1,22,3,88.541733166,5
v1.1,23,1,142.418849847,5
v1.1,23,2,87.610113811,5
v1.1,23,3,214.254085254,5
v1.1,24,1,158.477456234,5
v1.1,24,2,219.17588676,5
v1.1,24,3,151.055011521,5
v1.1,25,1,50.057176772,5
v1.1,25,2,145.295641517,5
v1.1,25,3,232.804505741,5
v1.1,4,1,0.002328485,5
v1.1,5,1,0.002964224,5
v1.1,6,1,0.015584059,5
v1.1,6,2,0.064730861,5
v1.1,7,1,0.063872076,5
v1.1,7,2,0.120001219,5
v1.1,8,1,0.181198722,5
v1.1,8,2,0.089832555,5
v1.1,9,1,0.166134085,5
v1.1,9,2,0.400030327,5
v1.1,9,3,0.703133045,5
v1.1,10,1,0.896620806,5
v1.1,10,2,0.488642263,5
v1.1,10,3,0.531834822,5
v1.1,11,1,0.424021553,5
v1.1,11,2,1.4293912,5
v1.1,11,3,3.244487183,5
v1.1,12,1,1.310970465,5
v1.1,12,2,1.502804927,5
v1.1,12,3,2.057902262,5
v1.1,13,1,3.102698223,5
v1.1,13,2,1.767334168,5
v1.1,13,3,6.295888483,5
v1.1,14,1,1.34443726,5
v1.1,14,2,14.151632934,5
v1.1,14,3,2.793388451,5
v1.1,15,1,4.636268822,5
v1.1,15,2,4.888803836,5
v1.1,15,3,10.717561656,5
v1.1,16,1,6.059992152,5
v1.1,16,2,20.016156573,5
v1.1,16,3,2.054164215,5
v1.1,17,1,9.462110944,5
v1.1,17,2,18.619663091,5
v1.1,17,3,22.528913666,5
v1.1,18,1,34.677777263,5
v1.1,18,2,45.688843783,5
v1.1,18,3,46.3467493,5
v1.1,19,1,42.229406542,5
v1.1,19,2,30.829196802,5
v1.1,19,3,55.770009955,5
v1.1,20,1,48.126894462,5
v1.1,20,2,74.95716594,5
v1.1,20,3,18.289487636,5
v1.1,21,1,5.433588231,5
v1.1,21,2,147.226727293,5
v1.1,21,3,62.862574856,5
v1.1,22,1,3.658688374,5
v1.1,22,2,112.761253041,5
v1.1,22,3,54.168329486,5
v1.1,23,1,133.943591784,5
v1.1,23,2,119.85953879,5
v1.1,23,3,62.288831377,5
v1.1,24,1,27.481514196,5
v1.1,24,2,200.244839474,5
v1.1,24,3,182.270578126,5
v1.1,25,1,231.481336534,5
v1.1,25,2,43.564556066,5
v1.1,25,3,344.193357716,5
v1.1,4,1,0.001832214,5
v1.1,5,1,0.010294836,5
v1.1,6,1,0.005529491,5
v1.1,6,2,0.021543412,5
v1.1,7,1,0.031540587,5
v1.1,7,2,0.083787739,5
v1.1,8,1,0.15226948,5
v1.1,8,2,0.177876211,5
v1.1,9,1,0.242901514,5
v1.1,9,2,0.515458586,5
v1.1,9,3,0.311504125,5
v1.1,10,1,0.983537365,5
v1.1,10,2,0.648869589,5
v1.1,10,3,1.130990719,5
v1.1,11,1,0.782307483,5
v1.1,11,2,1.626215663,5
v1.1,11,3,2.251212791,5
v1.1,12,1,0.430419928,5
v1.1,12,2,1.013370288,5
v1.1,12,3,3.60268506,5
v1.1,13,1,2.694030073,5
v1.1,13,2,7.479729375,5
v1.1,13,3,6.69947508,5
v1.1,14,1,5.484341416,5
v1.1,14,2,6.79888805,5
v1.1,14,3,8.517849465,5
v1.1,15,1,6.987497776,5
v1.1,15,2,15.963239891,5
v1.1,15,3,8.256252943,5
v1.1,16,1,19.298905129,5
v1.1,16,2,25.877936434,5
v1.1,16,3,21.460715841,5
v1.1,17,1,13.739966192,5
v1.1,17,2,19.574989273,5
v1.1,17,3,19.321969375,5
v1.1,18,1,31.998081529,5
v1.1,18,2,23.21400891,5
v1.1,18,3,16.673371736,5
v1.1,19,1,16.893379761,5
v1.1,19,2,10.006327234,5
v1.1,19,3,53.671225081,5
v1.1,20,1,15.880945085,5
v1.1,20,2,38.542607582,5
v1.1,20,3,92.507997241,5
v1.1,21,1,82.030022487,5
v1.1,21,2,20.315051873,5
v1.1,21,3,48.679864639,5
v1.1,22,1,30.655040822,5
v1.1,22,2,62.037598531,5
v1.1,22,3,78.155098774,5
v1.1,23,1,157.966477803,5
v1.1,23,2,130.519416731,5
v1.1,23,3,200.219768572,5
v1.1,24,1,197.456217539,5
v1.1,24,2,293.260069679,5
v1.1,24,3,258.51351207,5
v1.1,25,1,65.922903809,5
v1.1,25,2,408.106730539,5
v1.1,25,3,179.316133536,5
v1.1,4,1,0.001254255,5
v1.1,5,1,0.003501248,5
v1.1,6,1,0.026053336,5
v1.1,6,2,0.023434128,5
v1.1,7,1,0.111489058,5
v1.1,7,2,0.027968312,5
v1.1,8,1,0.096351688,5
v1.1,8,2,0.27543156,5
v1.1,9,1,0.431464243,5
v1.1,9,2,0.329733823,5
v1.1,9,3,0.635554031,5
v1.1,10,1,0.405698206,5
v1.1,10,2,1.195492749,5
v1.1,10,3,0.799760902,5
v1.1,11,1,1.129640817,5
v1.1,11,2,1.043876752,5
v1.1,11,3,1.455867971,5
v1.1,12,1,2.09148212,5
v1.1,12,2,0.856473472,5
v1.1,12,3,6.050054913,5
v1.1,13,1,2.218352109,5
v1.1,13,2,6.53047376,5
v1.1,13,3,6.596829159,5
v1.1,14,1,3.082150583,5
v1.1,14,2,13.162226418,5
v1.1,14,3,3.726516884,5
v1.1,15,1,10.570084778,5
v1.1,15,2,10.761063687,5
v1.1,15,3,16.337206564,5
v1.1,16,1,12.970367765,5
v1.1,16,2,28.63856648,5
v1.1,16,3,24.095506306,5
v1.1,17,1,16.582310217,5
v1.1,17,2,17.216333677,5
v1.1,17,3,26.209787059,5
v1.1,18,1,39.24545862,5
v1.1,18,2,27.245619578,5
v1.1,18,3,23.16800267,5
v1.1,19,1,44.064101816,5
v1.1,19,2,11.665057508,5
v1.1,19,3,14.207454735,5
v1.1,20,1,61.262315728,5
v1.1,20,2,84.587105541,5
v1.1,20,3,44.836535657,5
v1.1,21,1,18.382876454,5
v1.1,21,2,65.558667374,5
v1.1,21,3,75.263538693,5
v1.1,22,1,66.567830641,5
v1.1,22,2,112.169817238,5
v1.1,22,3,92.401384705,5
v1.1,23,1,135.54541337,5
v1.1,23,2,41.139604893,5
v1.1,23,3,196.252475071,5
v1.1,24,1,114.352063376,5
v1.1,24,2,54.389487418,5
v1.1,24,3,332.313461309,5
v1.1,25,1,96.481090687,5
v1.1,25,2,433.760074304,5
v1.1,25,3,429.463697354,5
v1.1,4,1,0.002033543,5
v1.1,5,1,0.003834367,5
v1.1,6,1,0.009666078,5
v1.1,6,2,0.016927958,5
v1.1,7,1,0.056296447,5
v1.1,7,2,0.01491227,5
v1.1,8,1,0.092021322,5
v1.1,8,2,0.18797811,5
v1.1,9,1,0.365395285,5
v1.1,9,2,1.299543175,5
v1.1,10,1,0.614912779,5
v1.1,10,2,0.834169657,5
v1.1,10,3,0.91105943,5
v1.1,11,1,0.875773124,5
v1.1,11,2,1.926773017,5
v1.1,11,3,0.911710886,5
v1.1,12,1,2.382171661,5
v1.1,12,2,1.865611199,5
v1.1,12,3,2.804003497,5
v1.1,13,1,2.050183694,5
v1.1,13,2,1.36410409,5
v1.1,13,3,3.888114793,5
v1.1,14,1,7.661461536,5
v1.1,14,2,5.455608629,5
v1.1,14,3,5.565821446,5
v1.1,15,1,4.994221123,5
v1.1,15,2,14.901229966,5
v1.1,15,3,7.092223762,5
v1.1,16,1,5.751059287,5
v1.1,16,2,32.688646294,5
v1.1,16,3,9.365736041,5
v1.1,17,1,14.284053235,5
v1.1,17,2,2.752561935,5
v1.1,17,3,28.626827081,5
v1.1,18,1,31.628627527,5
v1.1,18,2,26.986959137,5
v1.1,18,3,31.654628209,5
v1.1,19,1,10.075990282,5
v1.1,19,2,46.565778175,5
v1.1,19,3,30.108283834,5
v1.1,20,1,42.404199775,5
v1.1,20,2,25.614077934,5
v1.1,20,3,130.53735377,5
v1.1,21,1,103.385348977,5
v1.1,21,2,49.949304635,5
v1.1,21,3,50.277183808,5
v1.1,22,1,100.683960567,5
v1.1,22,2,111.892171532,5
v1.1,22,3,100.469388797,5
v1.1,23,1,95.564583196,5
v1.1,23,2,9.531521841,5
v1.1,23,3,42.797036678,5
v1.1,24,1,145.139551773,5
v1.1,24,2,142.326744729,5
v1.1,24,3,384.354261546,5
v1.1,25,1,419.22691722,5
v1.1,25,2,51.493493178,5
v1.1,25,3,266.148318438,5
v1.1,4,1,0.001841285,5
v1.1,5,1,0.003704713,5
v1.1,6,1,0.010887806,5
v1.1,6,2,0.027517857,5
v1.1,7,1,0.044423079,5
v1.1,7,2,0.051673485,5
v1.1,8,1,0.151953504,5
v1.1,8,2,0.161777543,5
v1.1,9,1,0.454609136,5
v1.1,9,2,0.709808657,5
v1.1,9,3,0.910907103,5
v1.1,10,1,0.825305799,5
v1.1,10,2,0.323977444,5
v1.1,10,3,1.027010549,5
v1.1,11,1,1.821494487,5
v1.1,11,2,1.559535423,5
v1.1,11,3,0.626383774,5
v1.1,12,1,2.729465402,5
v1.1,12,2,2.976777725,5
v1.1,12,3,2.209510297,5
v1.1,13,1,4.305759955,5
v1.1,13,2,1.825963298,5
v1.1,13,3,3.228777107,5
v1.1,14,1,5.734907922,5
v1.1,14,2,4.767907937,5
v1.1,14,3,7.676596527,5
v1.1,15,1,2.450673396,5
v1.1,15,2,13.86745007,5
v1.1,15,3,3.250865453,5
v1.1,16,1,13.740408635,5
v1.1,16,2,19.374936971,5
v1.1,16,3,15.217447955,5
v1.1,17,1,7.705089442,5
v1.1,17,2,31.124006558,5
v1.1,17,3,11.7409868,5
v1.1,18,1,21.520161119,5
v1.1,18,2,35.757498533,5
v1.1,18,3,16.92506739,5
v1.1,19,1,39.33552135,5
v1.1,19,2,41.800194429,5
v1.1,19,3,4.277865504,5
v1.1,20,1,66.915432013,5
v1.1,20,2,53.231506294,5
v1.1,20,3,164.02370833,5
v1.1,21,1,96.479541022,5
v1.1,21,2,27.461688206,5
v1.1,21,3,29.072264002,5
v1.1,22,1,101.711335199,5
v1.1,22,2,146.105602543,5
v1.1,22,3,121.888593533,5
v1.1,23,1,113.938379644,5
v1.1,23,2,107.236476267,5
v1.1,23,3,110.607787741,5
v1.1,24,1,8.40677745,5
v1.1,24,2,151.324053696,5
v1.1,24,3,49.438548041,5
v1.1,25,1,104.275757859,5
v1.1,25,2,37.754587052,5
v1.1,25,3,97.133217856,5
v1.1,4,1,0.002889325,5
v1.1,5,1,0.003062736,5
v1.1,6,1,0.017580078,5
v1.1,6,2,0.034323306,5
v1.1,7,1,0.064958259,5
v1.1,7,2,0.031749399,5
v1.1,8,1,0.151485645,5
v1.1,8,2,0.274610555,5
v1.1,9,1,0.079633612,5
v1.1,9,2,0.056760567,5
v1.1,9,3,0.426842873,5
v1.1,10,1,0.648997232,5
v1.1,10,2,0.629746399,5
v1.1,10,3,1.084994516,5
v1.1,11,1,1.280240781,5
v1.1,11,2,0.520993415,5
v1.1,11,3,2.730315432,5
v1.1,12,1,2.160029762,5
v1.1,12,2,1.628845444,5
v1.1,12,3,6.040104186,5
v1.1,13,1,0.83920022,5
v1.1,13,2,2.69802954,5
v1.1,13,3,3.487683331,5
v1.1,14,1,5.834995921,5
v1.1,14,2,3.820810409,5
v1.1,14,3,0.6155413,5
v1.1,15,1,1.192972759,5
v1.1,15,2,11.446455588,5
v1.1,15,3,3.261639006,5
v1.1,16,1,16.739798366,5
v1.1,16,2,20.863827906,5
v1.1,16,3,20.161993427,5
v1.1,17,1,46.108954856,5
v1.1,17,2,20.579537908,5
v1.1,17,3,24.137448388,5
v1.1,18,1,26.144925907,5
v1.1,18,2,43.925544922,5
v1.1,18,3,20.185126821,5
v1.1,19,1,54.435380292,5
v1.1,19,2,20.895123349,5
v1.1,19,3,44.933835703,5
v1.1,20,1,55.374596994,5
v1.1,20,2,77.429854117,5
v1.1,20,3,56.300303512,5
v1.1,21,1,81.047828635,5
v1.1,21,2,17.289873734,5
v1.1,21,3,30.623568698,5
v1.1,22,1,73.977942655,5
v1.1,22,2,73.881084004,5
v1.1,22,3,270.306213806,5
v1.1,23,1,4.740275701,5
v1.1,23,2,228.458521841,5
v1.1,23,3,96.960842107,5
v1.1,24,1,148.247162232,5
v1.1,24,2,11.48879244,5
v1.1,24,3,75.766395714,5
v1.1,25,1,166.733515433,5
v1.1,25,2,196.914645752,5
v1.1,25,3,118.783905433,5
v1.1,4,1,0.002085178,5
v1.1,5,1,0.00444405,5
v1.1,6,1,0.02134526,5
v1.1,6,2,0.014703871,5
v1.1,7,1,0.061220355,5
v1.1,7,2,0.033466012,5
v1.1,8,1,0.100499628,5
v1.1,8,2,0.245258418,5
v1.1,9,1,0.340945389,5
v1.1,9,2,1.046603442,5
v1.1,9,3,0.756550956,5
v1.1,10,1,0.574315785,5
v1.1,10,2,0.711433962,5
v1.1,10,3,1.400583281,5
v1.1,11,1,3.234326201,5
v1.1,11,2,3.194408053,5
v1.1,11,3,3.10454257,5
v1.1,12,1,2.004436756,5
v1.1,12,2,3.291727737,5
v1.1,12,3,4.378842624,5
v1.1,13,1,2.123001996,5
v1.1,13,2,4.475757506,5
v1.1,13,3,10.198897103,5
v1.1,14,1,7.035805281,5
v1.1,14,2,6.720702581,5
v1.1,14,3,23.403598412,5
v1.1,15,1,3.003558296,5
v1.1,15,2,7.194263746,5
v1.1,15,3,23.531146789,5
v1.1,16,1,6.070384971,5
v1.1,16,2,1.522914371,5
v1.1,16,3,27.829585414,5
v1.1,17,1,1.465154615,5
v1.1,17,2,60.392890958,5
v1.1,17,3,54.108414075,5
v1.1,18,1,9.130515545,5
v1.1,18,2,24.635299482,5
v1.1,18,3,56.345004044,5
v1.1,19,1,45.330243816,5
v1.1,19,2,18.341266678,5
v1.1,19,3,29.9318647,5
v1.1,20,1,3.147042898,5
v1.1,20,2,38.647320977,5
v1.1,20,3,40.557134046,5
v1.1,21,1,19.296740244,5
v1.1,21,2,39.610997335,5
v1.1,21,3,59.04168697,5
v1.1,22,1,126.990274274,5
v1.1,22,2,53.561507188,5
v1.1,22,3,58.981035353,5
v1.1,23,1,126.019874544,5
v1.1,23,2,102.993637638,5
v1.1,23,3,169.845536137,5
v1.1,24,1,72.470606048,5
v1.1,24,2,83.679600182,5
v1.1,24,3,179.731746129,5
v1.1,25,1,251.378420432,5
v1.1,25,2,228.989772952,5
v1.1,25,3,201.295251239,5
v1.1,4,1,0.001550296,5
v1.1,5,1,0.001700965,5
v1.1,6,1,0.011896957,5
v1.1,6,2,0.014585786,5
v1.1,7,1,0.036458148,5
v1.1,7,2,0.179873683,5
v1.1,8,1,0.301040613,5
v1.1,8,2,0.080005164,5
v1.1,9,1,0.475835093,5
v1.1,9,2,0.435743007,5
v1.1,9,3,0.487498921,5
v1.1,10,1,0.108540246,5
v1.1,10,2,0.717600262,5
v1.1,10,3,1.331611496,5
v1.1,11,1,0.421684712,5
v1.1,11,2,2.285570742,5
v1.1,11,3,2.923685496,5
v1.1,12,1,1.149105744,5
v1.1,12,2,3.427590509,5
v1.1,12,3,1.314703115,5
v1.1,13,1,2.355280968,5
v1.1,13,2,4.693688067,5
v1.1,13,3,5.705182415,5
v1.1,14,1,9.547879974,5
v1.1,14,2,10.879861123,5
v1.1,14,3,2.246866505,5
v1.1,15,1,6.441622281,5
v1.1,15,2,11.545903353,5
v1.1,15,3,18.144458476,5
v1.1,16,1,11.29373436,5
v1.1,16,2,9.064564592,5
v1.1,16,3,13.058912125,5
v1.1,17,1,10.656659261,5
v1.1,17,2,25.271492532,5
v1.1,17,3,14.065488845,5
v1.1,18,1,49.375501098,5
v1.1,18,2,3.208691972,5
v1.1,18,3,46.791034603,5
v1.1,19,1,19.417342318,5
v1.1,19,2,90.830977972,5
v1.1,19,3,43.2178842,5
v1.1,20,1,73.625278806,5
v1.1,20,2,81.524723612,5
v1.1,20,3,51.164679586,5
v1.1,21,1,91.250373195,5
v1.1,21,2,61.260721556,5
v1.1,21,3,25.686132091,5
v1.1,22,1,72.427660106,5
v1.1,22,2,27.563073685,5
v1.1,22,3,147.768371553,5
v1.1,23,1,7.176669486,5
v1.1,23,2,86.116038807,5
v1.1,23,3,251.368521675,5
v1.1,24,1,35.119792132,5
v1.1,24,2,129.618022442,5
v1.1,24,3,322.398285204,5
v1.1,25,1,162.153051835,5
v1.1,25,2,35.647670292,5
v1.1,25,3,56.434947913,5
v1.1,4,1,0.0013656,5
v1.1,5,1,0.003833935,5
v1.1,6,1,0.012359301,5
v1.1,6,2,0.025159548,5
v1.1,7,1,0.028113078,5
v1.1,7,2,0.187946018,5
v1.1,8,1,0.085030058,5
v1.1,8,2,0.096065749,5
v1.1,9,1,0.348984056,5
v1.1,9,2,0.204969883,5
v1.1,10,1,0.514559468,5
v1.1,10,2,2.178217245,5
v1.1,10,3,1.508940339,5
v1.1,11,1,1.002477263,5
v1.1,11,2,0.449248566,5
v1.1,11,3,1.165847631,5
v1.1,12,1,0.971805504,5
v1.1,12,2,3.900691406,5
v1.1,12,3,0.909850376,5
v1.1,13,1,1.775613153,5
v1.1,13,2,2.424337383,5
v1.1,13,3,5.91151821,5
v1.1,14,1,3.928589523,5
v1.1,14,2,7.031413873,5
v1.1,14,3,5.147625647,5
v1.1,15,1,5.763265614,5
v1.1,15,2,6.108760702,5
v1.1,15,3,8.077035252,5
v1.1,16,1,6.503943436,5
v1.1,16,2,8.367888004,5
v1.1,16,3,40.631460244,5
v1.1,17,1,31.090000621,5
v1.1,17,2,6.845036417,5
v1.1,17,3,72.361379309,5
v1.1,18,1,46.788983152,5
v1.1,18,2,48.863799942,5
v1.1,18,3,33.998352153,5
v1.1,19,1,23.123360002,5
v1.1,19,2,31.22471941,5
v1.1,19,3,48.420279306,5
v1.1,20,1,11.900842991,5
v1.1,20,2,47.477832459,5
v1.1,20,3,140.865201857,5
v1.1,21,1,33.200610099,5
v1.1,21,2,72.780456802,5
v1.1,21,3,26.654467701,5
v1.1,22,1,62.988685408,5
v1.1,22,2,128.878661721,5
v1.1,22,3,134.146025992,5
v1.1,23,1,35.972404136,5
v1.1,23,2,135.662406677,5
v1.1,23,3,69.820639219,5
v1.1,24,1,46.074250014,5
v1.1,24,2,119.310316964,5
v1.1,24,3,16.848805432,5
v1.1,25,1,8.74081485,5
v1.1,25,2,351.813650268,5
v1.1,25,3,143.81593395,5
v1.1,4,1,0.001733358,5
v1.1,5,1,0.002844835,5
v1.1,6,1,0.00364787,5
v1.1,7,1,0.042186169,5
v1.1,7,2,0.144246532,5
v1.1,8,1,0.084016195,5
v1.1,8,2,0.235904139,5
v1.1,9,1,0.317574003,5
v1.1,9,2,0.320683946,5
v1.1,9,3,0.974592618,5
v1.1,10,1,0.906082046,5
v1.1,10,2,1.50598406,5
v1.1,10,3,1.344075952,5
v1.1,11,1,1.800426578,5
v1.1,11,2,0.738590701,5
v1.1,11,3,4.598237086,5
v1.1,12,1,3.382285508,5
v1.1,12,2,3.930121471,5
v1.1,12,3,1.757367274,5
v1.1,13,1,5.50221805,5
v1.1,13,2,2.794661321,5
v1.1,13,3,3.677009603,5
v1.1,14,1,5.357373598,5
v1.1,14,2,7.77324347,5
v1.1,14,3,9.66263383,5
v1.1,15,1,7.286709568,5
v1.1,15,2,16.570886644,5
v1.1,15,3,3.661270318,5
v1.1,16,1,5.268201369,5
v1.1,16,2,16.795609519,5
v1.1,16,3,17.53473199,5
v1.1,17,1,30.108935984,5
v1.1,17,2,23.907567197,5
v1.1,17,3,58.146960309,5
v1.1,18,1,1.573711706,5
v1.1,18,2,7.48816998,5
v1.1,18,3,75.593139708,5
v1.1,19,1,13.934389026,5
v1.1,19,2,56.650408007,5
v1.1,19,3,4.708926795,5
v1.1,20,1,69.555047533,5
v1.1,20,2,112.842863268,5
v1.1,20,3,27.687103359,5
v1.1,21,1,79.645696703,5
v1.1,21,2,67.863930363,5
v1.1,21,3,48.806721528,5
v1.1,22,1,171.45958856,5
v1.1,22,2,162.539830888,5
v1.1,22,3,7.798269244,5
v1.1,23,1,6.62734811,5
v1.1,23,2,95.992216086,5
v1.1,23,3,252.971496124,5
v1.1,24,1,175.965927937,5
v1.1,24,2,104.760009135,5
v1.1,24,3,125.044229338,5
v1.1,25,1,183.502174272,5
v1.1,25,2,41.127132114,5
v1.1,25,3,16.635911293,5
v1.1,4,1,0.001505965,5
v1.1,5,1,0.003406988,5
v1.1,6,1,0.012662898,5
v1.1,6,2,0.016892664,5
v1.1,7,1,0.06140262,5
v1.1,7,2,0.031073675,5
v1.1,8,1,0.068608841,5
v1.1,8,2,0.474789412,5
v1.1,9,1,0.166182064,5
v1.1,9,2,0.312018939,5
v1.1,9,3,0.626218186,5
v1.1,10,1,1.081021871,5
v1.1,10,2,1.889176793,5
v1.1,10,3,2.517953414,5
v1.1,11,1,0.671327483,5
v1.1,11,2,3.124198279,5
v1.1,11,3,2.468126896,5
v1.1,12,1,2.059162651,5
v1.1,12,2,4.86018597,5
v1.1,12,3,5.729854259,5
v1.1,13,1,0.351036565,5
v1.1,13,2,4.208120477,5
v1.1,13,3,5.568142983,5
v1.1,14,1,7.433926137,5
v1.1,14,2,4.709829813,5
v1.1,14,3,19.860182567,5
v1.1,15,1,6.378034785,5
v1.1,15,2,12.48174742,5
v1.1,15,3,14.770545224,5
v1.1,16,1,23.55426293,5
v1.1,16,2,21.003528121,5
v1.1,16,3,26.310023245,5
v1.1,17,1,15.091262617,5
v1.1,17,2,26.580762781,5
v1.1,17,3,7.017566147,5
v1.1,18,1,42.223204882,5
v1.1,18,2,43.597887714,5
v1.1,18,3,42.229530442,5
v1.1,19,1,33.720351823,5
v1.1,19,2,11.372127656,5
v1.1,19,3,65.150974894,5
v1.1,20,1,21.04352772,5
v1.1,20,2,76.968403873,5
v1.1,20,3,73.143055271,5
v1.1,21,1,150.829211927,5
v1.1,21,2,114.061234529,5
v1.1,21,3,43.619091754,5
v1.1,22,1,102.39077599,5
v1.1,22,2,5.574092614,5
v1.1,22,3,199.86026849,5
v1.1,23,1,137.36796288,5
v1.1,23,2,203.219841697,5
v1.1,23,3,82.435826748,5
v1.1,24,1,162.423456761,5
v1.1,24,2,151.742647406,5
v1.1,24,3,73.804981413,5
v1.1,25,1,66.661002859,5
v1.1,25,2,352.017109208,5
v1.1,25,3,148.277246278,5
v1.1,4,1,0.00269962,5
v1.1,5,1,0.004540569,5
v1.1,6,1,0.009778768,5
v1.1,6,2,0.016634737,5
v1.1,7,1,0.052740202,5
v1.1,7,2,0.064081107,5
v1.1,8,1,0.164269158,5
v1.1,8,2,0.255521098,5
v1.1,9,1,0.412098795,5
v1.1,9,2,0.35385958,5
v1.1,9,3,1.092579988,5
v1.1,10,1,0.628102551,5
v1.1,10,2,1.927368685,5
v1.1,10,3,1.513987981,5
v1.1,11,1,2.440863994,5
v1.1,11,2,1.970284638,5
v1.1,11,3,2.364566769,5
v1.1,12,1,2.882056624,5
v1.1,12,2,4.091556723,5
v1.1,12,3,3.211660847,5
v1.1,13,1,3.158982021,5
v1.1,13,2,5.047624761,5
v1.1,13,3,5.85896615,5
v1.1,14,1,4.42362264,5
v1.1,14,2,4.901941292,5
v1.1,14,3,9.381673614,5
v1.1,15,1,3.458988345,5
v1.1,15,2,27.385355907,5
v1.1,15,3,19.648538876,5
v1.1,16,1,13.2970235,5
v1.1,16,2,5.608953567,5
v1.1,16,3,24.346240319,5
v1.1,17,1,18.191220366,5
v1.1,17,2,7.015602578,5
v1.1,17,3,14.426082904,5
v1.1,18,1,5.828032669,5
v1.1,18,2,39.26450627,5
v1.1,18,3,99.545473422,5
v1.1,19,1,12.119032697,5
v1.1,19,2,99.553081631,5
v1.1,19,3,59.831413827,5
v1.1,20,1,15.084246109,5
v1.1,20,2,91.718945484,5
v1.1,20,3,24.659789117,5
v1.1,21,1,32.008922221,5
v1.1,21,2,24.626956021,5
v1.1,21,3,71.969835962,5
v1.1,22,1,56.203015991,5
v1.1,22,2,7.203163279,5
v1.1,22,3,173.385838254,5
v1.1,23,1,46.019673802,5
v1.1,23,2,214.370113826,5
v1.1,23,3,65.498408096,5
v1.1,24,1,187.535767129,5
v1.1,24,2,249.851714811,5
v1.1,24,3,253.194258493,5
v1.1,25,1,335.514972887,5
v1.1,25,2,249.644091973,5
v1.1,25,3,117.689933594,5
v1.1,4,1,0.002302924,5
v1.1,5,1,0.003138939,5
v1.1,6,1,0.015478584,5
v1.1,6,2,0.06450414,5
v1.1,7,1,0.022095065,5
v1.1,7,2,0.088415777,5
v1.1,8,1,0.052427012,5
v1.1,8,2,0.160849693,5
v1.1,9,1,0.301123808,5
v1.1,9,2,0.336590746,5
v1.1,9,3,0.757426101,5
v1.1,10,1,0.827975874,5
v1.1,10,2,0.765544457,5
v1.1,10,3,0.166763419,5
v1.1,11,1,1.321919541,5
v1.1,11,2,0.681722922,5
v1.1,11,3,1.248757383,5
v1.1,12,1,1.800603471,5
v1.1,12,2,4.296859193,5
v1.1,12,3,6.715607366,5
v1.1,13,1,3.441358202,5
v1.1,13,2,4.406114076,5
v1.1,13,3,5.80557978,5
v1.1,14,1,5.400112393,5
v1.1,14,2,3.706079501,5
v1.1,14,3,10.574895749,5
v1.1,15,1,32.00491839,5
v1.1,15,2,43.57586795,5
v1.1,15,3,14.608560842,5
v1.1,16,1,37.714902879,5
v1.1,16,2,42.002882623,5
v1.1,16,3,12.008718365,5
v1.1,17,1,14.500079938,5
v1.1,17,2,14.145152243,5
v1.1,17,3,14.247981095,5
v1.1,18,1,44.067061121,5
v1.1,18,2,7.365497405,5
v1.1,18,3,42.936699122,5
v1.1,19,1,45.059774383,5
v1.1,19,2,20.578867754,5
v1.1,19,3,85.848470003,5
v1.1,20,1,129.110422977,5
v1.1,20,2,32.610464368,5
v1.1,20,3,49.607428493,5
v1.1,21,1,80.811516352,5
v1.1,21,2,178.474694757,5
v1.1,21,3,31.427581303,5
v1.1,22,1,150.217940989,5
v1.1,22,2,239.896443216,5
v1.1,22,3,49.164377622,5
v1.1,23,1,46.136102576,5
v1.1,23,2,48.683454239,5
v1.1,23,3,6.7914081,5
v1.1,24,1,188.131925415,5
v1.1,24,2,150.563586258,5
v1.1,24,3,94.295284172,5
v1.1,25,1,151.432759989,5
v1.1,25,2,228.174929665,5
v1.1,25,3,406.304173171,5
v1.1,4,1,0.002603492,5
v1.1,5,1,0.005220641,5
v1.1,6,1,0.018550385,5
v1.1,6,2,0.04717057,5
v1.1,7,1,0.084848429,5
v1.1,7,2,0.074378153,5
v1.1,8,1,0.1062668,5
v1.1,8,2,0.122872206,5
v1.1,9,1,0.26403449,5
v1.1,9,2,0.623671719,5
v1.1,9,3,0.467691028,5
v1.1,10,1,0.354159708,5
v1.1,10,2,0.847466828,5
v1.1,10,3,1.089506954,5
v1.1,11,1,0.17777079,5
v1.1,11,2,1.582897064,5
v1.1,11,3,1.628355807,5
v1.1,12,1,1.496592397,5
v1.1,12,2,0.813322936,5
v1.1,12,3,1.922485819,5
v1.1,13,1,3.68751503,5
v1.1,13,2,3.499263678,5
v1.1,13,3,6.26105779,5
v1.1,14,1,3.658794983,5
v1.1,14,2,1.969533857,5
v1.1,14,3,12.936668394,5
v1.1,15,1,7.003648664,5
v1.1,15,2,33.093520267,5
v1.1,15,3,6.520583032,5
v1.1,16,1,0.678635684,5
v1.1,16,2,5.497833311,5
v1.1,16,3,13.653453139,5
v1.1,17,1,4.776327929,5
v1.1,17,2,44.498165365,5
v1.1,17,3,43.142070019,5
v1.1,18,1,31.454152454,5
v1.1,18,2,41.882667034,5
v1.1,18,3,18.501142513,5
v1.1,19,1,34.355428174,5
v1.1,19,2,68.277690957,5
v1.1,19,3,60.466177184,5
v1.1,20,1,49.739348237,5
v1.1,20,2,80.277340801,5
v1.1,20,3,81.328064755,5
v1.1,21,1,24.613140483,5
v1.1,21,2,103.181810764,5
v1.1,21,3,66.71070928,5
v1.1,22,1,72.868201889,5
v1.1,22,2,107.025521873,5
v1.1,22,3,183.86612269,5
v1.1,23,1,187.875148505,5
v1.1,23,2,244.21595132,5
v1.1,23,3,113.508061736,5
v1.1,24,1,283.641793076,5
v1.1,24,2,178.502212869,5
v1.1,24,3,79.877343122,5
v1.1,25,1,282.578841416,5
v1.1,25,2,15.182933327,5
v1.1,25,3,13.890322847,5
v1.1,4,1,0.001882151,5
v1.1,5,1,0.003737712,5
v1.1,6,1,0.027693508,5
v1.1,6,2,0.028400402,5
v1.1,7,1,0.125059823,5
v1.1,7,2,0.078849599,5
v1.1,8,1,0.128901379,5
v1.1,8,2,0.149848838,5
v1.1,9,1,0.157866573,5
v1.1,9,2,0.444822174,5
v1.1,9,3,0.50755235,5
v1.1,10,1,0.799575112,5
v1.1,10,2,0.628440676,5
v1.1,10,3,1.25841981,5
v1.1,11,1,0.751095976,5
v1.1,11,2,3.831617807,5
v1.1,11,3,1.644272362,5
v1.1,12,1,0.226998543,5
v1.1,12,2,2.971629625,5
v1.1,12,3,2.074489883,5
v1.1,13,1,3.710779498,5
v1.1,13,2,2.502918329,5
v1.1,13,3,10.855659761,5
v1.1,14,1,1.704793467,5
v1.1,14,2,4.310944157,5
v1.1,14,3,15.208184446,5
v1.1,15,1,8.584468819,5
v1.1,15,2,13.294054027,5
v1.1,15,3,11.234570154,5
v1.1,16,1,28.290328496,5
v1.1,16,2,11.160948714,5
v1.1,16,3,10.165428977,5
v1.1,17,1,25.435442729,5
v1.1,17,2,15.147852246,5
v1.1,17,3,35.184878886,5
v1.1,18,1,20.582555266,5
v1.1,18,2,49.659118441,5
v1.1,18,3,26.801785285,5
v1.1,19,1,15.421378735,5
v1.1,19,2,16.511787682,5
v1.1,19,3,24.389903991,5
v1.1,20,1,82.215488095,5
v1.1,20,2,23.078835435,5
v1.1,20,3,124.277939578,5
v1.1,21,1,63.757002386,5
v1.1,21,2,140.004544351,5
v1.1,21,3,65.375600601,5
v1.1,22,1,104.148066608,5
v1.1,22,2,119.911210519,5
v1.1,22,3,138.077964145,5
v1.1,23,1,63.79672125,5
v1.1,23,2,13.051553974,5
v1.1,23,3,139.968299032,5
v1.1,24,1,36.003090889,5
v1.1,24,2,187.211869314,5
v1.1,24,3,302.495521888,5
v1.1,25,1,56.865985543,5
v1.1,25,2,206.683117237,5
v1.1,25,3,221.713142754,5
v1.1,4,1,0.001975375,5
v1.1,5,1,0.007242485,5
v1.1,6,1,0.020045185,5
v1.1,6,2,0.019327254,5
v1.1,7,1,0.040282175,5
v1.1,7,2,0.075123126,5
v1.1,8,1,0.068166854,5
v1.1,8,2,0.154227986,5
v1.1,9,1,0.091627384,5
v1.1,9,2,0.454327691,5
v1.1,9,3,0.676549416,5
v1.1,10,1,1.123219973,5
v1.1,10,2,0.65965656,5
v1.1,10,3,1.293463406,5
v1.1,11,1,2.081028373,5
v1.1,11,2,1.517395816,5
v1.1,11,3,0.216963286,5
v1.1,12,1,4.195459729,5
v1.1,12,2,1.795159826,5
v1.1,12,3,2.927355037,5
v1.1,13,1,1.45253399,5
v1.1,13,2,7.862372631,5
v1.1,13,3,3.015882462,5
v1.1,14,1,9.842811541,5
v1.1,14,2,5.984678616,5
v1.1,14,3,0.72677923,5
v1.1,15,1,8.123699578,5
v1.1,15,2,5.060039375,5
v1.1,15,3,1.446176015,5
v1.1,16,1,3.116866318,5
v1.1,16,2,17.876685789,5
v1.1,16,3,7.932548703,5
v1.1,17,1,21.958219421,5
v1.1,17,2,40.988124818,5
v1.1,18,1,38.873810485,5
v1.1,18,2,31.891809374,5
v1.1,18,3,59.647000326,5
v1.1,19,1,40.164977026,5
v1.1,19,2,25.597404129,5
v1.1,19,3,63.79839258,5
v1.1,20,1,36.58859681,5
v1.1,20,2,112.067646409,5
v1.1,20,3,7.043749661,5
v1.1,21,1,62.441479812,5
v1.1,21,2,41.571100117,5
v1.1,21,3,9.033303352,5
v1.1,22,1,64.732753316,5
v1.1,22,2,151.100784343,5
v1.1,22,3,176.39048379,5
v1.1,23,1,10.061223309,5
v1.1,23,2,131.594408302,5
v1.1,23,3,234.844146621,5
v1.1,24,1,52.694898556,5
v1.1,24,2,251.830681859,5
v1.1,24,3,340.691146014,5
v1.1,25,1,304.208546807,5
v1.1,25,2,288.823862781,5
v1.1,25,3,320.242862004,5
v1.1,4,1,0.001959354,5
v1.1,5,1,0.004360482,5
v1.1,6,1,0.025055712,5
v1.1,6,2,0.022743457,5
v1.1,7,1,0.041744685,5
v1.1,7,2,0.051557097,5
v1.1,8,1,0.021604927,5
v1.1,8,2,0.104527221,5
v1.1,9,1,0.223540128,5
v1.1,9,2,1.15376649,5
v1.1,9,3,0.838203026,5
v1.1,10,1,0.310102029,5
v1.1,10,2,1.210110084,5
v1.1,10,3,0.85170478,5
v1.1,11,1,0.862199729,5
v1.1,11,2,2.378574484,5
v1.1,11,3,1.562444168,5
v1.1,12,1,1.941797567,5
v1.1,12,2,3.158504334,5
v1.1,12,3,7.046554287,5
v1.1,13,1,2.481911246,5
v1.1,13,2,4.663174986,5
v1.1,13,3,8.113571683,5
v1.1,14,1,1.348345381,5
v1.1,14,2,5.947684822,5
v1.1,14,3,6.346577701,5
v1.1,15,1,15.70168588,5
v1.1,15,2,9.176038107,5
v1.1,15,3,8.701651244,5
v1.1,16,1,18.168466406,5
v1.1,16,2,15.665141877,5
v1.1,16,3,15.688072144,5
v1.1,17,1,22.624884276,5
v1.1,17,2,15.505873481,5
v1.1,17,3,25.277682066,5
v1.1,18,1,8.647270045,5
v1.1,18,2,10.579780009,5
v1.1,18,3,23.800139774,5
v1.1,19,1,13.872770688,5
v1.1,19,2,47.905334382,5
v1.1,19,3,64.099631093,5
v1.1,20,1,75.535611557,5
v1.1,20,2,87.69693483,5
v1.1,20,3,75.346836582,5
v1.1,21,1,83.722630248,5
v1.1,21,2,65.080863022,5
v1.1,21,3,117.83680771,5
v1.1,22,1,75.94066635,5
v1.1,22,2,114.48642938,5
v1.1,22,3,85.295912896,5
v1.1,23,1,168.471206621,5
v1.1,23,2,77.836460562,5
v1.1,23,3,48.940980833,5
v1.1,24,1,88.706029262,5
v1.1,24,2,275.180928457,5
v1.1,24,3,186.083922217,5
v1.1,25,1,319.045091496,5
v1.1,25,2,148.185380993,5
v1.1,25,3,325.076635609,5
v1.1,4,1,0.001883972,5
v1.1,5,1,0.007357191,5
v1.1,6,1,0.008499274,5
v1.1,6,2,0.079212274,5
v1.1,7,1,0.067702708,5
v1.1,7,2,0.05097996,5
v1.1,8,1,0.1371382,5
v1.1,8,2,0.169078044,5
v1.1,9,1,0.731183744,5
v1.1,9,2,0.514924869,5
v1.1,9,3,0.053981206,5
v1.1,10,1,0.580704569,5
v1.1,10,2,0.446680603,5
v1.1,10,3,1.095621897,5
v1.1,11,1,1.758459059,5
v1.1,11,2,1.331005218,5
v1.1,11,3,1.806692838,5
v1.1,12,1,3.392098461,5
v1.1,12,2,1.176090821,5
v1.1,12,3,1.736656258,5
v1.1,13,1,7.609548901,5
v1.1,13,2,4.727324035,5
v1.1,13,3,4.198030154,5
v1.1,14,1,6.668657523,5
v1.1,14,2,11.217155268,5
v1.1,14,3,12.999202984,5
v1.1,15,1,16.096575138,5
v1.1,15,2,9.336984319,5
v1.1,15,3,1.644588218,5
v1.1,16,1,23.096340797,5
v1.1,16,2,8.735946879,5
v1.1,16,3,13.013134497,5
v1.1,17,1,29.44094283,5
v1.1,17,2,9.285140548,5
v1.1,17,3,11.135965996,5
v1.1,18,1,2.280776867,5
v1.1,18,2,25.939470256,5
v1.1,18,3,16.226419454,5
v1.1,19,1,24.521558666,5
v1.1,19,2,37.346020663,5
v1.1,19,3,30.946731095,5
v1.1,20,1,36.477344854,5
v1.1,20,2,88.394431974,5
v1.1,20,3,71.754842083,5
v1.1,21,1,54.824349281,5
v1.1,21,2,62.802065849,5
v1.1,21,3,21.415541178,5
v1.1,22,1,42.958368262,5
v1.1,22,2,77.828441402,5
v1.1,22,3,119.135710519,5
v1.1,23,1,161.074870828,5
v1.1,23,2,53.427365449,5
v1.1,23,3,111.685198582,5
v1.1,24,1,187.149674907,5
v1.1,24,2,113.586517842,5
v1.1,24,3,121.017716206,5
v1.1,25,1,21.359352517,5
v1.1,25,2,323.840275286,5
v1.1,25,3,76.418539258,5
v1.1,4,1,0.001983159,5
v1.1,5,1,0.004947913,5
v1.1,6,1,0.016754069,5
v1.1,6,2,0.01405847,5
v1.1,7,1,0.031293672,5
v1.1,7,2,0.1157313,5
v1.1,8,1,0.176674946,5
v1.1,8,2,0.291047647,5
v1.1,9,1,0.488319049,5
v1.1,9,2,0.282649517,5
v1.1,9,3,1.057695947,5
v1.1,10,1,0.85850518,5
v1.1,10,2,1.054647247,5
v1.1,10,3,0.168571678,5
v1.1,11,1,1.374966965,5
v1.1,11,2,2.118199864,5
v1.1,11,3,3.826038164,5
v1.1,12,1,3.562155078,5
v1.1,12,2,1.907893674,5
v1.1,12,3,0.278566996,5
v1.1,13,1,2.089037465,5
v1.1,13,2,2.444125467,5
v1.1,13,3,5.879936491,5
v1.1,14,1,1.993679789,5
v1.1,14,2,9.007992894,5
v1.1,14,3,8.8596531,5
v1.1,15,1,6.313890972,5
v1.1,15,2,8.402289348,5
v1.1,15,3,31.026999539,5
v1.1,16,1,5.293755867,5
v1.1,16,2,12.921809133,5
v1.1,16,3,25.5537036,5
v1.1,17,1,9.880984355,5
v1.1,17,2,16.574773126,5
v1.1,17,3,47.840029161,5
v1.1,18,1,15.194516548,5
v1.1,18,2,58.701741905,5
v1.1,18,3,26.502175718,5
v1.1,19,1,31.190893274,5
v1.1,19,2,30.138375863,5
v1.1,19,3,82.832506002,5
v1.1,20,1,19.498844552,5
v1.1,20,2,18.681684908,5
v1.1,20,3,31.793666428,5
v1.1,21,1,88.393845245,5
v1.1,21,2,130.443607632,5
v1.1,21,3,214.987029925,5
v1.1,22,1,5.503425825,5
v1.1,22,2,6.575767643,5
v1.1,22,3,89.014574762,5
v1.1,23,1,43.013155824,5
v1.1,23,2,60.770721189,5
v1.1,23,3,194.012197739,5
v1.1,24,1,128.962253696,5
v1.1,24,2,298.647317315,5
v1.1,24,3,298.357719915,5
v1.1,25,1,142.998658213,5
v1.1,25,2,197.826805582,5
v1.1,25,3,383.566803519,5
v1.1,4,1,0.001530286,5
v1.1,5,1,0.012686615,5
v1.1,6,1,0.003471269,5
v1.1,6,2,0.00479645,5
v1.1,7,1,0.079117688,5
v1.1,7,2,0.094579953,5
v1.1,8,1,0.019905561,5
v1.1,8,2,0.235847955,5
v1.1,9,1,0.127239163,5
v1.1,9,2,0.220716677,5
v1.1,10,1,0.705221803,5
v1.1,10,2,1.260360357,5
v1.1,10,3,1.836982211,5
v1.1,11,1,0.716919253,5
v1.1,11,2,0.813565542,5
v1.1,11,3,2.26655386,5
v1.1,12,1,1.292648312,5
v1.1,12,2,2.219673916,5
v1.1,12,3,5.741956548,5
v1.1,13,1,2.424774655,5
v1.1,13,2,6.904796811,5
v1.1,13,3,6.998217465,5
v1.1,14,1,4.831452252,5
v1.1,14,2,5.935599422,5
v1.1,14,3,0.923320331,5
v1.1,15,1,6.679919979,5
v1.1,15,2,13.358700931,5
v1.1,15,3,11.525670755,5
v1.1,16,1,8.456825958,5
v1.1,16,2,14.31222166,5
v1.1,16,3,1.557329361,5
v1.1,17,1,8.189300646,5
v1.1,17,2,39.277742372,5
v1.1,17,3,40.883865334,5
v1.1,18,1,52.989319033,5
v1.1,18,2,16.539499331,5
v1.1,18,3,31.267549071,5
v1.1,19,1,26.354954863,5
v1.1,19,2,99.354191807,5
v1.1,19,3,93.766574027,5
v1.1,20,1,27.661802533,5
v1.1,20,2,79.996012031,5
v1.1,20,3,100.713210818,5
v1.1,21,1,42.032629958,5
v1.1,21,2,40.347028477,5
v1.1,21,3,5.348956371,5
v1.1,22,1,38.221586609,5
v1.1,22,2,141.479111031,5
v1.1,22,3,97.118425607,5
v1.1,23,1,79.572307446,5
v1.1,23,2,261.395445232,5
v1.1,23,3,11.457643308,5
v1.1,24,1,148.448796103,5
v1.1,24,2,90.201892938,5
v1.1,24,3,122.642758921,5
v1.1,25,1,47.758718032,5
v1.1,25,2,159.79491415,5
v1.1,25,3,406.226977958,5
v1.1,4,1,0.001822393,5
v1.1,5,1,0.002907127,5
v1.1,6,1,0.0210533,5
v1.1,6,2,0.020391645,5
v1.1,7,1,0.083280159,5
v1.1,7,2,0.074442098,5
v1.1,8,1,0.019348589,5
v1.1,8,2,0.178532753,5
v1.1,9,1,0.178912639,5
v1.1,9,2,0.492887225,5
v1.1,9,3,0.859169631,5
v1.1,10,1,0.642110514,5
v1.1,10,2,1.081012323,5
v1.1,10,3,0.460454481,5
v1.1,11,1,0.278035326,5
v1.1,11,2,1.83562304,5
v1.1,11,3,2.065040259,5
v1.1,12,1,1.251315203,5
v1.1,12,2,3.465701781,5
v1.1,12,3,2.660585243,5
v1.1,13,1,8.708186447,5
v1.1,13,2,13.367283587,5
v1.1,13,3,11.486371227,5
v1.1,14,1,3.272340678,5
v1.1,14,2,7.5135836,5
v1.1,14,3,7.46608695,5
v1.1,15,1,7.133567552,5
v1.1,15,2,9.103388933,5
v1.1,15,3,17.484182982,5
v1.1,16,1,6.652863752,5
v1.1,16,2,30.313147907,5
v1.1,16,3,35.821093341,5
v1.1,17,1,15.419654241,5
v1.1,17,2,18.365659337,5
v1.1,17,3,16.28849288,5
v1.1,18,1,22.7210711,5
v1.1,18,2,37.032861583,5
v1.1,18,3,30.954036565,5
v1.1,19,1,34.802481907,5
v1.1,19,2,74.43953678,5
v1.1,19,3,13.368778282,5
v1.1,20,1,14.799441284,5
v1.1,20,2,34.920675466,5
v1.1,20,3,40.554398252,5
v1.1,21,1,50.578122613,5
v1.1,21,2,85.434742812,5
v1.1,21,3,132.145071522,5
v1.1,22,1,4.802525298,5
v1.1,22,2,94.586986284,5
v1.1,22,3,95.794541037,5
v1.1,23,1,179.891864908,5
v1.1,23,2,125.779740776,5
v1.1,23,3,45.618061518,5
v1.1,24,1,29.47021955,5
v1.1,24,2,84.364906823,5
v1.1,24,3,47.554695363,5
v1.1,25,1,199.897775345,5
v1.1,25,2,405.231990083,5
v1.1,25,3,60.367601884,5
v1.1,4,1,0.002097406,5
v1.1,5,1,0.005893477,5
v1.1,6,1,0.02862549,5
v1.1,6,2,0.047513296,5
v1.1,7,1,0.02592025,5
v1.1,7,2,0.10866526,5
v1.1,8,1,0.17335717,5
v1.1,8,2,0.41129379,5
v1.1,9,1,0.164424342,5
v1.1,9,2,0.505211426,5
v1.1,9,3,0.275697685,5
v1.1,10,1,1.028132996,5
v1.1,10,2,0.357727514,5
v1.1,10,3,2.702036329,5
v1.1,11,1,0.78360808,5
v1.1,11,2,1.11607934,5
v1.1,11,3,2.216301856,5
v1.1,12,1,2.148909144,5
v1.1,12,2,8.702666563,5
v1.1,12,3,0.946448911,5
v1.1,13,1,0.468983352,5
v1.1,13,2,2.88074785,5
v1.1,13,3,4.399057623,5
v1.1,14,1,0.497481782,5
v1.1,14,2,6.714974634,5
v1.1,14,3,6.596535692,5
v1.1,15,1,3.008940093,5
v1.1,15,2,25.435303097,5
v1.1,15,3,3.569474973,5
v1.1,16,1,14.900722733,5
v1.1,16,2,21.230095905,5
v1.1,16,3,15.271493176,5
v1.1,17,1,27.302579523,5
v1.1,17,2,8.672942888,5
v1.1,17,3,53.244830894,5
v1.1,18,1,5.442068434,5
v1.1,18,2,27.268132989,5
v1.1,18,3,56.620527981,5
v1.1,19,1,10.583041911,5
v1.1,19,2,48.438010865,5
v1.1,19,3,68.479646074,5
v1.1,20,1,45.770053639,5
v1.1,20,2,80.138053632,5
v1.1,20,3,32.707455284,5
v1.1,21,1,39.645786206,5
v1.1,21,2,41.17797306,5
v1.1,21,3,45.486837202,5
v1.1,22,1,84.903197498,5
v1.1,22,2,94.105388388,5
v1.1,22,3,79.886835515,5
v1.1,23,1,67.972792014,5
v1.1,23,2,239.285035307,5
v1.1,23,3,292.386910275,5
v1.1,24,1,385.339732772,5
v1.1,24,2,324.686949192,5
v1.1,24,3,191.991523547,5
v1.1,25,1,127.897922815,5
v1.1,25,2,187.802216963,5
v1.1,25,3,169.453021523,5
v1.1,4,1,0.001298049,5
v1.1,5,1,0.005289635,5
v1.1,6,1,0.008779429,5
v1.1,6,2,0.021081508,5
v1.1,7,1,0.075868868,5
v1.1,7,2,0.046060009,5
v1.1,8,1,0.144714522,5
v1.1,8,2,0.126699204,5
v1.1,9,1,0.160548866,5
v1.1,9,2,0.409349132,5
v1.1,9,3,0.23675905,5
v1.1,10,1,1.164088006,5
v1.1,10,2,0.700946602,5
v1.1,10,3,1.068527608,5
v1.1,11,1,1.048579941,5
v1.1,11,2,1.43987125,5
v1.1,11,3,1.065163131,5
v1.1,12,1,0.343142227,5
v1.1,12,2,7.79476344,5
v1.1,12,3,9.441126994,5
v1.1,13,1,11.53529986,5
v1.1,13,2,4.740171163,5
v1.1,13,3,7.233022717,5
v1.1,14,1,3.037289458,5
v1.1,14,2,17.016462991,5
v1.1,14,3,6.416273264,5
v1.1,15,1,8.640630847,5
v1.1,15,2,24.743152467,5
v1.1,15,3,9.579212573,5
v1.1,16,1,24.492325463,5
v1.1,16,2,4.232884166,5
v1.1,16,3,14.732399605,5
v1.1,17,1,8.195702642,5
v1.1,17,2,1.177993855,5
v1.1,17,3,10.748684977,5
v1.1,18,1,65.370955544,5
v1.1,18,2,22.101341093,5
v1.1,18,3,34.840084076,5
v1.1,19,1,42.323291521,5
v1.1,19,2,10.697563345,5
v1.1,19,3,89.427057234,5
v1.1,20,1,21.549967889,5
v1.1,20,2,14.315706642,5
v1.1,20,3,58.484750088,5
v1.1,21,1,19.533232648,5
v1.1,21,2,124.036033244,5
v1.1,21,3,55.839187836,5
v1.1,22,1,5.254800231,5
v1.1,22,2,29.214419091,5
v1.1,22,3,48.768257726,5
v1.1,23,1,145.258023939,5
v1.1,23,2,55.479419564,5
v1.1,23,3,57.297675556,5
v1.1,24,1,94.286116238,5
v1.1,24,2,174.419043047,5
v1.1,24,3,78.74261945,5
v1.1,25,1,170.362160096,5
v1.1,25,2,155.662574,5
v1.1,25,3,56.389512929,5
v1.1,4,1,0.002076847,5
v1.1,5,1,0.003276958,5
v1.1,6,1,0.022618453,5
v1.1,6,2,0.007122671,5
v1.1,7,1,0.033893346,5
v1.1,7,2,0.219311788,5
v1.1,8,1,0.147816224,5
v1.1,8,2,0.116274993,5
v1.1,9,1,0.157751201,5
v1.1,9,2,0.4183274,5
v1.1,10,1,0.650145019,5
v1.1,10,2,0.427630286,5
v1.1,10,3,0.634031911,5
v1.1,11,1,0.483015034,5
v1.1,11,2,2.241020115,5
v1.1,11,3,5.844804458,5
v1.1,12,1,0.865969117,5
v1.1,12,2,4.859484282,5
v1.1,12,3,4.802898419,5
v1.1,13,1,0.367360473,5
v1.1,13,2,3.84078737,5
v1.1,13,3,3.202822962,5
v1.1,14,1,6.031872723,5
v1.1,14,2,9.893481696,5
v1.1,14,3,0.875940195,5
v1.1,15,1,9.654525994,5
v1.1,15,2,15.910905304,5
v1.1,15,3,16.816632667,5
v1.1,16,1,13.503829521,5
v1.1,16,2,11.885240126,5
v1.1,16,3,13.108361743,5
v1.1,17,1,12.770083529,5
v1.1,17,2,24.969938247,5
v1.1,17,3,36.735886725,5
v1.1,18,1,27.51291773,5
v1.1,18,2,3.300702401,5
v1.1,18,3,70.588925013,5
v1.1,19,1,17.473580841,5
v1.1,19,2,47.178066647,5
v1.1,19,3,74.466611018,5
v1.1,20,1,12.769066897,5
v1.1,20,2,15.403706063,5
v1.1,20,3,46.634476301,5
v1.1,21,1,17.787718699,5
v1.1,21,2,109.901910471,5
v1.1,21,3,49.083911539,5
v1.1,22,1,37.271871294,5
v1.1,22,2,125.811492298,5
v1.1,22,3,110.507622155,5
v1.1,23,1,31.875564731,5
v1.1,23,2,99.892644123,5
v1.1,23,3,128.714880392,5
v1.1,24,1,63.833963621,5
v1.1,24,2,43.08527745,5
v1.1,24,3,186.98856273,5
v1.1,25,1,289.337818428,5
v1.1,25,2,391.918846669,5
v1.1,25,3,138.269936792,5
v1.1,4,1,0.002732957,5
v1.1,5,1,0.035697,5
v1.1,6,1,0.037128613,5
v1.1,6,2,0.022778793,5
v1.1,7,1,0.061638328,5
v1.1,7,2,0.045802624,5
v1.1,8,1,0.154995251,5
v1.1,8,2,0.189185139,5
v1.1,9,1,0.197011371,5
v1.1,9,2,0.309404593,5
v1.1,9,3,0.167190439,5
v1.1,10,1,0.661903165,5
v1.1,10,2,0.407671681,5
v1.1,10,3,0.934157935,5
v1.1,11,1,0.983185602,5
v1.1,11,2,1.403080599,5
v1.1,11,3,1.665796312,5
v1.1,12,1,2.75153851,5
v1.1,12,2,3.269196221,5
v1.1,12,3,4.316352614,5
v1.1,13,1,3.651906849,5
v1.1,13,2,3.599627454,5
v1.1,13,3,6.115547826,5
v1.1,14,1,8.302335986,5
v1.1,14,2,10.210505055,5
v1.1,14,3,6.28033373,5
v1.1,15,1,5.44194768,5
v1.1,15,2,18.125988917,5
v1.1,15,3,7.70898326,5
v1.1,16,1,8.390932952,5
v1.1,16,2,13.537400328,5
v1.1,16,3,30.798520598,5
v1.1,17,1,31.61206941,5
v1.1,17,2,3.032673143,5
v1.1,17,3,32.383889415,5
v1.1,18,1,78.512851248,5
v1.1,18,2,33.539049207,5
v1.1,18,3,8.42684374,5
v1.1,19,1,3.957250142,5
v1.1,19,2,24.342342027,5
v1.1,19,3,103.230513724,5
v1.1,20,1,64.596723773,5
v1.1,20,2,60.163935823,5
v1.1,20,3,55.032883405,5
v1.1,21,1,55.021097464,5
v1.1,21,2,100.058281612,5
v1.1,21,3,90.751140954,5
v1.1,22,1,223.11088068,5
v1.1,22,2,38.543120687,5
v1.1,22,3,34.170734699,5
v1.1,23,1,198.071705713,5
v1.1,23,2,56.724474444,5
v1.1,23,3,144.338731537,5
v1.1,24,1,52.530934328,5
v1.1,24,2,240.497066445,5
v1.1,24,3,144.585201595,5
v1.1,25,1,364.423621178,5
v1.1,25,2,295.289586115,5
v1.1,25,3,292.217167844,5
v1.1,4,1,0.002155699,5
v1.1,5,1,0.004004319,5
v1.1,6,1,0.009465392,5
v1.1,6,2,0.029096988,5
v1.1,7,1,0.036120211,5
v1.1,7,2,0.073447041,5
v1.1,8,1,0.123493397,5
v1.1,8,2,0.2341707,5
v1.1,9,1,0.301349155,5
v1.1,9,2,0.366001945,5
v1.1,9,3,0.252349268,5
v1.1,10,1,0.973034783,5
v1.1,10,2,0.873834461,5
v1.1,10,3,0.774729459,5
v1.1,11,1,0.375795663,5
v1.1,11,2,2.637319525,5
v1.1,11,3,2.030443313,5
v1.1,12,1,2.518096715,5
v1.1,12,2,7.045281687,5
v1.1,12,3,0.356091793,5
v1.1,13,1,3.507109531,5
v1.1,13,2,3.002659199,5
v1.1,13,3,6.639125947,5
v1.1,14,1,6.021914551,5
v1.1,14,2,4.779785215,5
v1.1,14,3,6.770709351,5
v1.1,15,1,16.848529577,5
v1.1,15,2,5.210993073,5
v1.1,15,3,13.353890769,5
v1.1,16,1,8.421165515,5
v1.1,16,2,7.536422072,5
v1.1,16,3,42.777410206,5
v1.1,17,1,29.804437635,5
v1.1,17,2,13.860252934,5
v1.1,17,3,72.046379553,5
v1.1,18,1,32.96015641,5
v1.1,18,2,11.751321823,5
v1.1,18,3,10.655380849,5
v1.1,19,1,27.707143321,5
v1.1,19,2,64.216679201,5
v1.1,19,3,18.376018193,5
v1.1,20,1,12.789654186,5
v1.1,20,2,69.208492961,5
v1.1,20,3,22.456242746,5
v1.1,21,1,132.304514304,5
v1.1,21,2,59.624852379,5
v1.1,21,3,79.633385781,5
v1.1,22,1,146.216416752,5
v1.1,22,2,25.270473798,5
v1.1,22,3,33.740318652,5
v1.1,23,1,79.368081682,5
v1.1,23,2,152.446225794,5
v1.1,23,3,167.691654436,5
v1.1,24,1,123.826925335,5
v1.1,24,2,316.073178422,5
v1.1,24,3,266.981050566,5
v1.1,25,1,250.092507229,5
v1.1,25,2,14.221902944,5
v1.1,25,3,63.194297734,5
v1.1,4,1,0.001455976,5
v1.1,5,1,0.009867168,5
v1.1,6,1,0.014711723,5
v1.1,6,2,0.010150486,5
v1.1,7,1,0.088959995,5
v1.1,7,2,0.088873137,5
v1.1,8,1,0.145399035,5
v1.1,8,2,0.17979993,5
v1.1,9,1,0.301567029,5
v1.1,9,2,0.201876142,5
v1.1,9,3,0.708756899,5
v1.1,10,1,0.632432949,5
v1.1,10,2,0.642606878,5
v1.1,10,3,1.246858598,5
v1.1,11,1,1.618697212,5
v1.1,11,2,1.729107926,5
v1.1,11,3,1.583590523,5
v1.1,12,1,1.549088778,5
v1.1,12,2,1.665933134,5
v1.1,12,3,8.313268727,5
v1.1,13,1,4.729978765,5
v1.1,13,2,5.661415327,5
v1.1,13,3,7.280738679,5
v1.1,14,1,6.19067682,5
v1.1,14,2,1.6539267,5
v1.1,14,3,3.980975124,5
v1.1,15,1,3.259429178,5
v1.1,15,2,19.062368687,5
v1.1,15,3,11.741139206,5
v1.1,16,1,7.292305127,5
v1.1,16,2,35.063433877,5
v1.1,16,3,12.979770662,5
v1.1,17,1,17.027120352,5
v1.1,17,2,19.506765757,5
v1.1,17,3,9.361920528,5
v1.1,18,1,60.238322319,5
v1.1,18,2,45.330329332,5
v1.1,18,3,22.789168825,5
v1.1,19,1,59.537508388,5
v1.1,19,2,25.152145104,5
v1.1,19,3,64.418817328,5
v1.1,20,1,99.166410858,5
v1.1,20,2,3.90011407,5
v1.1,20,3,51.62285097,5
v1.1,21,1,169.924569602,5
v1.1,21,2,15.705271627,5
v1.1,21,3,144.183077091,5
v1.1,22,1,82.509442345,5
v1.1,22,2,8.592047422,5
v1.1,22,3,226.45823069,5
v1.1,23,1,103.601402971,5
v1.1,23,2,161.22189171,5
v1.1,23,3,146.257586907,5
v1.1,24,1,43.289703873,5
v1.1,24,2,320.802275615,5
v1.1,24,3,229.722257603,5
v1.1,25,1,215.900786057,5
v1.1,25,2,343.594991351,5
v1.1,25,3,17.464244917,5
v1.1,4,1,0.002963013,5
v1.1,5,1,0.004242038,5
v1.1,6,1,0.01028871,5
v1.1,6,2,0.035240757,5
v1.1,7,1,0.058719719,5
v1.1,7,2,0.114596941,5
v1.1,8,1,0.017736453,5
v1.1,8,2,0.32726829,5
v1.1,9,1,0.345221919,5
v1.1,9,2,0.637255747,5
v1.1,9,3,0.548959865,5
v1.1,10,1,1.109399293,5
v1.1,10,2,0.141630173,5
v1.1,10,3,1.628243731,5
v1.1,11,1,1.042324188,5
v1.1,11,2,3.323215527,5
v1.1,11,3,1.771782981,5
v1.1,12,1,5.356220245,5
v1.1,12,2,0.803252394,5
v1.1,12,3,0.382437226,5
v1.1,13,1,9.888789702,5
v1.1,13,2,11.755698654,5
v1.1,13,3,7.151575686,5
v1.1,14,1,3.367231924,5
v1.1,14,2,7.596734727,5
v1.1,14,3,20.985277475,5
v1.1,15,1,14.854572032,5
v1.1,15,2,9.93647999,5
v1.1,15,3,15.221972763,5
v1.1,16,1,5.733674364,5
v1.1,16,2,28.049650407,5
v1.1,16,3,50.483628654,5
v1.1,17,1,22.478595094,5
v1.1,17,2,29.23753287,5
v1.1,17,3,8.368315008,5
v1.1,18,1,54.176662551,5
v1.1,18,2,34.014285573,5
v1.1,18,3,66.651155308,5
v1.1,19,1,10.07165569,5
v1.1,19,2,3.92904547,5
v1.1,19,3,16.21278746,5
v1.1,20,1,16.889956577,5
v1.1,20,2,26.744853295,5
v1.1,20,3,36.668364964,5
v1.1,21,1,95.661902381,5
v1.1,21,2,105.343112511,5
v1.1,21,3,8.240455532,5
v1.1,22,1,60.30187602,5
v1.1,22,2,138.971114132,5
v1.1,22,3,24.271656906,5
v1.1,23,1,122.35573525,5
v1.1,23,2,93.827424435,5
v1.1,23,3,85.065216365,5
v1.1,24,1,172.043544822,5
v1.1,24,2,157.478666684,5
v1.1,24,3,302.63414485,5
v1.1,25,1,360.237057077,5
v1.1,25,2,106.887252993,5
v1.1,25,3,262.855163645,5
v1.1,4,1,0.002140144,5
v1.1,5,1,0.001607163,5
v1.1,6,1,0.007655511,5
v1.1,6,2,0.011018787,5
v1.1,7,1,0.042005624,5
v1.1,7,2,0.069043426,5
v1.1,8,1,0.033955424,5
v1.1,8,2,0.540487718,5
v1.1,9,1,0.423754492,5
v1.1,9,2,0.886549705,5
v1.1,9,3,0.589646977,5
v1.1,10,1,0.782961719,5
v1.1,10,2,0.579170624,5
v1.1,10,3,0.709376036,5
v1.1,11,1,2.048160986,5
v1.1,11,2,4.137008373,5
v1.1,11,3,0.618169412,5
v1.1,12,1,0.625170266,5
v1.1,12,2,6.017830944,5
v1.1,12,3,5.343354162,5
v1.1,13,1,1.265769451,5
v1.1,13,2,5.84121216,5
v1.1,13,3,4.799806721,5
v1.1,14,1,3.646409864,5
v1.1,14,2,4.785250312,5
v1.1,14,3,14.20349116,5
v1.1,15,1,15.896654566,5
v1.1,15,2,10.43758369,5
v1.1,15,3,33.287182718,5
v1.1,16,1,13.29383045,5
v1.1,16,2,6.875766072,5
v1.1,16,3,6.234328175,5
v1.1,17,1,10.179478236,5
v1.1,17,2,36.025848383,5
v1.1,17,3,2.703615356,5
v1.1,18,1,42.041682818,5
v1.1,18,2,15.457119304,5
v1.1,18,3,18.002180899,5
v1.1,19,1,22.195621631,5
v1.1,19,2,35.776168096,5
v1.1,19,3,16.072891433,5
v1.1,20,1,64.677180774,5
v1.1,20,2,73.217651863,5
v1.1,20,3,94.955385552,5
v1.1,21,1,89.430418395,5
v1.1,21,2,117.04808868,5
v1.1,21,3,65.083889844,5
v1.1,22,1,75.023562399,5
v1.1,22,2,23.436828001,5
v1.1,22,3,128.571189376,5
v1.1,23,1,49.469814955,5
v1.1,23,2,44.993617302,5
v1.1,23,3,67.537582261,5
v1.1,24,1,111.218617091,5
v1.1,24,2,179.413387467,5
v1.1,24,3,325.843074295,5
v1.1,25,1,36.30104044,5
v1.1,25,2,115.298233138,5
v1.1,25,3,111.636262843,5
v1.1,4,1,0.00239273,5
v1.1,5,1,0.00181468,5
v1.1,6,1,0.01099367,5
v1.1,6,2,0.013167496,5
v1.1,7,1,0.024792732,5
v1.1,7,2,0.083260773,5
v1.1,8,1,0.181115396,5
v1.1,8,2,0.385011909,5
v1.1,9,1,0.710072429,5
v1.1,9,2,0.310270328,5
v1.1,9,3,1.865204747,5
v1.1,10,1,0.336566374,5
v1.1,10,2,1.085600818,5
v1.1,10,3,0.177964249,5
v1.1,11,1,2.271129896,5
v1.1,11,2,1.247450339,5
v1.1,11,3,4.145813809,5
v1.1,12,1,0.721190982,5
v1.1,12,2,4.597523482,5
v1.1,12,3,3.978992234,5
v1.1,13,1,3.702051662,5
v1.1,13,2,1.744382682,5
v1.1,13,3,3.303448722,5
v1.1,14,1,12.883783801,5
v1.1,14,2,2.431863923,5
v1.1,14,3,1.324017335,5
v1.1,15,1,14.17374435,5
v1.1,15,2,19.481929509,5
v1.1,15,3,26.370409934,5
v1.1,16,1,8.132061709,5
v1.1,16,2,13.941007479,5
v1.1,16,3,25.929410506,5
v1.1,17,1,23.2192437,5
v1.1,17,2,17.337881843,5
v1.1,17,3,22.615924862,5
v1.1,18,1,15.154857384,5
v1.1,18,2,35.068520949,5
v1.1,18,3,66.974082386,5
v1.1,19,1,13.931213966,5
v1.1,19,2,47.061965609,5
v1.1,19,3,39.299741884,5
v1.1,20,1,10.97495867,5
v1.1,20,2,92.913642028,5
v1.1,20,3,73.973911852,5
v1.1,21,1,30.726225487,5
v1.1,21,2,22.669575981,5
v1.1,21,3,136.301587862,5
v1.1,22,1,182.148563447,5
v1.1,22,2,175.171571846,5
v1.1,22,3,113.271312537,5
v1.1,23,1,129.610810579,5
v1.1,23,2,145.362522703,5
v1.1,23,3,36.247992647,5
v1.1,24,1,6.413344773,5
v1.1,24,2,159.525349763,5
v1.1,24,3,94.250608402,5
v1.1,25,1,51.364151907,5
v1.1,25,2,166.975587368,5
v1.1,25,3,13.024742821,5
v1.1,4,1,0.001538876,5
v1.1,5,1,0.004188228,5
v1.1,6,1,0.018513528,5
v1.1,6,2,0.027896847,5
v1.1,7,1,0.08983617,5
v1.1,7,2,0.062862851,5
v1.1,8,1,0.301036906,5
v1.1,8,2,0.541654685,5
v1.1,9,1,0.173585853,5
v1.1,9,2,0.693067827,5
v1.1,9,3,0.856349432,5
v1.1,10,1,0.838525903,5
v1.1,10,2,1.490518231,5
v1.1,10,3,2.361005594,5
v1.1,11,1,0.572908513,5
v1.1,11,2,1.809966943,5
v1.1,11,3,2.441460794,5
v1.1,12,1,1.629468754,5
v1.1,12,2,2.336970648,5
v1.1,12,3,4.004017679,5
v1.1,13,1,2.487028452,5
v1.1,13,2,2.203631537,5
v1.1,13,3,3.456810381,5
v1.1,14,1,1.609508228,5
v1.1,14,2,8.779316944,5
v1.1,14,3,6.786693102,5
v1.1,15,1,4.841085617,5
v1.1,15,2,11.036762864,5
v1.1,15,3,27.761396613,5
v1.1,16,1,3.993929269,5
v1.1,16,2,22.86006675,5
v1.1,16,3,3.927024325,5
v1.1,17,1,1.473023857,5
v1.1,17,2,12.330280482,5
v1.1,17,3,27.565310424,5
v1.1,18,1,14.624909356,5
v1.1,18,2,7.703410506,5
v1.1,18,3,28.942608391,5
v1.1,19,1,31.773451071,5
v1.1,19,2,28.39678391,5
v1.1,19,3,35.395099281,5
v1.1,20,1,124.287055716,5
v1.1,20,2,39.009687097,5
v1.1,20,3,80.694935145,5
v1.1,21,1,21.231267413,5
v1.1,21,2,71.2826931,5
v1.1,21,3,56.806116648,5
v1.1,22,1,152.458301424,5
v1.1,22,2,17.390928412,5
v1.1,22,3,83.695096051,5
v1.1,23,1,169.797027821,5
v1.1,23,2,83.500273413,5
v1.1,23,3,143.807607503,5
v1.1,24,1,69.998886818,5
v1.1,24,2,74.785311241,5
v1.1,24,3,239.882646265,5
v1.1,25,1,341.14344914,5
v1.1,25,2,51.101423734,5
v1.1,25,3,390.467602785,5
v1.1,4,1,0.001914392,5
v1.1,5,1,0.005497071,5
v1.1,6,1,0.003227749,5
v1.1,7,1,0.075346373,5
v1.1,7,2,0.051075212,5
v1.1,8,1,0.102045354,5
v1.1,8,2,0.029432414,5
v1.1,9,1,0.509876476,5
v1.1,9,2,0.08448709,5
v1.1,9,3,0.676983535,5
v1.1,10,1,0.604101682,5
v1.1,10,2,0.55285416,5
v1.1,10,3,1.132860947,5
v1.1,11,1,1.228419513,5
v1.1,11,2,4.636317546,5
v1.1,11,3,1.560388339,5
v1.1,12,1,1.311846087,5
v1.1,12,2,6.107782813,5
v1.1,12,3,1.148523626,5
v1.1,13,1,6.111798957,5
v1.1,13,2,2.009160739,5
v1.1,13,3,0.424737729,5
v1.1,14,1,6.895078858,5
v1.1,14,2,3.383044368,5
v1.1,14,3,28.463427094,5
v1.1,15,1,4.845286042,5
v1.1,15,2,29.991360041,5
v1.1,15,3,1.048346831,5
v1.1,16,1,20.203490685,5
v1.1,16,2,0.871246139,5
v1.1,16,3,13.056095707,5
v1.1,17,1,27.119792505,5
v1.1,17,2,2.084388173,5
v1.1,17,3,3.443170082,5
v1.1,18,1,41.633877123,5
v1.1,18,2,23.585188902,5
v1.1,18,3,33.92068808,5
v1.1,19,1,45.032278646,5
v1.1,19,2,98.421500305,5
v1.1,19,3,53.349157473,5
v1.1,20,1,57.073724941,5
v1.1,20,2,18.801036952,5
v1.1,20,3,89.824879725,5
v1.1,21,1,65.827364265,5
v1.1,21,2,96.912408403,5
v1.1,21,3,183.323994561,5
v1.1,22,1,18.046407755,5
v1.1,22,2,98.111857077,5
v1.1,22,3,77.889880664,5
v1.1,23,1,54.290043401,5
v1.1,23,2,59.661779802,5
v1.1,23,3,214.427256219,5
v1.1,24,1,153.21448721,5
v1.1,24,2,130.45965218,5
v1.1,24,3,240.207677419,5
v1.1,25,1,321.796746279,5
v1.1,25,2,193.027101751,5
v1.1,25,3,56.315913804,5
v1.1,4,1,0.001765707,5
v1.1,5,1,0.004111952,5
v1.1,6,1,0.047319507,5
v1.1,6,2,0.006485286,5
v1.1,7,1,0.040492922,5
v1.1,7,2,0.10626973,5
v1.1,8,1,0.188746817,5
v1.1,8,2,0.29267061,5
v1.1,9,1,0.448000938,5
v1.1,9,2,0.460451993,5
v1.1,10,1,0.811304337,5
v1.1,10,2,1.112334143,5
v1.1,10,3,0.775306565,5
v1.1,11,1,0.710302964,5
v1.1,11,2,0.867545307,5
v1.1,11,3,3.298055794,5
v1.1,12,1,1.175310748,5
v1.1,12,2,9.644134622,5
v1.1,12,3,4.243503559,5
v1.1,13,1,1.706073209,5
v1.1,13,2,5.374308824,5
v1.1,13,3,5.970556625,5
v1.1,14,1,2.779536486,5
v1.1,14,2,7.273027175,5
v1.1,14,3,6.259355914,5
v1.1,15,1,12.324328681,5
v1.1,15,2,9.098800044,5
v1.1,15,3,32.937009178,5
v1.1,16,1,16.590460336,5
v1.1,16,2,17.907341047,5
v1.1,16,3,23.749083237,5
v1.1,17,1,9.437982988,5
v1.1,17,2,7.439495249,5
v1.1,17,3,29.102396671,5
v1.1,18,1,22.730048945,5
v1.1,18,2,31.449711015,5
v1.1,18,3,10.911215521,5
v1.1,19,1,31.525695726,5
v1.1,19,2,36.891208296,5
v1.1,19,3,38.704425211,5
v1.1,20,1,57.188180334,5
v1.1,20,2,12.556232876,5
v1.1,20,3,40.99119525,5
v1.1,21,1,79.396433898,5
v1.1,21,2,50.691239108,5
v1.1,21,3,112.603774505,5
v1.1,22,1,61.836246707,5
v1.1,22,2,54.643672378,5
v1.1,22,3,9.011591118,5
v1.1,23,1,49.181373966,5
v1.1,23,2,68.938357095,5
v1.1,23,3,154.534809813,5
v1.1,24,1,142.800728187,5
v1.1,24,2,168.54867207,5
v1.1,24,3,128.909167777,5
v1.1,25,1,199.029499082,5
v1.1,25,2,13.025707183,5
v1.1,25,3,232.660007407,5
v1.1,4,1,0.0021855,5
v1.1,5,1,0.002251338,5
v1.1,6,1,0.011840197,5
v1.1,6,2,0.048123482,5
v1.1,7,1,0.036814274,5
v1.1,7,2,0.121042291,5
v1.1,8,1,0.197010575,5
v1.1,8,2,0.352368996,5
v1.1,9,1,0.880085273,5
v1.1,9,2,0.513314885,5
v1.1,9,3,0.623937018,5
v1.1,10,1,0.907722866,5
v1.1,10,2,1.111746565,5
v1.1,10,3,0.651584081,5
v1.1,11,1,1.262423447,5
v1.1,11,2,1.089668102,5
v1.1,11,3,0.864962663,5
v1.1,12,1,2.266520147,5
v1.1,12,2,1.462170439,5
v1.1,12,3,3.710662202,5
v1.1,13,1,6.282148586,5
v1.1,13,2,5.710876126,5
v1.1,13,3,5.32284772,5
v1.1,14,1,0.475778002,5
v1.1,14,2,5.122959703,5
v1.1,14,3,7.079310169,5
v1.1,15,1,4.21093162,5
v1.1,15,2,5.634346751,5
v1.1,15,3,9.676978902,5
v1.1,16,1,14.477695956,5
v1.1,16,2,24.620684587,5
v1.1,16,3,6.603979473,5
v1.1,17,1,21.141791092,5
v1.1,17,2,38.355904919,5
v1.1,17,3,19.32463076,5
v1.1,18,1,16.036399793,5
v1.1,18,2,33.909812988,5
v1.1,18,3,29.582901574,5
v1.1,19,1,2.780495752,5
v1.1,19,2,33.228766846,5
v1.1,19,3,50.21051724,5
v1.1,20,1,46.148160418,5
v1.1,20,2,18.433145108,5
v1.1,20,3,65.456344977,5
v1.1,21,1,35.898276369,5
v1.1,21,2,36.426826325,5
v1.1,21,3,42.191525658,5
v1.1,22,1,5.105542645,5
v1.1,22,2,168.276133923,5
v1.1,22,3,100.662592963,5
v1.1,23,1,109.145204226,5
v1.1,23,2,189.243778549,5
v1.1,23,3,139.325287478,5
v1.1,24,1,157.684673612,5
v1.1,24,2,348.583201889,5
v1.1,24,3,131.107357365,5
v1.1,25,1,10.078977162,5
v1.1,25,2,11.506026909,5
v1.1,25,3,231.097686889,5
v1.1,4,1,0.001741095,5
v1.1,5,1,0.006318574,5
v1.1,6,1,0.008272923,5
v1.1,7,1,0.041366541,5
v1.1,7,2,0.101712293,5
v1.1,8,1,0.176867934,5
v1.1,8,2,0.258183629,5
v1.1,9,1,0.128285172,5
v1.1,9,2,1.089383876,5
v1.1,9,3,1.230682003,5
v1.1,10,1,1.451481168,5
v1.1,10,2,0.961893726,5
v1.1,10,3,0.792504871,5
v1.1,11,1,1.012725309,5
v1.1,11,2,1.936826269,5
v1.1,11,3,2.596223713,5
v1.1,12,1,1.746153838,5
v1.1,12,2,2.884290557,5
v1.1,12,3,4.334145244,5
v1.1,13,1,4.601491679,5
v1.1,13,2,5.676667168,5
v1.1,13,3,9.813224169,5
v1.1,14,1,4.248837021,5
v1.1,14,2,12.294443168,5
v1.1,14,3,6.878964461,5
v1.1,15,1,9.155260501,5
v1.1,15,2,6.258037831,5
v1.1,15,3,15.286630344,5
v1.1,16,1,12.727430785,5
v1.1,16,2,9.601009984,5
v1.1,16,3,4.569189279,5
v1.1,17,1,14.882461977,5
v1.1,17,2,41.120938709,5
v1.1,17,3,36.13558358,5
v1.1,18,1,24.37072776,5
v1.1,18,2,49.753196743,5
v1.1,18,3,55.790797211,5
v1.1,19,1,63.973614587,5
v1.1,19,2,20.129529601,5
v1.1,19,3,14.037950393,5
v1.1,20,1,16.082752518,5
v1.1,20,2,70.968314195,5
v1.1,20,3,39.90331781,5
v1.1,21,1,67.597814697,5
v1.1,21,2,81.51174745,5
v1.1,21,3,89.179734937,5
v1.1,22,1,125.038678433,5
v1.1,22,2,49.518428853,5
v1.1,22,3,81.867783434,5
v1.1,23,1,63.780916182,5
v1.1,23,2,38.052781032,5
v1.1,23,3,63.121361491,5
v1.1,24,1,29.861865041,5
v1.1,24,2,232.948802761,5
v1.1,24,3,117.052251545,5
v1.1,25,1,34.90478701,5
v1.1,25,2,233.111079565,5
v1.1,25,3,170.786771158,5
v1.1,4,1,0.001792826,5
v1.1,5,1,0.009066901,5
v1.1,6,1,0.043526852,5
v1.1,6,2,0.015739594,5
v1.1,7,1,0.026385556,5
v1.1,7,2,0.106258312,5
v1.1,8,1,0.224196147,5
v1.1,8,2,0.272036475,5
v1.1,9,1,0.207764355,5
v1.1,9,2,0.738474689,5
v1.1,9,3,0.698899519,5
v1.1,10,1,0.823939961,5
v1.1,10,2,0.665665163,5
v1.1,10,3,1.081046588,5
v1.1,11,1,1.130296468,5
v1.1,11,2,1.056593897,5
v1.1,11,3,0.770148855,5
v1.1,12,1,1.404581963,5
v1.1,12,2,4.14693289,5
v1.1,12,3,3.591584284,5
v1.1,13,1,4.970726867,5
v1.1,13,2,3.885499904,5
v1.1,13,3,13.774704654,5
v1.1,14,1,4.770650098,5
v1.1,14,2,10.932366836,5
v1.1,14,3,5.287288287,5
v1.1,15,1,3.632817037,5
v1.1,15,2,25.769594757,5
v1.1,15,3,5.627641684,5
v1.1,16,1,12.503314383,5
v1.1,16,2,23.634870135,5
v1.1,17,1,8.293660819,5
v1.1,17,2,7.856567576,5
v1.1,17,3,20.633475496,5
v1.1,18,1,7.063503988,5
v1.1,18,2,23.97396544,5
v1.1,18,3,53.982466153,5
v1.1,19,1,26.507571442,5
v1.1,19,2,91.264056186,5
v1.1,19,3,50.191105906,5
v1.1,20,1,9.043884909,5
v1.1,20,2,74.678143072,5
v1.1,20,3,50.533493954,5
v1.1,21,1,49.002290052,5
v1.1,21,2,85.036551935,5
v1.1,21,3,75.049651779,5
v1.1,22,1,34.637949807,5
v1.1,22,2,68.883431961,5
v1.1,22,3,40.243801245,5
v1.1,23,1,27.038890496,5
v1.1,23,2,290.753350194,5
v1.1,23,3,285.622817172,5
v1.1,24,1,257.084552535,5
v1.1,24,2,87.250881834,5
v1.1,24,3,216.103128193,5
v1.1,25,1,112.660466277,5
v1.1,25,2,137.116299848,5
v1.1,25,3,16.057471509,5
v1.1,4,1,0.0022185,5
v1.1,5,1,0.002967012,5
v1.1,6,1,0.013488927,5
v1.1,6,2,0.038042787,5
v1.1,7,1,0.069109303,5
v1.1,7,2,0.009266717,5
v1.1,8,1,0.251384667,5
v1.1,8,2,0.084179091,5
v1.1,9,1,0.403802795,5
v1.1,9,2,0.250453675,5
v1.1,9,3,0.734198818,5
v1.1,10,1,0.392228012,5
v1.1,10,2,1.208846493,5
v1.1,10,3,1.109804079,5
v1.1,11,1,2.125932679,5
v1.1,11,2,1.74251773,5
v1.1,11,3,1.05164019,5
v1.1,12,1,2.635057433,5
v1.1,12,2,3.751946759,5
v1.1,12,3,4.499536231,5
v1.1,13,1,1.378004099,5
v1.1,13,2,4.775017942,5
v1.1,13,3,8.292985638,5
v1.1,14,1,3.960360636,5
v1.1,14,2,5.361430849,5
v1.1,14,3,2.137430831,5
v1.1,15,1,6.953422918,5
v1.1,15,2,23.988618664,5
v1.1,15,3,22.744378555,5
v1.1,16,1,8.435741404,5
v1.1,16,2,16.836452423,5
v1.1,16,3,22.221426515,5
v1.1,17,1,7.8658647,5
v1.1,17,2,5.621305372,5
v1.1,17,3,34.515007358,5
v1.1,18,1,36.925622234,5
v1.1,18,2,32.052434379,5
v1.1,18,3,30.385868864,5
v1.1,19,1,21.198505272,5
v1.1,19,2,54.727079847,5
v1.1,19,3,62.570469679,5
v1.1,20,1,67.839230675,5
v1.1,20,2,47.47219088,5
v1.1,20,3,125.221742454,5
v1.1,21,1,117.609685834,5
v1.1,21,2,79.429186897,5
v1.1,21,3,141.609415649,5
v1.1,22,1,6.83442383,5
v1.1,22,2,191.960383482,5
v1.1,22,3,11.274231626,5
v1.1,23,1,60.857675044,5
v1.1,23,2,31.7658824,5
v1.1,23,3,152.681481385,5
v1.1,24,1,124.357773717,5
v1.1,24,2,188.795614361,5
v1.1,24,3,11.28631919,5
v1.1,25,1,11.59749915,5
v1.1,25,2,165.546855222,5
v1.1,25,3,41.649487736,5
v1.1,4,1,0.001911963,5
v1.1,5,1,0.003572672,5
v1.1,6,1,0.012161782,5
v1.1,7,1,0.062524745,5
v1.1,7,2,0.054208088,5
v1.1,8,1,0.163109984,5
v1.1,8,2,0.320219866,5
v1.1,9,1,0.291927289,5
v1.1,9,2,0.051405823,5
v1.1,9,3,0.423072142,5
v1.1,10,1,0.451238931,5
v1.1,10,2,0.087011495,5
v1.1,10,3,1.001950728,5
v1.1,11,1,1.35271071,5
v1.1,11,2,1.066232114,5
v1.1,11,3,1.468208454,5
v1.1,12,1,2.919080808,5
v1.1,12,2,8.677765783,5
v1.1,12,3,3.164904218,5
v1.1,13,1,3.159743293,5
v1.1,13,2,4.082935834,5
v1.1,13,3,1.897700717,5
v1.1,14,1,2.621210496,5
v1.1,14,2,7.769978563,5
v1.1,14,3,10.062450501,5
v1.1,15,1,6.173563554,5
v1.1,15,2,10.331617898,5
v1.1,15,3,11.689431379,5
v1.1,16,1,17.522859435,5
v1.1,16,2,1.356940984,5
v1.1,16,3,29.894724823,5
v1.1,17,1,1.807811637,5
v1.1,17,2,20.315150085,5
v1.1,17,3,7.616257095,5
v1.1,18,1,21.006302553,5
v1.1,18,2,47.355851244,5
v1.1,18,3,18.966282792,5
v1.1,19,1,48.962040407,5
v1.1,19,2,17.105803989,5
v1.1,19,3,89.835568348,5
v1.1,20,1,103.398291658,5
v1.1,20,2,115.578040905,5
v1.1,20,3,92.965339903,5
v1.1,21,1,56.218792825,5
v1.1,21,2,100.574275154,5
v1.1,21,3,68.113456112,5
v1.1,22,1,106.447573026,5
v1.1,22,2,6.744653409,5
v1.1,22,3,31.106558129,5
v1.1,23,1,49.760602445,5
v1.1,23,2,63.496465176,5
v1.1,23,3,130.662861503,5
v1.1,24,1,94.012519474,5
v1.1,24,2,15.300767145,5
v1.1,24,3,47.702651376,5
v1.1,25,1,52.164462913,5
v1.1,25,2,203.111027432,5
v1.1,25,3,19.899687187,5
v1.1,4,1,0.002114744,5
v1.1,5,1,0.003248617,5
v1.1,6,1,0.077905614,5
v1.1,6,2,0.022067243,5
v1.1,7,1,0.071585947,5
v1.1,7,2,0.118497661,5
v1.1,8,1,0.153127552,5
v1.1,8,2,0.099761308,5
v1.1,9,1,0.457397046,5
v1.1,9,2,0.580258583,5
v1.1,9,3,0.525653572,5
v1.1,10,1,0.253356694,5
v1.1,10,2,1.04334087,5
v1.1,10,3,0.638457181,5
v1.1,11,1,1.184359628,5
v1.1,11,2,1.402641636,5
v1.1,11,3,1.196063421,5
v1.1,12,1,1.504685488,5
v1.1,12,2,0.966754345,5
v1.1,12,3,3.931099736,5
v1.1,13,1,6.240938047,5
v1.1,13,2,1.65606385,5
v1.1,13,3,5.27633582,5
v1.1,14,1,10.480531358,5
v1.1,14,2,2.595469778,5
v1.1,14,3,6.443260537,5
v1.1,15,1,7.97619515,5
v1.1,15,2,6.80770061,5
v1.1,15,3,8.770506445,5
v1.1,16,1,14.205484772,5
v1.1,16,2,17.015494849,5
v1.1,16,3,4.637216257,5
v1.1,17,1,8.516770468,5
v1.1,17,2,13.440378177,5
v1.1,17,3,18.604243041,5
v1.1,18,1,23.043427424,5
v1.1,18,2,29.246178365,5
v1.1,18,3,37.802447462,5
v1.1,19,1,7.955682399,5
v1.1,19,2,10.726357178,5
v1.1,19,3,23.911183204,5
v1.1,20,1,38.923826656,5
v1.1,20,2,38.109208952,5
v1.1,20,3,85.984161794,5
v1.1,21,1,97.787309209,5
v1.1,21,2,13.987093307,5
v1.1,21,3,78.493860739,5
v1.1,22,1,37.089202002,5
v1.1,22,2,72.243469424,5
v1.1,22,3,136.521909942,5
v1.1,23,1,141.316670923,5
v1.1,23,2,131.598265334,5
v1.1,23,3,95.743130116,5
v1.1,24,1,155.833594432,5
v1.1,24,2,37.180654258,5
v1.1,24,3,38.826966082,5
v1.1,25,1,38.761855544,5
v1.1,25,2,23.990734079,5
v1.1,25,3,55.650133136,5
v1.1,4,1,0.002090157,5
v1.1,5,1,0.003703859,5
v1.1,6,1,0.013301991,5
v1.1,6,2,0.015354934,5
v1.1,7,1,0.033567605,5
v1.1,7,2,0.078824388,5
v1.1,8,1,0.103472278,5
v1.1,8,2,0.434761277,5
v1.1,9,1,0.153569629,5
v1.1,9,2,0.475716545,5
v1.1,9,3,0.054088382,5
v1.1,10,1,0.838281377,5
v1.1,10,2,0.572823304,5
v1.1,10,3,2.459239661,5
v1.1,11,1,0.414452832,5
v1.1,11,2,2.449259295,5
v1.1,11,3,0.962417942,5
v1.1,12,1,1.953899069,5
v1.1,12,2,3.071881934,5
v1.1,12,3,5.719339614,5
v1.1,13,1,2.863660633,5
v1.1,13,2,9.724166696,5
v1.1,13,3,2.898261811,5
v1.1,14,1,4.648007474,5
v1.1,14,2,8.598529626,5
v1.1,14,3,5.502624835,5
v1.1,15,1,2.224931816,5
v1.1,15,2,1.034189553,5
v1.1,15,3,4.252867216,5
v1.1,16,1,12.021374736,5
v1.1,16,2,6.265043939,5
v1.1,16,3,39.456411314,5
v1.1,17,1,11.084786538,5
v1.1,17,2,32.308927178,5
v1.1,17,3,13.346509574,5
v1.1,18,1,11.825556113,5
v1.1,18,2,8.219571626,5
v1.1,18,3,78.269099577,5
v1.1,19,1,2.53734097,5
v1.1,19,2,12.56934641,5
v1.1,19,3,83.969684693,5
v1.1,20,1,42.095725916,5
v1.1,20,2,42.665676666,5
v1.1,20,3,133.292849536,5
v1.1,21,1,19.848171837,5
v1.1,21,2,101.082960475,5
v1.1,21,3,108.302342646,5
v1.1,22,1,95.351079001,5
v1.1,22,2,246.023659172,5
v1.1,22,3,40.830868168,5
v1.1,23,1,142.498858954,5
v1.1,23,2,136.325826549,5
v1.1,23,3,90.164437366,5
v1.1,24,1,98.668370785,5
v1.1,24,2,291.186570009,5
v1.1,24,3,342.898366844,5
v1.1,25,1,32.034656423,5
v1.1,25,2,134.879173502,5
v1.1,25,3,284.702020627,5
v1.1,4,1,0.00210218,5
v1.1,5,1,0.004026247,5
v1.1,6,1,0.015176295,5
v1.1,6,2,0.09918949,5
v1.1,7,1,0.059729404,5
v1.1,7,2,0.128395172,5
v1.1,8,1,0.367911255,5
v1.1,8,2,0.213790101,5
v1.1,9,1,0.405114445,5
v1.1,9,2,0.352460193,5
v1.1,9,3,0.531476594,5
v1.1,10,1,0.40204117,5
v1.1,10,2,0.083442605,5
v1.1,10,3,1.237423471,5
v1.1,11,1,1.306129654,5
v1.1,11,2,1.246368749,5
v1.1,11,3,3.188285583,5
v1.1,12,1,0.223750004,5
v1.1,12,2,0.328461422,5
v1.1,12,3,1.516989294,5
v1.1,13,1,4.250462576,5
v1.1,13,2,4.083357811,5
v1.1,13,3,5.357671288,5
v1.1,14,1,15.917518053,5
v1.1,14,2,8.053734701,5
v1.1,14,3,0.546538271,5
v1.1,15,1,8.721212171,5
v1.1,15,2,2.989278774,5
v1.1,15,3,3.494325375,5
v1.1,16,1,18.550065577,5
v1.1,16,2,9.613208347,5
v1.1,16,3,16.864257938,5
v1.1,17,1,10.408774856,5
v1.1,17,2,60.409974415,5
v1.1,17,3,25.356727796,5
v1.1,18,1,11.404043254,5
v1.1,18,2,1.874121336,5
v1.1,18,3,57.38603191,5
v1.1,19,1,29.480859553,5
v1.1,19,2,94.27898545,5
v1.1,19,3,15.928411896,5
v1.1,20,1,33.069489207,5
v1.1,20,2,42.767496346,5
v1.1,20,3,105.778245801,5
v1.1,21,1,141.020898894,5
v1.1,21,2,127.887880163,5
v1.1,21,3,51.63730012,5
v1.1,22,1,62.43893332,5
v1.1,22,2,75.737038571,5
v1.1,22,3,149.998766857,5
v1.1,23,1,37.233130621,5
v1.1,23,2,107.204568696,5
v1.1,23,3,43.896910805,5
v1.1,24,1,73.101942912,5
v1.1,24,2,161.516142604,5
v1.1,24,3,235.764315732,5
v1.1,25,1,187.021513046,5
v1.1,25,2,47.755721166,5
v1.1,25,3,89.13578767,5
v1.1,4,1,0.001638534,5
v1.1,5,1,0.002788108,5
v1.1,6,1,0.012923895,5
v1.1,6,2,0.104519753,5
v1.1,7,1,0.053510062,5
v1.1,7,2,0.113551995,5
v1.1,8,1,0.216410213,5
v1.1,8,2,0.09293122,5
v1.1,9,1,0.638327162,5
v1.1,9,2,0.147199028,5
v1.1,9,3,0.770027014,5
v1.1,10,1,0.065737192,5
v1.1,10,2,1.053307964,5
v1.1,10,3,1.047594702,5
v1.1,11,1,0.724294122,5
v1.1,11,2,0.839285894,5
v1.1,11,3,2.820926406,5
v1.1,12,1,2.338296077,5
v1.1,12,2,0.93105269,5
v1.1,12,3,4.998014496,5
v1.1,13,1,2.681828105,5
v1.1,13,2,5.037585918,5
v1.1,13,3,4.707540288,5
v1.1,14,1,1.390838679,5
v1.1,14,2,2.695556032,5
v1.1,14,3,0.679188129,5
v1.1,15,1,9.180637979,5
v1.1,15,2,21.858236006,5
v1.1,15,3,3.738664509,5
v1.1,16,1,18.957505449,5
v1.1,16,2,30.98115672,5
v1.1,16,3,12.618016385,5
v1.1,17,1,54.089521,5
v1.1,17,2,20.909126856,5
v1.1,17,3,21.979476877,5
v1.1,18,1,14.568850463,5
v1.1,18,2,15.60122471,5
v1.1,18,3,15.10795532,5
v1.1,19,1,7.015703927,5
v1.1,19,2,4.186355534,5
v1.1,19,3,141.551644094,5
v1.1,20,1,47.908032907,5
v1.1,20,2,47.383292667,5
v1.1,20,3,149.657037983,5
v1.1,21,1,3.858092164,5
v1.1,21,2,117.236035265,5
v1.1,21,3,124.914879651,5
v1.1,22,1,95.527771357,5
v1.1,22,2,5.273130228,5
v1.1,22,3,100.468320924,5
v1.1,23,1,120.035039021,5
v1.1,23,2,258.459405946,5
v1.1,23,3,99.543629796,5
v1.1,24,1,97.534726162,5
v1.1,24,2,42.996980886,5
v1.1,24,3,296.54689155,5
v1.1,25,1,345.705505826,5
v1.1,25,2,279.16845139,5
v1.1,25,3,290.490591486,5
v1.1,4,1,0.003634804,5
v1.1,5,1,0.008479859,5
v1.1,6,1,0.019451748,5
v1.1,7,1,0.037256706,5
v1.1,7,2,0.094866704,5
v1.1,8,1,0.225536851,5
v1.1,8,2,0.099713555,5
v1.1,9,1,1.838227841,5
v1.1,9,2,0.363192635,5
v1.1,9,3,1.607442736,5
v1.1,10,1,0.540875205,5
v1.1,10,2,0.411257675,5
v1.1,10,3,1.793684714,5
v1.1,11,1,1.246780678,5
v1.1,11,2,0.867334728,5
v1.1,11,3,3.820936614,5
v1.1,12,1,3.182451885,5
v1.1,12,2,4.054506335,5
v1.1,12,3,4.115803012,5
v1.1,13,1,2.474867672,5
v1.1,13,2,5.224471814,5
v1.1,13,3,2.551830045,5
v1.1,14,1,2.583328071,5
v1.1,14,2,2.566823649,5
v1.1,14,3,5.970860726,5
v1.1,15,1,16.319167867,5
v1.1,15,2,8.882590804,5
v1.1,15,3,10.198988168,5
v1.1,16,1,11.904330647,5
v1.1,16,2,9.557514505,5
v1.1,16,3,29.997953297,5
v1.1,17,1,1.685735035,5
v1.1,17,2,22.807393034,5
v1.1,17,3,16.311445256,5
v1.1,18,1,26.18774059,5
v1.1,18,2,27.467971525,5
v1.1,18,3,22.849076939,5
v1.1,19,1,16.5886335,5
v1.1,19,2,107.116903617,5
v1.1,19,3,16.158022535,5
v1.1,20,1,86.713945717,5
v1.1,20,2,4.609049025,5
v1.1,20,3,99.009932384,5
v1.1,21,1,95.413797548,5
v1.1,21,2,34.94384083,5
v1.1,21,3,83.059330015,5
v1.1,22,1,136.799018604,5
v1.1,22,2,77.117631721,5
v1.1,22,3,99.429365145,5
v1.1,23,1,137.714139487,5
v1.1,23,2,107.731738279,5
v1.1,23,3,8.851498033,5
v1.1,24,1,79.844976037,5
v1.1,24,2,114.330446287,5
v1.1,24,3,143.641787325,5
v1.1,25,1,254.90343925,5
v1.1,25,2,308.903332812,5
v1.1,25,3,101.590137414,5
v1.1,4,1,0.001838524,5
v1.1,5,1,0.003735939,5
v1.1,6,1,0.024021303,5
v1.1,6,2,0.059357714,5
v1.1,7,1,0.041473949,5
v1.1,7,2,0.108968851,5
v1.1,8,1,0.177165243,5
v1.1,8,2,0.232538478,5
v1.1,9,1,0.164377513,5
v1.1,9,2,0.43093872,5
v1.1,9,3,0.607392596,5
v1.1,10,1,1.794559562,5
v1.1,10,2,2.741790919,5
v1.1,10,3,0.893834787,5
v1.1,11,1,1.376114512,5
v1.1,11,2,1.662594939,5
v1.1,11,3,1.886459962,5
v1.1,12,1,1.752667268,5
v1.1,12,2,0.268757824,5
v1.1,12,3,4.350824623,5
v1.1,13,1,4.726634903,5
v1.1,13,2,7.169046694,5
v1.1,13,3,1.499472583,5
v1.1,14,1,3.945859644,5
v1.1,14,2,1.940770868,5
v1.1,14,3,3.444965785,5
v1.1,15,1,4.692557181,5
v1.1,15,2,30.10551523,5
v1.1,15,3,4.808701783,5
v1.1,16,1,31.584012934,5
v1.1,16,2,17.987542892,5
v1.1,16,3,15.656370601,5
v1.1,17,1,12.533327847,5
v1.1,17,2,20.020740633,5
v1.1,17,3,14.670715505,5
v1.1,18,1,20.492024456,5
v1.1,18,2,18.387749531,5
v1.1,18,3,12.117886435,5
v1.1,19,1,79.426239199,5
v1.1,19,2,51.456041825,5
v1.1,19,3,14.401690184,5
v1.1,20,1,26.439451772,5
v1.1,20,2,14.802055046,5
v1.1,20,3,136.223162137,5
v1.1,21,1,31.095810325,5
v1.1,21,2,43.238067531,5
v1.1,21,3,120.81853767,5
v1.1,22,1,49.062796691,5
v1.1,22,2,81.482682041,5
v1.1,22,3,244.946674466,5
v1.1,23,1,113.472546909,5
v1.1,23,2,171.102210109,5
v1.1,23,3,122.193202411,5
v1.1,24,1,119.327981696,5
v1.1,24,2,229.153524036,5
v1.1,24,3,355.120454185,5
v1.1,25,1,209.850005459,5
v1.1,25,2,167.819601444,5
v1.1,25,3,263.646779784,5
v1.1,4,1,0.001792068,5
v1.1,5,1,0.00830975,5
v1.1,6,1,0.058014542,5
v1.1,6,2,0.037787254,5
v1.1,7,1,0.103809768,5
v1.1,7,2,0.092980394,5
v1.1,8,1,0.065680704,5
v1.1,8,2,0.142811854,5
v1.1,9,1,0.348296676,5
v1.1,9,2,0.366143598,5
v1.1,9,3,0.109714563,5
v1.1,10,1,1.294371915,5
v1.1,10,2,1.405500091,5
v1.1,10,3,0.47952495,5
v1.1,11,1,1.954972712,5
v1.1,11,2,0.181375069,5
v1.1,11,3,1.822318546,5
v1.1,12,1,3.189067631,5
v1.1,12,2,3.01604887,5
v1.1,12,3,1.679172107,5
v1.1,13,1,3.562437702,5
v1.1,13,2,1.43570131,5
v1.1,13,3,0.622060997,5
v1.1,14,1,4.499178346,5
v1.1,14,2,2.743688984,5
v1.1,14,3,6.703076808,5
v1.1,15,1,8.376832546,5
v1.1,15,2,15.62789934,5
v1.1,15,3,24.555277316,5
v1.1,16,1,10.213032718,5
v1.1,16,2,6.700509318,5
v1.1,16,3,11.579378815,5
v1.1,17,1,13.314929455,5
v1.1,17,2,39.726157308,5
v1.1,17,3,31.711899294,5
v1.1,18,1,43.281756738,5
v1.1,18,2,52.633430287,5
v1.1,18,3,37.140510432,5
v1.1,19,1,79.485403084,5
v1.1,19,2,78.805367375,5
v1.1,19,3,3.813685813,5
v1.1,20,1,40.879825641,5
v1.1,20,2,59.671298873,5
v1.1,20,3,75.492219704,5
v1.1,21,1,37.258692383,5
v1.1,21,2,26.387395598,5
v1.1,21,3,32.300092335,5
v1.1,22,1,34.661771515,5
v1.1,22,2,7.489279455,5
v1.1,22,3,6.949308321,5
v1.1,23,1,60.059927919,5
v1.1,23,2,280.78783402,5
v1.1,23,3,145.142817108,5
v1.1,24,1,329.318078653,5
v1.1,24,2,129.256218985,5
v1.1,24,3,188.15639825,5
v1.1,25,1,105.69693711,5
v1.1,25,2,44.979585339,5
v1.1,25,3,20.341542377,5
v1.1,4,1,0.002693618,5
v1.1,5,1,0.004525159,5
v1.1,6,1,0.007440917,5
v1.1,6,2,0.020169236,5
v1.1,7,1,0.025437215,5
v1.1,7,2,0.063817831,5
v1.1,8,1,0.206780575,5
v1.1,8,2,0.30869148,5
v1.1,9,1,0.138798798,5
v1.1,9,2,0.707340933,5
v1.1,9,3,0.374966012,5
v1.1,10,1,1.367816302,5
v1.1,10,2,0.622930225,5
v1.1,10,3,0.391335338,5
v1.1,11,1,0.166721144,5
v1.1,11,2,2.498862532,5
v1.1,11,3,1.060885619,5
v1.1,12,1,2.238468547,5
v1.1,12,2,4.540797271,5
v1.1,12,3,1.865894604,5
v1.1,13,1,4.937186326,5
v1.1,13,2,3.927069775,5
v1.1,13,3,8.013966914,5
v1.1,14,1,2.637869003,5
v1.1,14,2,13.808156006,5
v1.1,14,3,14.765039062,5
v1.1,15,1,7.190029196,5
v1.1,15,2,17.534891502,5
v1.1,15,3,7.060449636,5
v1.1,16,1,14.865637202,5
v1.1,16,2,37.014865389,5
v1.1,16,3,11.651084636,5
v1.1,17,1,12.909033269,5
v1.1,17,2,16.288674765,5
v1.1,17,3,7.113186497,5
v1.1,18,1,10.623762214,5
v1.1,18,2,1.733109104,5
v1.1,18,3,38.733403968,5
v1.1,19,1,34.777588369,5
v1.1,19,2,37.8171637,5
v1.1,19,3,89.97228056,5
v1.1,20,1,29.141436135,5
v1.1,20,2,14.601063238,5
v1.1,20,3,122.14386531,5
v1.1,21,1,22.412868214,5
v1.1,21,2,96.836694742,5
v1.1,21,3,102.78813029,5
v1.1,22,1,48.461188086,5
v1.1,22,2,123.32694763,5
v1.1,23,1,83.217341423,5
v1.1,23,2,108.641772509,5
v1.1,23,3,170.611219545,5
v1.1,24,1,26.945828888,5
v1.1,24,2,123.709754714,5
v1.1,24,3,151.548530451,5
v1.1,25,1,139.035775979,5
v1.1,25,2,98.701669154,5
v1.1,25,3,226.932069904,5
v1.1,4,1,0.002297783,5
v1.1,5,1,0.002906435,5
v1.1,6,1,0.0140463,5
v1.1,7,1,0.121604599,5
v1.1,7,2,0.129058683,5
v1.1,8,1,0.110140893,5
v1.1,8,2,0.178313365,5
v1.1,9,1,0.58446885,5
v1.1,9,2,0.3262037,5
v1.1,9,3,0.619525714,5
v1.1,10,1,1.502449862,5
v1.1,10,2,1.307702418,5
v1.1,10,3,1.316077569,5
v1.1,11,1,0.980226611,5
v1.1,11,2,1.416530295,5
v1.1,11,3,8.372207296,5
v1.1,12,1,1.418622808,5
v1.1,12,2,1.964364944,5
v1.1,12,3,5.970645307,5
v1.1,13,1,3.174869293,5
v1.1,13,2,1.960166106,5
v1.1,13,3,3.582324326,5
v1.1,14,1,3.161400936,5
v1.1,14,2,8.66502544,5
v1.1,14,3,0.745911914,5
v1.1,15,1,7.769423588,5
v1.1,15,2,22.30514556,5
v1.1,15,3,32.776154723,5
v1.1,16,1,11.70804694,5
v1.1,16,2,17.35872307,5
v1.1,16,3,8.40793086,5
v1.1,17,1,22.941317548,5
v1.1,17,2,22.219130131,5
v1.1,17,3,28.648738262,5
v1.1,18,1,21.867635688,5
v1.1,18,2,2.813141614,5
v1.1,18,3,28.566648351,5
v1.1,19,1,13.793008259,5
v1.1,19,2,41.186651133,5
v1.1,19,3,53.451741351,5
v1.1,20,1,36.084055183,5
v1.1,20,2,37.954644373,5
v1.1,20,3,20.378700293,5
v1.1,21,1,18.955723684,5
v1.1,21,2,53.430122678,5
v1.1,21,3,98.909069226,5
v1.1,22,1,86.517939665,5
v1.1,22,2,30.536166979,5
v1.1,22,3,54.587503913,5
v1.1,23,1,7.548951456,5
v1.1,23,2,72.170952625,5
v1.1,23,3,209.976051913,5
v1.1,24,1,31.076029964,5
v1.1,24,2,219.711300721,5
v1.1,24,3,140.739135798,5
v1.1,25,1,204.490844392,5
v1.1,25,2,75.651688243,5
v1.1,25,3,60.669132644,5
v1.1,4,1,0.002488786,5
v1.1,5,1,0.00296553,5
v1.1,6,1,0.041125863,5
v1.1,6,2,0.017635846,5
v1.1,7,1,0.057615708,5
v1.1,7,2,0.096356701,5
v1.1,8,1,0.101249417,5
v1.1,8,2,0.086893813,5
v1.1,9,1,0.320596428,5
v1.1,9,2,0.519063006,5
v1.1,9,3,1.669298883,5
v1.1,10,1,0.572996351,5
v1.1,10,2,0.907706696,5
v1.1,10,3,0.430275294,5
v1.1,11,1,1.689003366,5
v1.1,11,2,3.349378109,5
v1.1,11,3,0.736378272,5
v1.1,12,1,2.256985102,5
v1.1,12,2,2.867045449,5
v1.1,12,3,1.264374078,5
v1.1,13,1,4.897912431,5
v1.1,13,2,5.65840025,5
v1.1,13,3,3.944739602,5
v1.1,14,1,7.596711708,5
v1.1,14,2,5.878725283,5
v1.1,14,3,0.586660132,5
v1.1,15,1,9.130389341,5
v1.1,15,2,8.140326542,5
v1.1,15,3,17.726348163,5
v1.1,16,1,18.036856978,5
v1.1,16,2,7.428181351,5
v1.1,16,3,32.305973299,5
v1.1,17,1,32.85341245,5
v1.1,17,2,33.089829536,5
v1.1,17,3,15.876630462,5
v1.1,18,1,7.834211773,5
v1.1,18,2,27.848126438,5
v1.1,18,3,2.267782855,5
v1.1,19,1,49.906755048,5
v1.1,19,2,13.568303214,5
v1.1,19,3,62.644015921,5
v1.1,20,1,27.279488552,5
v1.1,20,2,104.282020004,5
v1.1,20,3,205.062484306,5
v1.1,21,1,73.103582611,5
v1.1,21,2,39.893598511,5
v1.1,21,3,52.449304178,5
v1.1,22,1,51.179002834,5
v1.1,22,2,22.869853168,5
v1.1,22,3,85.953769931,5
v1.1,23,1,237.410382728,5
v1.1,23,2,244.186587918,5
v1.1,23,3,158.68329125,5
v1.1,24,1,153.167571426,5
v1.1,24,2,232.313725269,5
v1.1,24,3,337.174851377,5
v1.1,25,1,101.707014657,5
v1.1,25,2,16.534942328,5
v1.1,25,3,420.831955985,5
v1.1,4,1,0.00195743,5
v1.1,5,1,0.040215189,5
v1.1,6,1,0.015662045,5
v1.1,6,2,0.029603917,5
v1.1,7,1,0.088069459,5
v1.1,7,2,0.08236767,5
v1.1,8,1,0.102486635,5
v1.1,8,2,0.369835635,5
v1.1,9,1,0.287765827,5
v1.1,9,2,0.255650282,5
v1.1,9,3,0.422564367,5
v1.1,10,1,0.543539579,5
v1.1,10,2,0.252454506,5
v1.1,10,3,1.869222269,5
v1.1,11,1,1.94366296,5
v1.1,11,2,1.984611701,5
v1.1,11,3,0.729461786,5
v1.1,12,1,5.68152261,5
v1.1,12,2,3.429484241,5
v1.1,12,3,1.157763522,5
v1.1,13,1,1.625192044,5
v1.1,13,2,4.433284585,5
v1.1,13,3,12.324792604,5
v1.1,14,1,2.594148994,5
v1.1,14,2,14.679480345,5
v1.1,14,3,11.469497799,5
v1.1,15,1,7.363177913,5
v1.1,15,2,13.329065176,5
v1.1,15,3,9.336880613,5
v1.1,16,1,11.609787956,5
v1.1,16,2,31.147547353,5
v1.1,16,3,15.392930609,5
v1.1,17,1,14.250485159,5
v1.1,17,2,9.106091092,5
v1.1,17,3,32.088731711,5
v1.1,18,1,6.896643851,5
v1.1,18,2,14.673094532,5
v1.1,18,3,73.405436106,5
v1.1,19,1,22.026328244,5
v1.1,19,2,43.067537508,5
v1.1,19,3,35.530321199,5
v1.1,20,1,87.399015772,5
v1.1,20,2,101.329544042,5
v1.1,20,3,16.556629582,5
v1.1,21,1,65.448914661,5
v1.1,21,2,50.54595726,5
v1.1,21,3,26.763945174,5
v1.1,22,1,159.805754535,5
v1.1,22,2,27.702268814,5
v1.1,22,3,68.348193604,5
v1.1,23,1,113.570042211,5
v1.1,23,2,98.316901563,5
v1.1,23,3,103.613666082,5
v1.1,24,1,74.159420973,5
v1.1,24,2,144.507712346,5
v1.1,24,3,331.979369639,5
v1.1,25,1,144.835552208,5
v1.1,25,2,185.529787735,5
v1.1,25,3,200.08254364,5
v1.1,4,1,0.001866521,5
v1.1,5,1,0.005522121,5
v1.1,6,1,0.027437506,5
v1.1,6,2,0.015641316,5
v1.1,7,1,0.046209833,5
v1.1,7,2,0.224256296,5
v1.1,8,1,0.39345077,5
v1.1,8,2,0.226870757,5
v1.1,9,1,0.675997819,5
v1.1,9,2,0.440230149,5
v1.1,9,3,0.350885726,5
v1.1,10,1,0.859357021,5
v1.1,10,2,0.405827429,5
v1.1,10,3,1.555583186,5
v1.1,11,1,1.954288338,5
v1.1,11,2,0.521557535,5
v1.1,11,3,0.500196376,5
v1.1,12,1,1.205134925,5
v1.1,12,2,5.865165478,5
v1.1,12,3,4.046847798,5
v1.1,13,1,3.825684124,5
v1.1,13,2,4.368354527,5
v1.1,13,3,0.464298498,5
v1.1,14,1,0.382975591,5
v1.1,14,2,8.684090455,5
v1.1,14,3,2.582741035,5
v1.1,15,1,4.439631722,5
v1.1,15,2,5.541923834,5
v1.1,15,3,30.347169096,5
v1.1,16,1,12.308052014,5
v1.1,16,2,3.689197945,5
v1.1,16,3,4.815292665,5
v1.1,17,1,9.125407768,5
v1.1,17,2,20.735883204,5
v1.1,17,3,18.434359606,5
v1.1,18,1,28.616084711,5
v1.1,18,2,25.909740594,5
v1.1,18,3,51.151099899,5
v1.1,19,1,61.508380342,5
v1.1,19,2,20.337787831,5
v1.1,19,3,72.078577803,5
v1.1,20,1,37.454859543,5
v1.1,20,2,70.243359067,5
v1.1,20,3,21.039071186,5
v1.1,21,1,6.309371816,5
v1.1,21,2,61.397376563,5
v1.1,21,3,49.558836906,5
v1.1,22,1,66.538101347,5
v1.1,22,2,44.116073178,5
v1.1,22,3,34.27992012,5
v1.1,23,1,176.615495446,5
v1.1,23,2,10.696914417,5
v1.1,23,3,211.69919438,5
v1.1,24,1,169.104593246,5
v1.1,24,2,84.079885455,5
v1.1,24,3,59.314013978,5
v1.1,25,1,311.313671895,5
v1.1,25,2,81.510022304,5
v1.1,25,3,171.670389028,5
v1.1,4,1,0.001921293,5
v1.1,5,1,0.00155054,5
v1.1,6,1,0.012014516,5
v1.1,6,2,0.028956687,5
v1.1,7,1,0.051151189,5
v1.1,7,2,0.247728862,5
v1.1,8,1,0.364324224,5
v1.1,8,2,0.177249832,5
v1.1,9,1,0.641959797,5
v1.1,9,2,0.29251299,5
v1.1,10,1,0.396875261,5
v1.1,10,2,0.542234924,5
v1.1,10,3,1.561637302,5
v1.1,11,1,0.673648524,5
v1.1,11,2,1.976391852,5
v1.1,11,3,1.018141855,5
v1.1,12,1,2.375734366,5
v1.1,12,2,4.182331191,5
v1.1,12,3,3.510970301,5
v1.1,13,1,1.555035467,5
v1.1,13,2,7.85657369,5
v1.1,13,3,16.552836682,5
v1.1,14,1,2.913252649,5
v1.1,14,2,8.821214404,5
v1.1,14,3,7.688146784,5
v1.1,15,1,10.989881079,5
v1.1,15,2,11.079661987,5
v1.1,15,3,11.3121986,5
v1.1,16,1,7.031165797,5
v1.1,16,2,13.370480887,5
v1.1,16,3,16.411637439,5
v1.1,17,1,17.558175704,5
v1.1,17,2,29.806891357,5
v1.1,17,3,7.126817354,5
v1.1,18,1,56.565431646,5
v1.1,18,2,38.167479399,5
v1.1,18,3,86.321879975,5
v1.1,19,1,12.556468915,5
v1.1,19,2,70.005023765,5
v1.1,19,3,12.819035475,5
v1.1,20,1,45.878488742,5
v1.1,20,2,67.343256823,5
v1.1,20,3,56.283711068,5
v1.1,21,1,50.023640729,5
v1.1,21,2,100.418883541,5
v1.1,21,3,26.368096415,5
v1.1,22,1,76.303702546,5
v1.1,22,2,186.348384836,5
v1.1,22,3,68.097022291,5
v1.1,23,1,5.998077771,5
v1.1,23,2,84.006722522,5
v1.1,23,3,123.076565075,5
v1.1,24,1,47.943407262,5
v1.1,24,2,63.999291823,5
v1.1,24,3,246.098835822,5
v1.1,25,1,119.467205596,5
v1.1,25,2,215.022053855,5
v1.1,25,3,207.496685439,5
v1.1,4,1,0.002343201,5
v1.1,5,1,0.004489041,5
v1.1,6,1,0.02542334,5
v1.1,6,2,0.05022645,5
v1.1,7,1,0.090635364,5
v1.1,7,2,0.038781251,5
v1.1,8,1,0.183519743,5
v1.1,8,2,0.39797378,5
v1.1,9,1,0.304339413,5
v1.1,9,2,1.146041688,5
v1.1,9,3,0.141997637,5
v1.1,10,1,0.122172559,5
v1.1,10,2,0.116950096,5
v1.1,10,3,1.130784383,5
v1.1,11,1,1.816154001,5
v1.1,11,2,0.387392337,5
v1.1,11,3,0.438858102,5
v1.1,12,1,1.949968621,5
v1.1,12,2,3.473658388,5
v1.1,12,3,1.419717054,5
v1.1,13,1,3.367866301,5
v1.1,13,2,4.519969874,5
v1.1,13,3,1.859471831,5
v1.1,14,1,3.415634875,5
v1.1,14,2,11.148570543,5
v1.1,14,3,9.566708638,5
v1.1,15,1,9.044690787,5
v1.1,15,2,6.893316807,5
v1.1,15,3,42.772189396,5
v1.1,16,1,3.209330984,5
v1.1,16,2,1.249152695,5
v1.1,16,3,5.719181656,5
v1.1,17,1,27.550892674,5
v1.1,17,2,10.604499592,5
v1.1,17,3,7.890643915,5
v1.1,18,1,13.806021286,5
v1.1,18,2,80.473930343,5
v1.1,18,3,12.248183961,5
v1.1,19,1,65.754456291,5
v1.1,19,2,110.65101969,5
v1.1,19,3,16.66485558,5
v1.1,20,1,53.999578681,5
v1.1,20,2,89.609250119,5
v1.1,20,3,66.511355153,5
v1.1,21,1,95.428143493,5
v1.1,21,2,146.544590609,5
v1.1,21,3,110.961384371,5
v1.1,22,1,99.878624086,5
v1.1,22,2,64.696978252,5
v1.1,22,3,48.503241558,5
v1.1,23,1,97.874150442,5
v1.1,23,2,167.095091385,5
v1.1,23,3,97.949805328,5
v1.1,24,1,196.408463797,5
v1.1,24,2,33.582153329,5
v1.1,24,3,193.035142529,5
v1.1,25,1,116.397324133,5
v1.1,25,2,137.357958978,5
v1.1,25,3,170.969833266,5
v1.1,4,1,0.001093279,5
v1.1,5,1,0.002688968,5
v1.1,6,1,0.009045581,5
v1.1,6,2,0.015232813,5
v1.1,7,1,0.010816202,5
v1.1,7,2,0.011259595,5
v1.1,8,1,0.072356431,5
v1.1,8,2,0.257626842,5
v1.1,9,1,0.187662193,5
v1.1,9,2,0.234443499,5
v1.1,9,3,0.221308848,5
v1.1,10,1,1.544847429,5
v1.1,10,2,0.381937227,5
v1.1,10,3,1.686456242,5
v1.1,11,1,1.785720049,5
v1.1,11,2,0.595679089,5
v1.1,11,3,2.251375099,5
v1.1,12,1,4.676697864,5
v1.1,12,2,10.037604007,5
v1.1,12,3,4.794076599,5
v1.1,13,1,3.003225822,5
v1.1,13,2,4.516305542,5
v1.1,13,3,6.680289301,5
v1.1,14,1,4.262404395,5
v1.1,14,2,8.42000878,5
v1.1,14,3,3.224498269,5
v1.1,15,1,7.827997093,5
v1.1,15,2,12.345819388,5
v1.1,15,3,9.904286157,5
v1.1,16,1,31.523607622,5
v1.1,16,2,5.943833461,5
v1.1,16,3,19.16145462,5
v1.1,17,1,17.999135986,5
v1.1,17,2,10.236076609,5
v1.1,17,3,76.536786465,5
v1.1,18,1,58.494890425,5
v1.1,18,2,26.211387354,5
v1.1,18,3,44.132727448,5
v1.1,19,1,64.463545655,5
v1.1,19,2,32.898332039,5
v1.1,19,3,73.031490355,5
v1.1,20,1,33.352065111,5
v1.1,20,2,93.544872562,5
v1.1,20,3,176.530076551,5
v1.1,21,1,50.116923232,5
v1.1,21,2,60.31828787,5
v1.1,21,3,92.456813314,5
v1.1,22,1,91.055753549,5
v1.1,22,2,82.15721541,5
v1.1,22,3,142.488372689,5
v1.1,23,1,184.76056021,5
v1.1,23,2,33.83881182,5
v1.1,23,3,91.329407446,5
v1.1,24,1,150.87066041,5
v1.1,24,2,165.975340584,5
v1.1,24,3,205.620669988,5
v1.1,25,1,69.082144215,5
v1.1,25,2,258.816012442,5
v1.1,25,3,383.091525111,5
v1.1,4,1,0.001754346,5
v1.1,5,1,0.002980103,5
v1.1,6,1,0.014387999,5
v1.1,6,2,0.066264395,5
v1.1,7,1,0.037873299,5
v1.1,7,2,0.045927149,5
v1.1,8,1,0.237567638,5
v1.1,8,2,0.259971729,5
v1.1,9,1,0.519713209,5
v1.1,9,2,0.455037968,5
v1.1,9,3,0.528979366,5
v1.1,10,1,1.465547596,5
v1.1,10,2,0.502665114,5
v1.1,10,3,0.458289565,5
v1.1,11,1,2.463961736,5
v1.1,11,2,3.843677062,5
v1.1,11,3,6.788970823,5
v1.1,12,1,3.464024004,5
v1.1,12,2,2.538564173,5
v1.1,12,3,1.6888942,5
v1.1,13,1,1.925967048,5
v1.1,13,2,3.775883414,5
v1.1,13,3,0.727424086,5
v1.1,14,1,5.113644776,5
v1.1,14,2,15.313163574,5
v1.1,14,3,19.541390849,5
v1.1,15,1,11.018754729,5
v1.1,15,2,2.433192432,5
v1.1,15,3,6.347881845,5
v1.1,16,1,17.288855352,5
v1.1,16,2,5.711120842,5
v1.1,16,3,4.401910017,5
v1.1,17,1,6.55063391,5
v1.1,17,2,15.622213722,5
v1.1,17,3,48.143807791,5
v1.1,18,1,2.832195788,5
v1.1,18,2,28.192539385,5
v1.1,18,3,33.859467176,5
v1.1,19,1,18.978472619,5
v1.1,19,2,75.449283795,5
v1.1,19,3,15.3549313,5
v1.1,20,1,19.783763324,5
v1.1,20,2,47.299700271,5
v1.1,20,3,38.015458245,5
v1.1,21,1,38.448462879,5
v1.1,21,2,59.89287667,5
v1.1,21,3,65.47178026,5
v1.1,22,1,32.967395022,5
v1.1,22,2,126.25526222,5
v1.1,22,3,196.324975421,5
v1.1,23,1,89.280149577,5
v1.1,23,2,180.294040087,5
v1.1,23,3,47.10975514,5
v1.1,24,1,117.082104357,5
v1.1,24,2,205.85046672,5
v1.1,24,3,148.229751337,5
v1.1,25,1,80.077438056,5
v1.1,25,2,257.447825383,5
v1.1,25,3,55.047719059,5
v1.1,4,1,0.002165377,5
v1.1,5,1,0.003332259,5
v1.1,6,1,0.012233796,5
v1.1,6,2,0.042203741,5
v1.1,7,1,0.026088699,5
v1.1,7,2,0.062288607,5
v1.1,8,1,0.092542783,5
v1.1,8,2,0.046100031,5
v1.1,9,1,0.326316698,5
v1.1,9,2,0.761758674,5
v1.1,9,3,0.547754256,5
v1.1,10,1,0.809329241,5
v1.1,10,2,0.500864895,5
v1.1,10,3,1.481531924,5
v1.1,11,1,0.832507453,5
v1.1,11,2,3.355858583,5
v1.1,11,3,1.897046862,5
v1.1,12,1,0.267019382,5
v1.1,12,2,2.672563835,5
v1.1,12,3,2.683586485,5
v1.1,13,1,4.116337358,5
v1.1,13,2,7.553901227,5
v1.1,13,3,4.430631009,5
v1.1,14,1,8.818591955,5
v1.1,14,2,5.180337213,5
v1.1,14,3,4.868247488,5
v1.1,15,1,6.89063862,5
v1.1,15,2,12.609424733,5
v1.1,15,3,15.60956634,5
v1.1,16,1,10.630353563,5
v1.1,16,2,15.854636214,5
v1.1,16,3,17.703927962,5
v1.1,17,1,34.0736,5
v1.1,17,2,15.827943228,5
v1.1,17,3,28.510945471,5
v1.1,18,1,17.678017369,5
v1.1,18,2,9.663471161,5
v1.1,18,3,26.017160114,5
v1.1,19,1,14.68378404,5
v1.1,19,2,14.529167309,5
v1.1,19,3,121.963285638,5
v1.1,20,1,33.692083144,5
v1.1,20,2,4.977047854,5
v1.1,20,3,41.03249335,5
v1.1,21,1,33.489927509,5
v1.1,21,2,68.371022652,5
v1.1,21,3,93.307003519,5
v1.1,22,1,35.341366344,5
v1.1,22,2,6.533413866,5
v1.1,22,3,56.534169565,5
v1.1,23,1,136.846825138,5
v1.1,23,2,23.886786249,5
v1.1,23,3,230.325367588,5
v1.1,24,1,150.875968765,5
v1.1,24,2,155.891642487,5
v1.1,24,3,227.216676378,5
v1.1,25,1,182.497052772,5
v1.1,25,2,367.111589344,5
v1.1,25,3,46.33657201,5
v1.1,4,1,0.002065077,5
v1.1,5,1,0.003507001,5
v1.1,6,1,0.006629405,5
v1.1,6,2,0.041570065,5
v1.1,7,1,0.028567482,5
v1.1,7,2,0.063102601,5
v1.1,8,1,0.076231875,5
v1.1,8,2,0.168701904,5
v1.1,9,1,0.155589086,5
v1.1,9,2,0.391621205,5
v1.1,9,3,0.42677485,5
v1.1,10,1,0.662349311,5
v1.1,10,2,1.078669929,5
v1.1,10,3,0.873693135,5
v1.1,11,1,0.15141938,5
v1.1,11,2,0.627899008,5
v1.1,11,3,1.53891306,5
v1.1,12,1,5.063469685,5
v1.1,12,2,1.145957367,5
v1.1,12,3,3.85403247,5
v1.1,13,1,5.46551205,5
v1.1,13,2,4.474931948,5
v1.1,13,3,3.594401368,5
v1.1,14,1,15.40274226,5
v1.1,14,2,9.036318656,5
v1.1,14,3,5.667955014,5
v1.1,15,1,5.599753963,5
v1.1,15,2,19.224080124,5
v1.1,15,3,14.223838136,5
v1.1,16,1,6.139897498,5
v1.1,16,2,17.488452609,5
v1.1,16,3,19.637166865,5
v1.1,17,1,19.560623846,5
v1.1,17,2,47.673878465,5
v1.1,17,3,27.273061392,5
v1.1,18,1,25.412869401,5
v1.1,18,2,32.397734442,5
v1.1,18,3,10.675083407,5
v1.1,19,1,18.079716429,5
v1.1,19,2,44.932651485,5
v1.1,19,3,38.161725342,5
v1.1,20,1,40.990959842,5
v1.1,20,2,49.964009965,5
v1.1,20,3,72.520694557,5
v1.1,21,1,89.267905388,5
v1.1,21,2,42.061126178,5
v1.1,21,3,49.829179628,5
v1.1,22,1,15.658732821,5
v1.1,22,2,120.411843027,5
v1.1,22,3,41.48454849,5
v1.1,23,1,111.119932884,5
v1.1,23,2,123.978452648,5
v1.1,23,3,9.551236333,5
v1.1,24,1,88.636038109,5
v1.1,24,2,125.854560143,5
v1.1,24,3,20.993845082,5
v1.1,25,1,241.584452864,5
v1.1,25,2,398.452642398,5
v1.1,25,3,129.550999848,5
v1.1,4,1,0.001451152,5
v1.1,5,1,0.004920825,5
v1.1,6,1,0.021637805,5
v1.1,7,1,0.065241426,5
v1.1,7,2,0.086483521,5
v1.1,8,1,0.067447403,5
v1.1,8,2,0.126473979,5
v1.1,9,1,0.56625648,5
v1.1,9,2,0.271269312,5
v1.1,9,3,0.42307836,5
v1.1,10,1,0.353073213,5
v1.1,10,2,1.517806098,5
v1.1,10,3,0.580368072,5
v1.1,11,1,0.36624153,5
v1.1,11,2,0.258135489,5
v1.1,11,3,2.309445183,5
v1.1,12,1,1.064886139,5
v1.1,12,2,0.332292383,5
v1.1,12,3,1.869516432,5
v1.1,13,1,4.440065193,5
v1.1,13,2,7.009276893,5
v1.1,13,3,5.765247452,5
v1.1,14,1,7.712871159,5
v1.1,14,2,2.492425005,5
v1.1,14,3,15.596819764,5
v1.1,15,1,10.079722509,5
v1.1,15,2,19.826581981,5
v1.1,15,3,4.289617921,5
v1.1,16,1,20.545861036,5
v1.1,16,2,38.633327478,5
v1.1,16,3,26.137434178,5
v1.1,17,1,1.733364324,5
v1.1,17,2,46.235698146,5
v1.1,17,3,9.179770222,5
v1.1,18,1,19.488571491,5
v1.1,18,2,42.624250824,5
v1.1,18,3,54.279822708,5
v1.1,19,1,18.467668844,5
v1.1,19,2,17.054242771,5
v1.1,19,3,19.192133686,5
v1.1,20,1,11.472483315,5
v1.1,20,2,63.892291633,5
v1.1,20,3,164.916396266,5
v1.1,21,1,70.395675923,5
v1.1,21,2,69.988209211,5
v1.1,21,3,99.484793469,5
v1.1,22,1,67.262860237,5
v1.1,22,2,115.382320916,5
v1.1,22,3,83.241482461,5
v1.1,23,1,195.863002337,5
v1.1,23,2,38.886882087,5
v1.1,23,3,112.116420683,5
v1.1,24,1,180.946336917,5
v1.1,24,2,174.27977965,5
v1.1,24,3,201.912437547,5
v1.1,25,1,34.414027535,5
v1.1,25,2,147.632883602,5
v1.1,25,3,335.014634494,5
v1.1,4,1,0.003195093,5
v1.1,5,1,0.00320624,5
v1.1,6,1,0.032726193,5
v1.1,6,2,0.009965911,5
v1.1,7,1,0.064156383,5
v1.1,7,2,0.01155676,5
v1.1,8,1,0.141895914,5
v1.1,8,2,0.177011312,5
v1.1,9,1,0.201880202,5
v1.1,9,2,0.487350123,5
v1.1,9,3,0.287979106,5
v1.1,10,1,0.385692608,5
v1.1,10,2,0.970372581,5
v1.1,10,3,3.566513071,5
v1.1,11,1,1.683973058,5
v1.1,11,2,0.82672711,5
v1.1,11,3,0.241564296,5
v1.1,12,1,2.047921168,5
v1.1,12,2,3.29062455,5
v1.1,12,3,1.857636275,5
v1.1,13,1,7.371771272,5
v1.1,13,2,5.808289513,5
v1.1,13,3,4.876989243,5
v1.1,14,1,4.515671521,5
v1.1,14,2,5.279647927,5
v1.1,14,3,10.580833852,5
v1.1,15,1,6.212674868,5
v1.1,15,2,13.958373686,5
v1.1,15,3,37.627984231,5
v1.1,16,1,13.661489996,5
v1.1,16,2,16.308460143,5
v1.1,16,3,28.884824308,5
v1.1,17,1,23.369191135,5
v1.1,17,2,27.478226058,5
v1.1,17,3,26.496109784,5
v1.1,18,1,20.712434449,5
v1.1,18,2,56.7200871,5
v1.1,18,3,80.533206225,5
v1.1,19,1,39.774234451,5
v1.1,19,2,64.959210229,5
v1.1,19,3,15.217324026,5
v1.1,20,1,54.218831084,5
v1.1,20,2,72.432136054,5
v1.1,20,3,44.322715895,5
v1.1,21,1,39.022210336,5
v1.1,21,2,20.815406293,5
v1.1,21,3,32.63993129,5
v1.1,22,1,104.399663861,5
v1.1,22,2,83.276894833,5
v1.1,22,3,105.776744541,5
v1.1,23,1,190.950121411,5
v1.1,23,2,43.755920606,5
v1.1,23,3,136.387956923,5
v1.1,24,1,233.855378824,5
v1.1,24,2,87.836511739,5
v1.1,24,3,87.357621079,5
v1.1,25,1,291.280459615,5
v1.1,25,2,13.827109639,5
v1.1,25,3,335.756453135,5
v1.1,4,1,0.002845803,5
v1.1,5,1,0.004456848,5
v1.1,6,1,0.021614357,5
v1.1,6,2,0.014782424,5
v1.1,7,1,0.084985477,5
v1.1,7,2,0.116463943,5
v1.1,8,1,0.348873794,5
v1.1,8,2,0.396533658,5
v1.1,9,1,0.420033253,5
v1.1,9,2,0.743393898,5
v1.1,9,3,1.332009289,5
v1.1,10,1,0.62481559,5
v1.1,10,2,0.989443966,5
v1.1,10,3,0.966361615,5
v1.1,11,1,0.466432545,5
v1.1,11,2,0.205210016,5
v1.1,11,3,1.791051163,5
v1.1,12,1,1.187325555,5
v1.1,12,2,4.229294998,5
v1.1,12,3,7.214810276,5
v1.1,13,1,3.555586212,5
v1.1,13,2,1.766453113,5
v1.1,13,3,12.472378807,5
v1.1,14,1,6.414683228,5
v1.1,14,2,8.230450216,5
v1.1,14,3,16.082602933,5
v1.1,15,1,6.362791368,5
v1.1,15,2,13.783231599,5
v1.1,15,3,12.009336837,5
v1.1,16,1,4.709013193,5
v1.1,16,2,7.449913444,5
v1.1,16,3,4.043904542,5
v1.1,17,1,19.902473912,5
v1.1,17,2,39.142437793,5
v1.1,17,3,5.933949351,5
v1.1,18,1,24.575548252,5
v1.1,18,2,40.910540783,5
v1.1,18,3,34.784580905,5
v1.1,19,1,47.935446252,5
v1.1,19,2,3.699081093,5
v1.1,19,3,79.959755541,5
v1.1,20,1,42.018933485,5
v1.1,20,2,62.244813748,5
v1.1,20,3,75.04853965,5
v1.1,21,1,44.484074133,5
v1.1,21,2,66.0680347,5
v1.1,21,3,69.93270663,5
v1.1,22,1,86.730836461,5
v1.1,22,2,163.254611428,5
v1.1,22,3,8.530116758,5
v1.1,23,1,56.624269836,5
v1.1,23,2,99.72671326,5
v1.1,23,3,28.711328854,5
v1.1,24,1,65.382682914,5
v1.1,24,2,256.542056733,5
v1.1,24,3,233.796347739,5
v1.1,25,1,198.331055645,5
v1.1,25,2,263.299011725,5
v1.1,25,3,214.539151084,5
v1.1,4,1,0.00306248,5
v1.1,5,1,0.004707818,5
v1.1,6,1,0.009908226,5
v1.1,6,2,0.0190914,5
v1.1,7,1,0.061236202,5
v1.1,7,2,0.089833583,5
v1.1,8,1,0.060868283,5
v1.1,8,2,0.396398093,5
v1.1,9,1,0.391626015,5
v1.1,9,2,0.307728866,5
v1.1,9,3,0.148870198,5
v1.1,10,1,0.862139175,5
v1.1,10,2,1.558445491,5
v1.1,10,3,1.170680832,5
v1.1,11,1,1.225530467,5
v1.1,11,2,0.184626467,5
v1.1,11,3,1.70352349,5
v1.1,12,1,2.058917715,5
v1.1,12,2,3.793138918,5
v1.1,12,3,5.446248084,5
v1.1,13,1,6.267256113,5
v1.1,13,2,8.135489568,5
v1.1,13,3,8.12537935,5
v1.1,14,1,2.606885197,5
v1.1,14,2,1.068513171,5
v1.1,14,3,12.110530251,5
v1.1,15,1,7.911905158,5
v1.1,15,2,29.988106734,5
v1.1,15,3,7.334793203,5
v1.1,16,1,26.808252259,5
v1.1,16,2,10.909292888,5
v1.1,16,3,34.871919336,5
v1.1,17,1,6.165069724,5
v1.1,17,2,12.127918494,5
v1.1,17,3,7.155589517,5
v1.1,18,1,49.656067708,5
v1.1,18,2,15.654149663,5
v1.1,18,3,12.718023772,5
v1.1,19,1,78.825786197,5
v1.1,19,2,29.630395063,5
v1.1,19,3,91.698335461,5
v1.1,20,1,3.569297139,5
v1.1,20,2,61.515641112,5
v1.1,20,3,177.037064782,5
v1.1,21,1,89.837530447,5
v1.1,21,2,115.368621761,5
v1.1,21,3,97.636919784,5
v1.1,22,1,39.567898992,5
v1.1,22,2,95.564670584,5
v1.1,22,3,56.321990686,5
v1.1,23,1,106.807163845,5
v1.1,23,2,24.990748904,5
v1.1,23,3,84.978628578,5
v1.1,24,1,116.388190682,5
v1.1,24,2,6.727892777,5
v1.1,24,3,52.401306416,5
v1.1,25,1,230.432506948,5
v1.1,25,2,405.944507274,5
v1.1,25,3,147.035680937,5
v1.1,4,1,0.001928986,5
v1.1,5,1,0.003648579,5
v1.1,6,1,0.014398654,5
v1.1,6,2,0.015185129,5
v1.1,7,1,0.028967951,5
v1.1,7,2,0.072737233,5
v1.1,8,1,0.060513703,5
v1.1,8,2,0.173762164,5
v1.1,9,1,0.596610097,5
v1.1,9,2,0.742348197,5
v1.1,9,3,0.400864087,5
v1.1,10,1,0.107243741,5
v1.1,10,2,0.836610423,5
v1.1,10,3,0.162427912,5
v1.1,11,1,0.838456652,5
v1.1,11,2,1.846004911,5
v1.1,11,3,3.473912645,5
v1.1,12,1,3.42014333,5
v1.1,12,2,4.473794914,5
v1.1,12,3,2.380058009,5
v1.1,13,1,0.694229459,5
v1.1,13,2,3.257617327,5
v1.1,13,3,3.535147814,5
v1.1,14,1,3.338274107,5
v1.1,14,2,7.422872916,5
v1.1,14,3,20.977455572,5
v1.1,15,1,4.060124658,5
v1.1,15,2,13.30058437,5
v1.1,15,3,20.052974106,5
v1.1,16,1,16.022393236,5
v1.1,16,2,10.642425616,5
v1.1,16,3,7.335887792,5
v1.1,17,1,3.917085833,5
v1.1,17,2,44.705259592,5
v1.1,17,3,12.872171704,5
v1.1,18,1,5.262026589,5
v1.1,18,2,26.986717976,5
v1.1,18,3,12.094581666,5
v1.1,19,1,75.135493342,5
v1.1,19,2,29.681964676,5
v1.1,19,3,38.429663019,5
v1.1,20,1,40.843769297,5
v1.1,20,2,60.063548201,5
v1.1,20,3,5.049185601,5
v1.1,21,1,50.137820414,5
v1.1,21,2,54.316385581,5
v1.1,21,3,5.997490195,5
v1.1,22,1,150.696742284,5
v1.1,22,2,107.635000781,5
v1.1,22,3,43.030360479,5
v1.1,23,1,132.170616214,5
v1.1,23,2,99.212433698,5
v1.1,23,3,382.194176681,5
v1.1,24,1,66.617037374,5
v1.1,24,2,179.114026846,5
v1.1,24,3,139.118337889,5
v1.1,25,1,152.439977908,5
v1.1,25,2,148.837432867,5
v1.1,25,3,425.902840877,5
v1.1,4,1,0.001678576,5
v1.1,5,1,0.006991335,5
v1.1,6,1,0.014045032,5
v1.1,6,2,0.049368639,5
v1.1,7,1,0.012442411,5
v1.1,7,2,0.079258898,5
v1.1,8,1,0.224165866,5
v1.1,8,2,0.058906341,5
v1.1,9,1,0.224300014,5
v1.1,9,2,0.402172809,5
v1.1,9,3,0.522104525,5
v1.1,10,1,1.163318723,5
v1.1,10,2,0.645873061,5
v1.1,10,3,0.691751885,5
v1.1,11,1,0.896376015,5
v1.1,11,2,2.914969697,5
v1.1,11,3,2.270798806,5
v1.1,12,1,1.32096229,5
v1.1,12,2,1.953749468,5
v1.1,12,3,6.873160159,5
v1.1,13,1,1.991525346,5
v1.1,13,2,1.985234842,5
v1.1,13,3,5.308336652,5
v1.1,14,1,2.726908119,5
v1.1,14,2,15.413890758,5
v1.1,14,3,3.585319951,5
v1.1,15,1,6.145305422,5
v1.1,15,2,8.776163458,5
v1.1,15,3,12.940304473,5
v1.1,16,1,12.950352274,5
v1.1,16,2,9.262631647,5
v1.1,16,3,13.883432325,5
v1.1,17,1,7.619213441,5
v1.1,17,2,19.172471279,5
v1.1,17,3,33.309550512,5
v1.1,18,1,10.716411768,5
v1.1,18,2,42.979827358,5
v1.1,18,3,81.181195392,5
v1.1,19,1,18.113084694,5
v1.1,19,2,70.795014565,5
v1.1,19,3,68.828370171,5
v1.1,20,1,35.831020416,5
v1.1,20,2,16.571197874,5
v1.1,20,3,117.029988026,5
v1.1,21,1,59.12370053,5
v1.1,21,2,65.337824803,5
v1.1,21,3,49.78204355,5
v1.1,22,1,108.83621944,5
v1.1,22,2,32.747687026,5
v1.1,22,3,170.001669028,5
v1.1,23,1,259.696018091,5
v1.1,23,2,10.823462434,5
v1.1,23,3,170.215827296,5
v1.1,24,1,146.826907123,5
v1.1,24,2,302.891994981,5
v1.1,24,3,116.108922253,5
v1.1,25,1,159.859155484,5
v1.1,25,2,398.114347726,5
v1.1,25,3,19.130209202,5
v1.1,4,1,0.001836085,5
v1.1,5,1,0.005027948,5
v1.1,6,1,0.016391072,5
v1.1,6,2,0.005585212,5
v1.1,7,1,0.049100058,5
v1.1,7,2,0.123175179,5
v1.1,8,1,0.202486293,5
v1.1,8,2,0.203044682,5
v1.1,9,1,0.376551601,5
v1.1,9,2,0.738911061,5
v1.1,9,3,1.552436463,5
v1.1,10,1,0.499506443,5
v1.1,10,2,1.160506992,5
v1.1,10,3,0.709182192,5
v1.1,11,1,1.466629377,5
v1.1,11,2,2.122965878,5
v1.1,11,3,4.096959678,5
v1.1,12,1,3.057972015,5
v1.1,12,2,3.949975482,5
v1.1,12,3,1.132899373,5
v1.1,13,1,1.7269642,5
v1.1,13,2,5.695855698,5
v1.1,13,3,4.76989716,5
v1.1,14,1,4.286580054,5
v1.1,14,2,7.294990089,5
v1.1,14,3,4.213332591,5
v1.1,15,1,11.626687946,5
v1.1,15,2,9.08253498,5
v1.1,15,3,7.9536382,5
v1.1,16,1,18.812775542,5
v1.1,16,2,7.160708979,5
v1.1,16,3,2.165173115,5
v1.1,17,1,10.316834782,5
v1.1,17,2,13.357173802,5
v1.1,17,3,24.739843436,5
v1.1,18,1,9.572832447,5
v1.1,18,2,34.859558062,5
v1.1,18,3,75.900715312,5
v1.1,19,1,31.738700482,5
v1.1,19,2,52.657785943,5
v1.1,19,3,17.665127706,5
v1.1,20,1,71.28535609,5
v1.1,20,2,28.391318687,5
v1.1,20,3,76.418469121,5
v1.1,21,1,71.785818992,5
v1.1,21,2,45.558789329,5
v1.1,21,3,96.318896841,5
v1.1,22,1,219.174274154,5
v1.1,22,2,196.302445236,5
v1.1,22,3,134.947894237,5
v1.1,23,1,82.169690996,5
v1.1,23,2,188.216748735,5
v1.1,23,3,22.191308836,5
v1.1,24,1,52.522266363,5
v1.1,24,2,101.447903182,5
v1.1,24,3,53.886867806,5
v1.1,25,1,157.447067533,5
v1.1,25,2,118.646373379,5
v1.1,25,3,12.770782456,5
v1.1,4,1,0.001299002,5
v1.1,5,1,0.005555039,5
v1.1,6,1,0.014267535,5
v1.1,6,2,0.022057822,5
v1.1,7,1,0.072633238,5
v1.1,7,2,0.083680002,5
v1.1,8,1,0.100202676,5
v1.1,8,2,0.087889124,5
v1.1,9,1,0.483240096,5
v1.1,9,2,0.204583355,5
v1.1,9,3,0.20180593,5
v1.1,10,1,1.259874003,5
v1.1,10,2,0.464488318,5
v1.1,10,3,3.147178131,5
v1.1,11,1,1.765324353,5
v1.1,11,2,4.255319588,5
v1.1,11,3,0.285627593,5
v1.1,12,1,3.392138633,5
v1.1,12,2,4.472267664,5
v1.1,12,3,8.280258123,5
v1.1,13,1,1.997746344,5
v1.1,13,2,2.394686642,5
v1.1,13,3,4.221946488,5
v1.1,14,1,6.928440335,5
v1.1,14,2,26.273057802,5
v1.1,14,3,3.121303442,5
v1.1,15,1,1.067334243,5
v1.1,15,2,5.730546833,5
v1.1,15,3,4.549410651,5
v1.1,16,1,1.183959749,5
v1.1,16,2,19.929296195,5
v1.1,16,3,11.547335092,5
v1.1,17,1,1.151549885,5
v1.1,17,2,1.635245347,5
v1.1,17,3,49.550239393,5
v1.1,18,1,17.971705283,5
v1.1,18,2,14.223449499,5
v1.1,18,3,62.495387265,5
v1.1,19,1,20.114126906,5
v1.1,19,2,41.973422744,5
v1.1,19,3,127.126936219,5
v1.1,20,1,43.28832558,5
v1.1,20,2,56.42211239,5
v1.1,20,3,168.817484063,5
v1.1,21,1,75.141211255,5
v1.1,21,2,48.061459015,5
v1.1,21,3,162.66886265,5
v1.1,22,1,88.062877732,5
v1.1,22,2,129.457064028,5
v1.1,22,3,236.493210628,5
v1.1,23,1,254.191805278,5
v1.1,23,2,197.316486051,5
v1.1,23,3,67.288978193,5
v1.1,24,1,164.806418382,5
v1.1,24,2,18.738039511,5
v1.1,24,3,252.97993402,5
v1.1,25,1,64.230722209,5
v1.1,25,2,439.474094454,5
v1.1,25,3,310.648205017,5
v1.1,4,1,0.002470548,5
v1.1,5,1,0.00571781,5
v1.1,6,1,0.026174628,5
v1.1,6,2,0.066218958,5
v1.1,7,1,0.099202073,5
v1.1,7,2,0.035601729,5
v1.1,8,1,0.359757311,5
v1.1,8,2,0.144369737,5
v1.1,9,1,0.273973126,5
v1.1,9,2,0.544075425,5
v1.1,9,3,0.55009939,5
v1.1,10,1,0.832615165,5
v1.1,10,2,1.105069215,5
v1.1,10,3,0.816525665,5
v1.1,11,1,1.14362153,5
v1.1,11,2,1.383589007,5
v1.1,11,3,2.118598001,5
v1.1,12,1,3.002714275,5
v1.1,12,2,1.753029247,5
v1.1,12,3,4.660768126,5
v1.1,13,1,4.909190561,5
v1.1,13,2,5.472958009,5
v1.1,13,3,5.07040063,5
v1.1,14,1,7.931407798,5
v1.1,14,2,9.261991593,5
v1.1,14,3,7.908607794,5
v1.1,15,1,9.113841715,5
v1.1,15,2,6.914663807,5
v1.1,15,3,16.20273786,5
v1.1,16,1,6.382606392,5
v1.1,16,2,19.743386678,5
v1.1,16,3,19.038851886,5
v1.1,17,1,14.88624604,5
v1.1,17,2,6.402967965,5
v1.1,17,3,23.090767355,5
v1.1,18,1,19.623261903,5
v1.1,18,2,25.156698232,5
v1.1,18,3,98.660593793,5
v1.1,19,1,13.613823149,5
v1.1,19,2,48.054981079,5
v1.1,19,3,70.820032088,5
v1.1,20,1,49.422349691,5
v1.1,20,2,53.656923747,5
v1.1,20,3,82.023932196,5
v1.1,21,1,41.243050712,5
v1.1,21,2,170.846966849,5
v1.1,21,3,36.454951602,5
v1.1,22,1,99.207478006,5
v1.1,22,2,105.960193569,5
v1.1,22,3,86.388704735,5
v1.1,23,1,27.130384518,5
v1.1,23,2,108.571459296,5
v1.1,23,3,125.351854535,5
v1.1,24,1,231.413121618,5
v1.1,24,2,357.892174102,5
v1.1,24,3,364.2957481,5
v1.1,25,1,180.981925971,5
v1.1,25,2,207.793936768,5
v1.1,25,3,81.081876529,5
v1.1,4,1,0.00247413,5
v1.1,5,1,0.004695519,5
v1.1,6,1,0.009332928,5
v1.1,6,2,0.01447208,5
v1.1,7,1,0.019337244,5
v1.1,7,2,0.05810166,5
v1.1,8,1,0.130759318,5
v1.1,8,2,0.224166924,5
v1.1,9,1,0.113227129,5
v1.1,9,2,0.816192023,5
v1.1,9,3,0.400368874,5
v1.1,10,1,0.777262738,5
v1.1,10,2,0.892914541,5
v1.1,10,3,0.959290915,5
v1.1,11,1,0.585912906,5
v1.1,11,2,1.810130566,5
v1.1,11,3,2.180848136,5
v1.1,12,1,1.289548378,5
v1.1,12,2,4.176820816,5
v1.1,12,3,2.329758358,5
v1.1,13,1,1.194294133,5
v1.1,13,2,0.417507045,5
v1.1,13,3,0.547402607,5
v1.1,14,1,11.332895996,5
v1.1,14,2,6.50542929,5
v1.1,14,3,8.903040288,5
v1.1,15,1,4.285643992,5
v1.1,15,2,21.678653044,5
v1.1,15,3,10.987008105,5
v1.1,16,1,10.537351887,5
v1.1,16,2,10.924234491,5
v1.1,16,3,6.597001704,5
v1.1,17,1,19.34518607,5
v1.1,17,2,1.744839432,5
v1.1,17,3,17.434918277,5
v1.1,18,1,60.640220042,5
v1.1,18,2,6.891378347,5
v1.1,18,3,84.518478024,5
v1.1,19,1,13.317100186,5
v1.1,19,2,3.27388307,5
v1.1,19,3,113.453430973,5
v1.1,20,1,37.38327267,5
v1.1,20,2,53.818560843,5
v1.1,20,3,123.160838438,5
v1.1,21,1,22.723630963,5
v1.1,21,2,136.507070016,5
v1.1,21,3,89.906801877,5
v1.1,22,1,131.351513412,5
v1.1,22,2,113.555211506,5
v1.1,22,3,143.805592998,5
v1.1,23,1,101.140312877,5
v1.1,23,2,141.348989427,5
v1.1,23,3,142.21262234,5
v1.1,24,1,112.336451573,5
v1.1,24,2,211.232527571,5
v1.1,25,1,194.478013986,5
v1.1,25,2,141.702680867,5
v1.1,25,3,221.977069749,5
v1.1,4,1,0.002850056,5
v1.1,5,1,0.003678158,5
v1.1,6,1,0.014038517,5
v1.1,6,2,0.111268836,5
v1.1,7,1,0.039325566,5
v1.1,7,2,0.295165849,5
v1.1,8,1,0.144704387,5
v1.1,8,2,0.708779293,5
v1.1,9,1,0.45754957,5
v1.1,9,2,0.576588959,5
v1.1,9,3,0.346510576,5
v1.1,10,1,0.476891377,5
v1.1,10,2,0.976111982,5
v1.1,10,3,1.688600533,5
v1.1,11,1,0.775464733,5
v1.1,11,2,1.365781083,5
v1.1,11,3,3.076574847,5
v1.1,12,1,2.897435181,5
v1.1,12,2,1.658554329,5
v1.1,12,3,4.687990137,5
v1.1,13,1,1.11261708,5
v1.1,13,2,4.260292141,5
v1.1,13,3,0.578703042,5
v1.1,14,1,12.573680194,5
v1.1,14,2,2.454690654,5
v1.1,14,3,3.923769068,5
v1.1,15,1,3.415796342,5
v1.1,15,2,2.493145528,5
v1.1,15,3,4.920354841,5
v1.1,16,1,19.295901651,5
v1.1,16,2,27.487029495,5
v1.1,16,3,5.946655393,5
v1.1,17,1,10.428146179,5
v1.1,17,2,56.980169139,5
v1.1,17,3,5.971158366,5
v1.1,18,1,11.947467549,5
v1.1,18,2,43.022418578,5
v1.1,18,3,32.101570091,5
v1.1,19,1,50.273926672,5
v1.1,19,2,47.096751917,5
v1.1,19,3,30.963078263,5
v1.1,20,1,28.410885018,5
v1.1,20,2,27.079063982,5
v1.1,20,3,162.898555703,5
v1.1,21,1,132.05697739,5
v1.1,21,2,126.110278279,5
v1.1,21,3,119.39845157,5
v1.1,22,1,28.544430727,5
v1.1,22,2,41.312546115,5
v1.1,22,3,230.075193607,5
v1.1,23,1,23.540229989,5
v1.1,23,2,230.574662193,5
v1.1,23,3,94.470012034,5
v1.1,24,1,205.879634091,5
v1.1,24,2,302.736868641,5
v1.1,24,3,226.072414339,5
v1.1,25,1,141.112344756,5
v1.1,25,2,68.105473712,5
v1.1,25,3,42.968769434,5
v1.1,4,1,0.001866198,5
v1.1,5,1,0.002495173,5
v1.1,6,1,0.036281418,5
v1.1,6,2,0.02197768,5
v1.1,7,1,0.09878905,5
v1.1,7,2,0.138137472,5
v1.1,8,1,0.610268871,5
v1.1,8,2,0.14601949,5
v1.1,9,1,0.125625032,5
v1.1,9,2,0.237935482,5
v1.1,9,3,0.643725836,5
v1.1,10,1,0.568825826,5
v1.1,10,2,0.144138934,5
v1.1,10,3,1.563907696,5
v1.1,11,1,2.477576834,5
v1.1,11,2,0.984686879,5
v1.1,11,3,2.24971427,5
v1.1,12,1,2.227501491,5
v1.1,12,2,1.609180378,5
v1.1,12,3,4.835988993,5
v1.1,13,1,2.457840427,5
v1.1,13,2,5.399090962,5
v1.1,13,3,6.940606747,5
v1.1,14,1,6.450640666,5
v1.1,14,2,4.564524023,5
v1.1,14,3,7.79669131,5
v1.1,15,1,3.349246392,5
v1.1,15,2,15.085226992,5
v1.1,15,3,17.415766484,5
v1.1,16,1,6.565967399,5
v1.1,16,2,11.516168002,5
v1.1,16,3,2.290793169,5
v1.1,17,1,17.717304399,5
v1.1,17,2,21.056011923,5
v1.1,17,3,28.492126073,5
v1.1,18,1,7.453354978,5
v1.1,18,2,51.851552382,5
v1.1,18,3,2.550559806,5
v1.1,19,1,33.511878852,5
v1.1,19,2,83.624560845,5
v1.1,19,3,92.97732941,5
v1.1,20,1,57.496856265,5
v1.1,20,2,27.716228077,5
v1.1,20,3,158.707092666,5
v1.1,21,1,37.833090066,5
v1.1,21,2,61.428784206,5
v1.1,21,3,103.983116321,5
v1.1,22,1,63.674835423,5
v1.1,22,2,96.88782266,5
v1.1,22,3,241.734436529,5
v1.1,23,1,114.312763303,5
v1.1,23,2,96.660712547,5
v1.1,23,3,62.474608142,5
v1.1,24,1,172.359550171,5
v1.1,24,2,60.474614812,5
v1.1,24,3,318.540965726,5
v1.1,25,1,124.083569785,5
v1.1,25,2,390.554503705,5
v1.1,25,3,417.560547539,5
v1.1,4,1,0.00152608,5
v1.1,5,1,0.011401146,5
v1.1,6,1,0.022178409,5
v1.1,6,2,0.013132013,5
v1.1,7,1,0.109199645,5
v1.1,7,2,0.101220326,5
v1.1,8,1,0.390468389,5
v1.1,8,2,0.079765035,5
v1.1,9,1,0.361192604,5
v1.1,9,2,0.440255634,5
v1.1,9,3,0.693578971,5
v1.1,10,1,0.255393849,5
v1.1,10,2,0.089446979,5
v1.1,10,3,1.023442625,5
v1.1,11,1,0.979187538,5
v1.1,11,2,0.428530477,5
v1.1,11,3,1.638338919,5
v1.1,12,1,0.551563301,5
v1.1,12,2,2.750282434,5
v1.1,12,3,5.593788081,5
v1.1,13,1,1.818934236,5
v1.1,13,2,6.152668569,5
v1.1,13,3,2.633962528,5
v1.1,14,1,4.763315108,5
v1.1,14,2,4.567419278,5
v1.1,14,3,0.662449633,5
v1.1,15,1,3.615820982,5
v1.1,15,2,13.091358284,5
v1.1,15,3,14.754144387,5
v1.1,16,1,5.798936347,5
v1.1,16,2,14.315607846,5
v1.1,16,3,34.343349089,5
v1.1,17,1,22.492191184,5
v1.1,17,2,23.026202466,5
v1.1,17,3,22.007808906,5
v1.1,18,1,27.60254691,5
v1.1,18,2,12.86781612,5
v1.1,18,3,45.789440678,5
v1.1,19,1,51.453602832,5
v1.1,19,2,69.566672702,5
v1.1,19,3,63.863328884,5
v1.1,20,1,11.796329937,5
v1.1,20,2,123.690783331,5
v1.1,20,3,89.712299215,5
v1.1,21,1,45.314725339,5
v1.1,21,2,5.646205607,5
v1.1,21,3,88.58779717,5
v1.1,22,1,79.60021059,5
v1.1,22,2,150.77874177,5
v1.1,22,3,12.056219325,5
v1.1,23,1,30.339653048,5
v1.1,23,2,195.326274203,5
v1.1,23,3,157.83315266,5
v1.1,24,1,83.751484739,5
v1.1,24,2,193.750239137,5
v1.1,24,3,74.320114777,5
v1.1,25,1,47.591025684,5
v1.1,25,2,387.562429417,5
v1.1,25,3,229.10014483,5
v1.1,4,1,0.001687055,5
v1.1,5,1,0.00191081,5
v1.1,6,1,0.009601229,5
v1.1,6,2,0.0405686,5
v1.1,7,1,0.059015858,5
v1.1,7,2,0.201740968,5
v1.1,8,1,0.158795407,5
v1.1,8,2,0.237239173,5
v1.1,9,1,0.446941972,5
v1.1,9,2,0.439711354,5
v1.1,9,3,1.1100213,5
v1.1,10,1,0.631870843,5
v1.1,10,2,1.057576592,5
v1.1,10,3,0.721977215,5
v1.1,11,1,0.262399958,5
v1.1,11,2,1.11345285,5
v1.1,11,3,0.573724628,5
v1.1,12,1,0.276930708,5
v1.1,12,2,0.252746096,5
v1.1,12,3,10.548297669,5
v1.1,13,1,2.027023754,5
v1.1,13,2,2.405937616,5
v1.1,13,3,13.511604675,5
v1.1,14,1,5.120719532,5
v1.1,14,2,6.453186711,5
v1.1,14,3,6.194907345,5
v1.1,15,1,13.261715007,5
v1.1,15,2,10.809958411,5
v1.1,15,3,19.056497833,5
v1.1,16,1,7.269025002,5
v1.1,16,2,11.215279772,5
v1.1,16,3,30.556559219,5
v1.1,17,1,43.144251173,5
v1.1,17,2,6.613709697,5
v1.1,17,3,35.670668753,5
v1.1,18,1,22.029396402,5
v1.1,18,2,18.475235162,5
v1.1,18,3,53.668943252,5
v1.1,19,1,38.742912543,5
v1.1,19,2,10.54749793,5
v1.1,19,3,11.043336316,5
v1.1,20,1,12.779861824,5
v1.1,20,2,88.742816006,5
v1.1,20,3,41.286660096,5
v1.1,21,1,49.238313115,5
v1.1,21,2,22.772006625,5
v1.1,21,3,20.773908791,5
v1.1,22,1,115.000177594,5
v1.1,22,2,259.363801019,5
v1.1,22,3,64.229304355,5
v1.1,23,1,95.729499573,5
v1.1,23,2,167.495052405,5
v1.1,23,3,222.105763675,5
v1.1,24,1,279.345160224,5
v1.1,24,2,106.451129781,5
v1.1,24,3,226.041174499,5
v1.1,25,1,239.609189005,5
v1.1,25,2,255.130905368,5
v1.1,25,3,258.890503485,5
v1.1,4,1,0.001546118,5
v1.1,5,1,0.004289834,5
v1.1,6,1,0.024052771,5
v1.1,6,2,0.024827702,5
v1.1,7,1,0.053895909,5
v1.1,7,2,0.102094648,5
v1.1,8,1,0.136797058,5
v1.1,8,2,0.197561659,5
v1.1,9,1,0.608114905,5
v1.1,9,2,1.007229745,5
v1.1,9,3,0.757700221,5
v1.1,10,1,0.745572766,5
v1.1,10,2,0.875732251,5
v1.1,10,3,1.90585492,5
v1.1,11,1,3.076563997,5
v1.1,11,2,2.251342953,5
v1.1,11,3,3.256890236,5
v1.1,12,1,0.184410094,5
v1.1,12,2,4.518409268,5
v1.1,12,3,3.989628427,5
v1.1,13,1,6.061715755,5
v1.1,13,2,7.657192423,5
v1.1,13,3,8.067447624,5
v1.1,14,1,8.397154425,5
v1.1,14,2,6.746576836,5
v1.1,14,3,7.848102081,5
v1.1,15,1,3.16070874,5
v1.1,15,2,3.156359267,5
v1.1,15,3,14.842097247,5
v1.1,16,1,9.68693524,5
v1.1,16,2,24.352921451,5
v1.1,16,3,7.874185641,5
v1.1,17,1,21.698654192,5
v1.1,17,2,2.756243648,5
v1.1,17,3,28.2276161,5
v1.1,18,1,21.506928071,5
v1.1,18,2,25.135058621,5
v1.1,18,3,41.797176517,5
v1.1,19,1,59.865052645,5
v1.1,19,2,19.831143278,5
v1.1,19,3,144.82939778,5
v1.1,20,1,74.442070924,5
v1.1,20,2,23.448134851,5
v1.1,20,3,17.257032651,5
v1.1,21,1,34.074783071,5
v1.1,21,2,224.802216651,5
v1.1,21,3,43.430437236,5
v1.1,22,1,243.414818745,5
v1.1,22,2,70.864287157,5
v1.1,22,3,101.306746882,5
v1.1,23,1,84.269603409,5
v1.1,23,2,173.322572247,5
v1.1,23,3,98.781560527,5
v1.1,24,1,35.414036845,5
v1.1,24,2,327.068534923,5
v1.1,24,3,16.042852515,5
v1.1,25,1,298.065703791,5
v1.1,25,2,16.768332745,5
v1.1,25,3,426.517661141,5
v1.1,4,1,0.002109527,5
v1.1,5,1,0.006280976,5
v1.1,6,1,0.016433927,5
v1.1,7,1,0.070340854,5
v1.1,7,2,0.014206602,5
v1.1,8,1,0.093802944,5
v1.1,8,2,0.289241613,5
v1.1,9,1,0.332218308,5
v1.1,9,2,0.507672393,5
v1.1,9,3,0.101136202,5
v1.1,10,1,0.189854688,5
v1.1,10,2,0.873821496,5
v1.1,10,3,0.739946901,5
v1.1,11,1,1.741960789,5
v1.1,11,2,1.983118117,5
v1.1,11,3,0.935622611,5
v1.1,12,1,4.296353998,5
v1.1,12,2,2.209368319,5
v1.1,12,3,1.679421218,5
v1.1,13,1,5.869409049,5
v1.1,13,2,6.010206299,5
v1.1,13,3,3.856502361,5
v1.1,14,1,6.837008345,5
v1.1,14,2,7.901395637,5
v1.1,14,3,5.12463774,5
v1.1,15,1,4.639648483,5
v1.1,15,2,7.684585338,5
v1.1,15,3,6.815556236,5
v1.1,16,1,7.156908298,5
v1.1,16,2,8.571305622,5
v1.1,16,3,15.361193476,5
v1.1,17,1,10.824379536,5
v1.1,17,2,28.754226299,5
v1.1,17,3,9.020405561,5
v1.1,18,1,47.252871839,5
v1.1,18,2,16.367214687,5
v1.1,18,3,26.040732851,5
v1.1,19,1,7.708900409,5
v1.1,19,2,40.119262115,5
v1.1,19,3,92.285040562,5
v1.1,20,1,128.871579592,5
v1.1,20,2,53.568169105,5
v1.1,20,3,4.418432188,5
v1.1,21,1,78.603990495,5
v1.1,21,2,81.471058636,5
v1.1,21,3,138.314375895,5
v1.1,22,1,173.689342842,5
v1.1,22,2,193.128059055,5
v1.1,22,3,77.437991679,5
v1.1,23,1,108.818063756,5
v1.1,23,2,134.444174301,5
v1.1,23,3,233.577824692,5
v1.1,24,1,10.867424628,5
v1.1,24,2,54.191130603,5
v1.1,24,3,69.603777215,5
v1.1,25,1,408.777652436,5
v1.1,25,2,215.337838708,5
v1.1,25,3,136.007312003,5
v1.1,4,1,0.002631476,5
v1.1,5,1,0.004784025,5
v1.1,6,1,0.010113438,5
v1.1,6,2,0.028936022,5
v1.1,7,1,0.068113826,5
v1.1,7,2,0.064559935,5
v1.1,8,1,0.097311719,5
v1.1,8,2,0.334539918,5
v1.1,9,1,0.491212462,5
v1.1,9,2,0.512811699,5
v1.1,9,3,1.557986522,5
v1.1,10,1,0.048100442,5
v1.1,10,2,1.904123717,5
v1.1,10,3,0.521096629,5
v1.1,11,1,0.593812923,5
v1.1,11,2,1.9074205,5
v1.1,11,3,1.708373863,5
v1.1,12,1,1.796817499,5
v1.1,12,2,2.111391986,5
v1.1,12,3,1.347971873,5
v1.1,13,1,1.768634525,5
v1.1,13,2,6.719265291,5
v1.1,13,3,4.000143535,5
v1.1,14,1,3.241176299,5
v1.1,14,2,15.550596853,5
v1.1,14,3,14.164383661,5
v1.1,15,1,11.056751347,5
v1.1,15,2,10.730807566,5
v1.1,15,3,5.886097471,5
v1.1,16,1,22.859909563,5
v1.1,16,2,10.024296097,5
v1.1,16,3,12.385829177,5
v1.1,17,1,13.82577599,5
v1.1,17,2,23.896442354,5
v1.1,17,3,18.915159103,5
v1.1,18,1,21.039780014,5
v1.1,18,2,24.902426818,5
v1.1,18,3,40.86701415,5
v1.1,19,1,44.350208655,5
v1.1,19,2,55.123540894,5
v1.1,19,3,31.505282454,5
v1.1,20,1,13.906443982,5
v1.1,20,2,101.939259453,5
v1.1,20,3,59.333720122,5
v1.1,21,1,106.230397539,5
v1.1,21,2,36.18098033,5
v1.1,21,3,102.181895902,5
v1.1,22,1,72.524609103,5
v1.1,22,2,27.05017479,5
v1.1,22,3,144.252345819,5
v1.1,23,1,174.526261688,5
v1.1,23,2,260.960829094,5
v1.1,23,3,67.87868676,5
v1.1,24,1,66.919007568,5
v1.1,24,2,175.288281377,5
v1.1,24,3,338.50609264,5
v1.1,25,1,182.895670231,5
v1.1,25,2,212.494146977,5
v1.1,25,3,485.865326692,5
v1.1,4,1,0.001882085,5
v1.1,5,1,0.003567725,5
v1.1,6,1,0.013758066,5
v1.1,6,2,0.024401596,5
v1.1,7,1,0.01614671,5
v1.1,7,2,0.066126543,5
v1.1,8,1,0.152054025,5
v1.1,8,2,0.20887966,5
v1.1,9,1,0.150452849,5
v1.1,9,2,0.417317187,5
v1.1,10,1,0.622632373,5
v1.1,10,2,1.377842537,5
v1.1,10,3,2.884645505,5
v1.1,11,1,1.223626464,5
v1.1,11,2,1.546357983,5
v1.1,11,3,1.00974969,5
v1.1,12,1,3.291941461,5
v1.1,12,2,0.666185454,5
v1.1,12,3,0.334583632,5
v1.1,13,1,0.999871082,5
v1.1,13,2,9.298890749,5
v1.1,13,3,10.58110472,5
v1.1,14,1,5.471438621,5
v1.1,14,2,16.599124806,5
v1.1,14,3,6.708752917,5
v1.1,15,1,7.707289448,5
v1.1,15,2,17.895709556,5
v1.1,15,3,12.055196053,5
v1.1,16,1,17.248580494,5
v1.1,16,2,7.612831433,5
v1.1,16,3,14.381232159,5
v1.1,17,1,20.068463742,5
v1.1,17,2,18.483498496,5
v1.1,17,3,39.448147039,5
v1.1,18,1,20.796461554,5
v1.1,18,2,15.991676438,5
v1.1,18,3,48.353831373,5
v1.1,19,1,9.629231682,5
v1.1,19,2,17.047201602,5
v1.1,19,3,75.048629341,5
v1.1,20,1,34.735939092,5
v1.1,20,2,133.299083618,5
v1.1,20,3,131.244031733,5
v1.1,21,1,35.155770325,5
v1.1,21,2,51.738500294,5
v1.1,21,3,89.674205697,5
v1.1,22,1,108.331394232,5
v1.1,22,2,65.904525426,5
v1.1,22,3,8.886984881,5
v1.1,23,1,49.170304944,5
v1.1,23,2,145.930156378,5
v1.1,23,3,125.112426222,5
v1.1,24,1,87.086351838,5
v1.1,24,2,81.344629859,5
v1.1,24,3,41.049470547,5
v1.1,25,1,37.466736374,5
v1.1,25,2,133.33585911,5
v1.1,25,3,142.509769912,5
v1.1,4,1,0.001934895,5
v1.1,5,1,0.006908781,5
v1.1,6,1,0.011555193,5
v1.1,6,2,0.00923941,5
v1.1,7,1,0.094271389,5
v1.1,7,2,0.129287877,5
v1.1,8,1,0.13123884,5
v1.1,8,2,0.171010903,5
v1.1,9,1,0.050402465,5
v1.1,9,2,0.21755116,5
v1.1,9,3,0.070899678,5
v1.1,10,1,0.590049137,5
v1.1,10,2,1.019370421,5
v1.1,10,3,1.368658611,5
v1.1,11,1,1.342634967,5
v1.1,11,2,0.162208089,5
v1.1,11,3,1.827978373,5
v1.1,12,1,2.24779138,5
v1.1,12,2,2.637830593,5
v1.1,12,3,2.289371076,5
v1.1,13,1,3.272728668,5
v1.1,13,2,2.954063395,5
v1.1,13,3,0.549582138,5
v1.1,14,1,26.18321592,5
v1.1,14,2,1.543017502,5
v1.1,14,3,5.686175546,5
v1.1,15,1,33.241829403,5
v1.1,15,2,10.137018109,5
v1.1,15,3,5.25635948,5
v1.1,16,1,28.013273018,5
v1.1,16,2,13.186253655,5
v1.1,16,3,25.180147483,5
v1.1,17,1,18.983215613,5
v1.1,17,2,40.26660073,5
v1.1,17,3,50.926522366,5
v1.1,18,1,40.566217848,5
v1.1,18,2,8.809057053,5
v1.1,18,3,21.087006773,5
v1.1,19,1,7.189676508,5
v1.1,19,2,81.787530622,5
v1.1,19,3,56.7878456,5
v1.1,20,1,29.404486641,5
v1.1,20,2,54.230106999,5
v1.1,20,3,22.099910644,5
v1.1,21,1,78.164552767,5
v1.1,21,2,60.553591232,5
v1.1,21,3,46.595488001,5
v1.1,22,1,63.407841305,5
v1.1,22,2,8.506466635,5
v1.1,22,3,166.163902823,5
v1.1,23,1,84.739533377,5
v1.1,23,2,286.43553977,5
v1.1,23,3,80.993493258,5
v1.1,24,1,60.18468658,5
v1.1,24,2,94.690163838,5
v1.1,24,3,196.568150809,5
v1.1,25,1,62.729295364,5
v1.1,25,2,299.956141016,5
v1.1,25,3,238.191655703,5
v1.1,4,1,0.001774427,5
v1.1,5,1,0.004108857,5
v1.1,6,1,0.018521571,5
v1.1,6,2,0.027461448,5
v1.1,7,1,0.26855487,5
v1.1,7,2,0.105126655,5
v1.1,8,1,0.904453195,5
v1.1,8,2,0.167241529,5
v1.1,9,1,0.248872553,5
v1.1,9,2,0.081854396,5
v1.1,9,3,0.73101543,5
v1.1,10,1,1.26393337,5
v1.1,10,2,0.56568464,5
v1.1,10,3,3.066161015,5
v1.1,11,1,0.640554092,5
v1.1,11,2,2.720160538,5
v1.1,11,3,2.986795858,5
v1.1,12,1,0.7221274,5
v1.1,12,2,2.454407257,5
v1.1,12,3,8.832278401,5
v1.1,13,1,0.99283295,5
v1.1,13,2,10.292459843,5
v1.1,13,3,5.378369981,5
v1.1,14,1,4.633621019,5
v1.1,14,2,3.380968194,5
v1.1,14,3,0.637252967,5
v1.1,15,1,10.876746513,5
v1.1,15,2,11.691244204,5
v1.1,15,3,10.0374032,5
v1.1,16,1,13.470066719,5
v1.1,16,2,4.598610899,5
v1.1,16,3,25.567430163,5
v1.1,17,1,8.096777713,5
v1.1,17,2,25.415450863,5
v1.1,17,3,2.409669138,5
v1.1,18,1,15.394329945,5
v1.1,18,2,6.99433017,5
v1.1,18,3,25.453778515,5
v1.1,19,1,18.409932552,5
v1.1,19,2,42.992539255,5
v1.1,19,3,146.3235325,5
v1.1,20,1,36.015465369,5
v1.1,20,2,114.714154156,5
v1.1,20,3,37.774577725,5
v1.1,21,1,62.686624654,5
v1.1,21,2,89.221866169,5
v1.1,21,3,76.347042223,5
v1.1,22,1,134.824342085,5
v1.1,22,2,150.861804962,5
v1.1,22,3,148.995630581,5
v1.1,23,1,136.622987646,5
v1.1,23,2,268.335382878,5
v1.1,23,3,11.037323516,5
v1.1,24,1,44.303070584,5
v1.1,24,2,282.372402363,5
v1.1,24,3,264.790991977,5
v1.1,25,1,220.717616125,5
v1.1,25,2,343.885905225,5
v1.1,25,3,122.101952253,5
v1.1,4,1,3.797228126,8
v1.1,5,1,0.009200435,8
v1.1,6,1,0.028510238,8
v1.1,6,2,0.026141686,8
v1.1,7,1,0.048263138,8
v1.1,7,2,0.073493636,8
v1.1,8,1,0.062733506,8
v1.1,8,2,0.16328752,8
v1.1,9,1,0.388958765,8
v1.1,9,2,0.546083264,8
v1.1,9,3,0.112374957,8
v1.1,10,1,0.28009921,8
v1.1,10,2,1.092109447,8
v1.1,10,3,1.399473549,8
v1.1,11,1,1.555968508,8
v1.1,11,2,1.325337778,8
v1.1,11,3,1.645380904,8
v1.1,12,1,0.91537921,8
v1.1,12,2,0.202805524,8
v1.1,12,3,1.165426331,8
v1.1,13,1,4.4144849,8
v1.1,13,2,3.64064879,8
v1.1,13,3,6.941752687,8
v1.1,14,1,7.503245384,8
v1.1,14,2,10.295274604,8
v1.1,14,3,13.030233751,8
v1.1,15,1,11.949958512,8
v1.1,15,2,7.45380767,8
v1.1,15,3,2.233866872,8
v1.1,16,1,5.325226716,8
v1.1,16,2,6.222542023,8
v1.1,16,3,15.954826664,8
v1.1,17,1,4.996645889,8
v1.1,17,2,17.865787486,8
v1.1,17,3,10.239934326,8
v1.1,18,1,45.244684306,8
v1.1,18,2,17.405522854,8
v1.1,18,3,22.809992921,8
v1.1,19,1,22.152314695,8
v1.1,19,2,7.43325239,8
v1.1,19,3,66.128694566,8
v1.1,20,1,12.749997617,8
v1.1,20,2,93.062618509,8
v1.1,20,3,38.130952754,8
v1.1,21,1,50.12501742,8
v1.1,21,2,58.642846018,8
v1.1,21,3,69.991413798,8
v1.1,22,1,101.368789608,8
v1.1,22,2,28.05841879,8
v1.1,22,3,92.62756538,8
v1.1,23,1,37.947164494,8
v1.1,23,2,94.924259386,8
v1.1,23,3,54.101822489,8
v1.1,24,1,97.851610304,8
v1.1,24,2,240.727639054,8
v1.1,24,3,193.818106597,8
v1.1,25,1,6.056889316,8
v1.1,25,2,86.013726412,8
v1.1,25,3,212.958707931,8
v1.1,4,1,0.002087361,8
v1.1,5,1,0.005389196,8
v1.1,6,1,0.012143812,8
v1.1,6,2,0.017519219,8
v1.1,7,1,0.061875835,8
v1.1,7,2,0.0409969,8
v1.1,8,1,0.014138885,8
v1.1,8,2,0.113820674,8
v1.1,9,1,0.405083292,8
v1.1,9,2,0.036692302,8
v1.1,9,3,0.792872159,8
v1.1,10,1,0.425111754,8
v1.1,10,2,0.861760397,8
v1.1,10,3,0.314833643,8
v1.1,11,1,1.159696817,8
v1.1,11,2,1.899982834,8
v1.1,11,3,1.552854741,8
v1.1,12,1,1.234543863,8
v1.1,12,2,5.072518811,8
v1.1,12,3,1.241679833,8
v1.1,13,1,4.340241259,8
v1.1,13,2,6.430844939,8
v1.1,13,3,1.757083416,8
v1.1,14,1,7.167378962,8
v1.1,14,2,10.878619548,8
v1.1,14,3,5.726409385,8
v1.1,15,1,2.745590383,8
v1.1,15,3,13.995011685,8
v1.1,16,1,14.855066233,8
v1.1,16,2,3.43327522,8
v1.1,16,3,2.215414752,8
v1.1,17,1,13.041626098,8
v1.1,17,2,11.870972044,8
v1.1,17,3,16.44265742,8
v1.1,18,1,34.50856928,8
v1.1,18,2,18.882581219,8
v1.1,18,3,30.915254906,8
v1.1,19,1,67.499027794,8
v1.1,19,2,28.992297218,8
v1.1,19,3,38.830106947,8
v1.1,20,1,53.821905262,8
v1.1,20,2,58.234492133,8
v1.1,20,3,11.659764404,8
v1.1,21,1,57.902958099,8
v1.1,21,2,17.833583674,8
v1.1,21,3,104.813296977,8
v1.1,22,1,68.991564172,8
v1.1,22,2,52.02079317,8
v1.1,22,3,119.873828533,8
v1.1,23,1,31.256047587,8
v1.1,23,2,22.883461582,8
v1.1,23,3,148.515438419,8
v1.1,24,1,74.139152293,8
v1.1,24,2,105.987456492,8
v1.1,24,3,75.661301962,8
v1.1,25,1,142.510905319,8
v1.1,25,2,216.003328496,8
v1.1,25,3,76.299576839,8
v1.1,4,1,0.003110771,8
v1.1,5,1,0.003034345,8
v1.1,6,1,0.028133377,8
v1.1,6,2,0.017937372,8
v1.1,7,1,0.029841539,8
v1.1,7,2,0.097928034,8
v1.1,8,1,0.139429727,8
v1.1,8,2,0.263130738,8
v1.1,9,1,0.401102407,8
v1.1,9,2,0.661888939,8
v1.1,9,3,0.551407658,8
v1.1,10,1,0.234899638,8
v1.1,10,2,0.764581444,8
v1.1,10,3,0.812748564,8
v1.1,11,1,0.555419847,8
v1.1,11,2,1.024396683,8
v1.1,11,3,2.501635331,8
v1.1,12,1,1.062509788,8
v1.1,12,2,2.780856257,8
v1.1,12,3,1.337289924,8
v1.1,13,1,5.966805999,8
v1.1,13,2,0.630129182,8
v1.1,13,3,3.325967842,8
v1.1,14,1,3.827474119,8
v1.1,14,2,4.403594093,8
v1.1,14,3,2.182590586,8
v1.1,15,1,7.354132736,8
v1.1,15,2,11.277108677,8
v1.1,15,3,4.05806692,8
v1.1,16,1,6.753887337,8
v1.1,16,2,5.390207081,8
v1.1,16,3,11.227426773,8
v1.1,17,1,11.311503303,8
v1.1,17,2,11.092740309,8
v1.1,17,3,1.876943852,8
v1.1,18,1,32.950882991,8
v1.1,18,2,17.092957041,8
v1.1,18,3,9.840005047,8
v1.1,19,1,17.291131055,8
v1.1,19,2,32.556558631,8
v1.1,19,3,68.009901457,8
v1.1,20,1,36.138237189,8
v1.1,20,2,10.070270757,8
v1.1,20,3,54.512751312,8
v1.1,21,1,13.745798953,8
v1.1,21,2,109.604532857,8
v1.1,21,3,106.011748554,8
v1.1,22,1,4.449931897,8
v1.1,22,2,39.159274564,8
v1.1,22,3,97.339299894,8
v1.1,23,1,4.353406654,8
v1.1,23,2,161.422650771,8
v1.1,23,3,47.953494397,8
v1.1,24,1,96.125998791,8
v1.1,24,2,55.134491221,8
v1.1,24,3,8.306389206,8
v1.1,25,1,92.979923639,8
v1.1,25,2,230.013716915,8
v1.1,25,3,12.726616807,8
v1.1,4,1,0.002065497,8
v1.1,5,1,0.003935426,8
v1.1,6,1,0.010544836,8
v1.1,6,2,0.012280813,8
v1.1,7,1,0.034438537,8
v1.1,7,2,0.01078903,8
v1.1,8,1,0.03220014,8
v1.1,8,2,0.29206503,8
v1.1,9,1,0.326577191,8
v1.1,9,2,0.65861814,8
v1.1,9,3,0.2497181,8
v1.1,10,1,0.997049624,8
v1.1,10,2,0.912100023,8
v1.1,10,3,1.649431793,8
v1.1,11,1,0.306600949,8
v1.1,11,2,1.37186012,8
v1.1,11,3,2.335709062,8
v1.1,12,1,1.837260172,8
v1.1,12,2,2.242259496,8
v1.1,12,3,8.694963144,8
v1.1,13,1,1.157140773,8
v1.1,13,2,2.829207906,8
v1.1,13,3,4.556171459,8
v1.1,14,1,3.668594125,8
v1.1,14,2,1.53329276,8
v1.1,14,3,10.525920463,8
v1.1,15,1,13.559993081,8
v1.1,15,2,7.155180117,8
v1.1,15,3,2.674148832,8
v1.1,16,1,3.008574249,8
v1.1,16,2,15.355122577,8
v1.1,16,3,16.030680682,8
v1.1,17,1,15.137561916,8
v1.1,17,2,18.994514152,8
v1.1,17,3,16.12034067,8
v1.1,18,1,6.31165269,8
v1.1,18,2,11.132261593,8
v1.1,18,3,46.728564664,8
v1.1,19,1,15.913569674,8
v1.1,19,2,16.252620666,8
v1.1,19,3,29.657162628,8
v1.1,20,1,67.546343696,8
v1.1,20,2,12.629139929,8
v1.1,20,3,12.929746208,8
v1.1,21,1,112.683557427,8
v1.1,21,2,55.901587611,8
v1.1,21,3,80.343438478,8
v1.1,22,1,148.501668596,8
v1.1,22,2,19.597340638,8
v1.1,22,3,24.699804719,8
v1.1,23,1,47.036976669,8
v1.1,23,2,144.540063595,8
v1.1,23,3,114.571372665,8
v1.1,24,1,32.348095191,8
v1.1,24,2,184.492086792,8
v1.1,24,3,268.141159189,8
v1.1,25,1,91.381112396,8
v1.1,25,2,247.230597241,8
v1.1,25,3,59.641498001,8
v1.1,4,1,0.003520184,8
v1.1,5,1,0.004876099,8
v1.1,6,1,0.009186526,8
v1.1,6,2,0.029733235,8
v1.1,7,1,0.045276854,8
v1.1,7,2,0.044004569,8
v1.1,8,1,0.15424132,8
v1.1,8,2,0.185676438,8
v1.1,9,1,0.448370851,8
v1.1,9,2,0.511269286,8
v1.1,9,3,0.413723444,8
v1.1,10,1,0.318046329,8
v1.1,10,2,0.210874551,8
v1.1,10,3,0.82569207,8
v1.1,11,1,1.772804696,8
v1.1,11,2,0.917199637,8
v1.1,11,3,1.194810177,8
v1.1,12,1,3.41354686,8
v1.1,12,2,0.252916382,8
v1.1,12,3,2.787716851,8
v1.1,13,1,3.938692844,8
v1.1,13,2,4.702400822,8
v1.1,13,3,2.946496116,8
v1.1,14,1,3.406117766,8
v1.1,14,2,5.703690736,8
v1.1,14,3,14.192111557,8
v1.1,15,1,4.121956876,8
v1.1,15,2,14.375614863,8
v1.1,15,3,5.584910434,8
v1.1,16,1,4.911886467,8
v1.1,16,2,10.8215321,8
v1.1,16,3,4.225903751,8
v1.1,17,1,19.453875057,8
v1.1,17,2,28.585438256,8
v1.1,17,3,17.349746906,8
v1.1,18,1,6.904571731,8
v1.1,18,2,11.836831203,8
v1.1,18,3,9.104990133,8
v1.1,19,1,10.308629605,8
v1.1,19,2,56.121017508,8
v1.1,19,3,87.943099518,8
v1.1,20,1,40.193350729,8
v1.1,20,2,17.254528119,8
v1.1,20,3,70.259174471,8
v1.1,21,1,67.820526091,8
v1.1,21,2,65.78415963,8
v1.1,21,3,48.366347848,8
v1.1,22,1,28.110042396,8
v1.1,22,2,71.38588264,8
v1.1,22,3,5.597897216,8
v1.1,23,1,103.739888853,8
v1.1,23,2,53.564156013,8
v1.1,23,3,91.101711293,8
v1.1,24,1,88.498061416,8
v1.1,24,2,27.040844458,8
v1.1,24,3,36.375562183,8
v1.1,25,1,142.626796133,8
v1.1,25,2,5.965981225,8
v1.1,25,3,162.428544507,8
v1.1,4,1,0.001975714,8
v1.1,5,1,0.002267104,8
v1.1,6,1,0.027620356,8
v1.1,6,2,0.012252868,8
v1.1,7,1,0.0288462,8
v1.1,7,2,0.031027966,8
v1.1,8,1,0.056818553,8
v1.1,8,2,0.179860531,8
v1.1,9,1,0.169206802,8
v1.1,9,2,0.500099316,8
v1.1,10,1,0.686070034,8
v1.1,10,2,1.691829883,8
v1.1,10,3,1.116901085,8
v1.1,11,1,1.4376991,8
v1.1,11,2,1.780661022,8
v1.1,11,3,1.044312132,8
v1.1,12,1,2.045747374,8
v1.1,12,2,2.613533062,8
v1.1,12,3,0.304858023,8
v1.1,13,1,1.44436031,8
v1.1,13,2,0.239252815,8
v1.1,13,3,5.327900327,8
v1.1,14,1,1.173518274,8
v1.1,14,2,6.676783594,8
v1.1,14,3,3.551820813,8
v1.1,15,1,2.391851726,8
v1.1,15,2,6.987217665,8
v1.1,15,3,12.885541148,8
v1.1,16,1,7.318982134,8
v1.1,16,2,13.278782842,8
v1.1,16,3,6.928679492,8
v1.1,17,1,31.403356869,8
v1.1,17,2,27.022452481,8
v1.1,17,3,28.769734147,8
v1.1,18,1,16.000327248,8
v1.1,18,2,34.354235726,8
v1.1,18,3,6.941001357,8
v1.1,19,1,6.35665116,8
v1.1,19,2,71.382482001,8
v1.1,19,3,32.957096959,8
v1.1,20,1,29.926182227,8
v1.1,20,2,53.392756173,8
v1.1,20,3,5.467777105,8
v1.1,21,1,67.862405756,8
v1.1,21,2,76.774803182,8
v1.1,21,3,91.950154044,8
v1.1,22,1,6.621343763,8
v1.1,22,2,125.264461031,8
v1.1,22,3,86.479503889,8
v1.1,23,1,115.033565894,8
v1.1,23,2,91.637285375,8
v1.1,23,3,47.056880913,8
v1.1,24,1,115.127433905,8
v1.1,24,2,72.08976751,8
v1.1,24,3,72.945581922,8
v1.1,25,1,7.1528117,8
v1.1,25,2,292.445785251,8
v1.1,25,3,165.71030614,8
v1.1,4,1,0.002614664,8
v1.1,5,1,0.003088944,8
v1.1,6,1,0.019684278,8
v1.1,6,2,0.026206766,8
v1.1,7,1,0.094393923,8
v1.1,7,2,0.024080766,8
v1.1,8,1,0.14094398,8
v1.1,8,2,0.205892558,8
v1.1,9,1,0.242973837,8
v1.1,9,2,0.439586938,8
v1.1,9,3,0.4529311,8
v1.1,10,1,0.917421999,8
v1.1,10,2,0.58102117,8
v1.1,10,3,0.740559691,8
v1.1,11,1,0.672694583,8
v1.1,11,2,0.828188872,8
v1.1,11,3,2.66252675,8
v1.1,12,1,1.577892627,8
v1.1,12,2,2.398251111,8
v1.1,12,3,3.98514671,8
v1.1,13,1,2.728722226,8
v1.1,13,2,1.838720022,8
v1.1,13,3,5.30996852,8
v1.1,14,1,5.905436606,8
v1.1,14,2,5.73168248,8
v1.1,14,3,17.109675096,8
v1.1,15,1,3.287614139,8
v1.1,15,2,12.936204937,8
v1.1,15,3,11.424845299,8
v1.1,16,1,14.036409096,8
v1.1,16,2,11.050076584,8
v1.1,16,3,22.014062851,8
v1.1,17,1,4.13269356,8
v1.1,17,2,17.79924574,8
v1.1,17,3,2.277498637,8
v1.1,18,1,29.650475423,8
v1.1,18,2,57.959948402,8
v1.1,18,3,22.179272576,8
v1.1,19,1,30.800663301,8
v1.1,19,2,20.833715829,8
v1.1,19,3,7.603554496,8
v1.1,20,1,29.737689861,8
v1.1,20,2,22.40145667,8
v1.1,20,3,24.40418355,8
v1.1,21,1,60.721644677,8
v1.1,21,2,40.134133515,8
v1.1,21,3,55.250904163,8
v1.1,22,1,19.033563853,8
v1.1,22,2,137.253244467,8
v1.1,22,3,86.681261375,8
v1.1,23,1,108.849410305,8
v1.1,23,2,48.506985398,8
v1.1,23,3,65.267557193,8
v1.1,24,1,108.626761814,8
v1.1,24,2,67.703716314,8
v1.1,24,3,133.447585236,8
v1.1,25,1,116.255093261,8
v1.1,25,2,162.025262066,8
v1.1,25,3,239.567062527,8
v1.1,4,1,0.001815134,8
v1.1,5,1,0.003859311,8
v1.1,6,1,0.013833771,8
v1.1,7,1,0.046976938,8
v1.1,7,2,0.033746642,8
v1.1,8,1,0.104968174,8
v1.1,8,2,0.173864752,8
v1.1,9,1,0.207997387,8
v1.1,9,2,0.163361283,8
v1.1,9,3,0.322494669,8
v1.1,10,1,1.058038733,8
v1.1,10,2,1.292237417,8
v1.1,10,3,0.661977291,8
v1.1,11,1,0.627899015,8
v1.1,11,2,1.060406152,8
v1.1,11,3,1.355738396,8
v1.1,12,1,0.933943148,8
v1.1,12,2,1.547593724,8
v1.1,12,3,6.333515126,8
v1.1,13,1,2.287341031,8
v1.1,13,2,2.594652423,8
v1.1,13,3,3.855628091,8
v1.1,14,1,4.108567202,8
v1.1,14,2,12.449796043,8
v1.1,14,3,9.443010475,8
v1.1,15,1,6.130068582,8
v1.1,15,2,7.700167585,8
v1.1,15,3,0.795989341,8
v1.1,16,1,6.996838209,8
v1.1,16,2,8.900027116,8
v1.1,16,3,3.534662405,8
v1.1,17,1,13.470470946,8
v1.1,17,2,26.138978891,8
v1.1,17,3,6.445815087,8
v1.1,18,1,24.138044547,8
v1.1,18,2,47.316569939,8
v1.1,18,3,25.617470603,8
v1.1,19,1,16.582449767,8
v1.1,19,2,23.100065066,8
v1.1,19,3,42.056102499,8
v1.1,20,1,63.82787594,8
v1.1,20,2,62.167229272,8
v1.1,20,3,35.634579915,8
v1.1,21,1,3.861253469,8
v1.1,21,2,93.940631968,8
v1.1,21,3,57.752115289,8
v1.1,22,1,88.320615161,8
v1.1,22,2,170.521021369,8
v1.1,22,3,159.261915728,8
v1.1,23,1,89.060999124,8
v1.1,23,2,94.207918826,8
v1.1,23,3,186.567040359,8
v1.1,24,1,216.507417542,8
v1.1,24,2,80.713195318,8
v1.1,24,3,90.460922129,8
v1.1,25,1,31.215325691,8
v1.1,25,2,10.529466438,8
v1.1,25,3,192.665271194,8
v1.1,4,1,0.002819534,8
v1.1,5,1,0.008543737,8
v1.1,6,1,0.011740046,8
v1.1,6,2,0.017291866,8
v1.1,7,1,0.028694759,8
v1.1,7,2,0.042067441,8
v1.1,8,1,0.207855187,8
v1.1,8,2,0.312114092,8
v1.1,9,1,0.302392406,8
v1.1,9,2,0.584261899,8
v1.1,9,3,0.706765541,8
v1.1,10,1,0.460307197,8
v1.1,10,2,1.08641428,8
v1.1,10,3,1.199323348,8
v1.1,11,1,0.68325717,8
v1.1,11,2,0.504141808,8
v1.1,11,3,0.583613033,8
v1.1,12,1,0.667022666,8
v1.1,12,2,2.921511906,8
v1.1,12,3,3.23685895,8
v1.1,13,1,2.837980595,8
v1.1,13,2,5.816148823,8
v1.1,13,3,4.522045276,8
v1.1,14,1,3.63465258,8
v1.1,14,2,1.752556094,8
v1.1,14,3,6.176501515,8
v1.1,15,1,2.546343242,8
v1.1,15,2,13.845309832,8
v1.1,15,3,10.972383595,8
v1.1,16,1,2.706582706,8
v1.1,16,2,11.203540306,8
v1.1,16,3,12.599312909,8
v1.1,17,1,6.156341785,8
v1.1,17,2,12.549110644,8
v1.1,17,3,21.486887613,8
v1.1,18,1,17.043045969,8
v1.1,18,2,8.407956168,8
v1.1,18,3,19.013734433,8
v1.1,19,1,18.971227914,8
v1.1,19,2,16.723191218,8
v1.1,19,3,44.982532973,8
v1.1,20,1,2.86206784,8
v1.1,20,2,14.288240317,8
v1.1,20,3,27.742540035,8
v1.1,21,1,69.542417011,8
v1.1,21,2,68.34327428,8
v1.1,21,3,134.151183414,8
v1.1,22,1,49.418460256,8
v1.1,22,2,88.55142763,8
v1.1,22,3,144.163173492,8
v1.1,23,1,66.322263474,8
v1.1,23,2,225.721541775,8
v1.1,23,3,71.527600167,8
v1.1,24,1,17.575742545,8
v1.1,24,2,29.73219584,8
v1.1,24,3,48.862748691,8
v1.1,25,1,44.711456499,8
v1.1,25,2,64.171300857,8
v1.1,25,3,307.23804448,8
v1.1,4,1,0.002566316,8
v1.1,5,1,0.004018058,8
v1.1,6,1,0.013573949,8
v1.1,6,2,0.012309967,8
v1.1,7,1,0.022528494,8
v1.1,7,2,0.05280371,8
v1.1,8,1,0.083257705,8
v1.1,8,2,0.178130368,8
v1.1,9,1,0.135231541,8
v1.1,9,2,0.188221195,8
v1.1,9,3,0.347141771,8
v1.1,10,1,0.674512333,8
v1.1,10,2,0.432874844,8
v1.1,10,3,0.496391886,8
v1.1,11,1,0.600552294,8
v1.1,11,2,1.497567794,8
v1.1,11,3,1.07590641,8
v1.1,12,1,2.698144526,8
v1.1,12,2,2.015318979,8
v1.1,12,3,4.590112549,8
v1.1,13,1,3.520746291,8
v1.1,13,2,3.114250156,8
v1.1,13,3,2.337466927,8
v1.1,14,1,1.54091541,8
v1.1,14,2,2.943644669,8
v1.1,14,3,1.658758519,8
v1.1,15,1,4.465471286,8
v1.1,15,2,2.029399616,8
v1.1,15,3,4.51034065,8
v1.1,16,1,7.796771928,8
v1.1,16,2,8.447148078,8
v1.1,16,3,36.034081515,8
v1.1,17,1,7.964296579,8
v1.1,17,2,39.521574953,8
v1.1,17,3,23.334398033,8
v1.1,18,1,37.609563967,8
v1.1,18,2,46.592749377,8
v1.1,18,3,61.314032214,8
v1.1,19,1,19.304661788,8
v1.1,19,2,28.299747055,8
v1.1,19,3,50.376584821,8
v1.1,20,1,14.424800105,8
v1.1,20,2,49.253300957,8
v1.1,20,3,25.700007394,8
v1.1,21,1,85.421362337,8
v1.1,21,2,41.713866296,8
v1.1,21,3,4.692801952,8
v1.1,22,1,78.805152073,8
v1.1,22,2,119.480750843,8
v1.1,22,3,89.483550657,8
v1.1,23,1,101.111326416,8
v1.1,23,2,95.292924917,8
v1.1,23,3,24.496970545,8
v1.1,24,1,5.100884907,8
v1.1,24,2,114.957113351,8
v1.1,24,3,49.731869454,8
v1.1,25,1,213.472509874,8
v1.1,25,2,159.847768125,8
v1.1,25,3,38.71935813,8
v1.1,4,1,0.002479647,8
v1.1,5,1,0.003036755,8
v1.1,6,1,0.008658156,8
v1.1,6,2,0.004217649,8
v1.1,7,1,0.020045261,8
v1.1,7,2,0.029779093,8
v1.1,8,1,0.087722232,8
v1.1,8,2,0.176302391,8
v1.1,9,1,0.352927143,8
v1.1,9,2,0.457977277,8
v1.1,9,3,1.28951025,8
v1.1,10,1,0.055208718,8
v1.1,10,2,0.494828233,8
v1.1,10,3,0.675667733,8
v1.1,11,1,1.582303408,8
v1.1,11,2,1.545128289,8
v1.1,11,3,1.322910394,8
v1.1,12,1,0.624290642,8
v1.1,12,2,0.862573692,8
v1.1,12,3,4.701919827,8
v1.1,13,1,2.291640844,8
v1.1,13,2,2.396308151,8
v1.1,13,3,7.691826615,8
v1.1,14,1,2.082901427,8
v1.1,14,2,5.049207055,8
v1.1,14,3,0.75910473,8
v1.1,15,1,8.706597669,8
v1.1,15,2,8.771585636,8
v1.1,15,3,7.625718142,8
v1.1,16,1,16.676986901,8
v1.1,16,2,13.327189853,8
v1.1,16,3,10.837281784,8
v1.1,17,1,10.010579585,8
v1.1,17,2,13.44712664,8
v1.1,17,3,27.153624499,8
v1.1,18,1,15.874267321,8
v1.1,18,2,12.547133412,8
v1.1,18,3,19.670528033,8
v1.1,19,1,16.568619705,8
v1.1,19,2,13.313639626,8
v1.1,19,3,58.27349048,8
v1.1,20,1,25.312360603,8
v1.1,20,2,3.257845312,8
v1.1,20,3,82.530784961,8
v1.1,21,1,35.665085397,8
v1.1,21,2,76.18896218,8
v1.1,21,3,63.648575929,8
v1.1,22,1,72.605479163,8
v1.1,22,2,45.573123136,8
v1.1,22,3,57.587711132,8
v1.1,23,1,45.05827867,8
v1.1,23,2,40.108449106,8
v1.1,23,3,77.344042843,8
v1.1,24,1,134.497947389,8
v1.1,24,2,73.167702613,8
v1.1,24,3,86.360149695,8
v1.1,25,1,148.529805537,8
v1.1,25,2,60.818099925,8
v1.1,25,3,165.823884024,8
v1.1,4,1,0.001634417,8
v1.1,5,1,0.006960251,8
v1.1,6,1,0.051214847,8
v1.1,6,2,0.01096716,8
v1.1,7,1,0.115606865,8
v1.1,7,2,0.071933792,8
v1.1,8,1,0.108962562,8
v1.1,8,2,0.117238916,8
v1.1,9,1,0.177451868,8
v1.1,9,2,0.964176335,8
v1.1,9,3,0.856781347,8
v1.1,10,1,0.222908377,8
v1.1,10,2,0.595343849,8
v1.1,10,3,0.664001627,8
v1.1,11,1,1.483418653,8
v1.1,11,2,2.422272731,8
v1.1,11,3,0.578180192,8
v1.1,12,1,1.886722433,8
v1.1,12,2,1.361805251,8
v1.1,12,3,5.331302039,8
v1.1,13,1,3.20988835,8
v1.1,13,2,0.969869496,8
v1.1,13,3,1.061155055,8
v1.1,14,1,2.091096442,8
v1.1,14,2,3.656797765,8
v1.1,14,3,0.511327527,8
v1.1,15,1,2.850319118,8
v1.1,15,2,7.212780813,8
v1.1,15,3,21.241735692,8
v1.1,16,1,16.200866601,8
v1.1,16,2,3.714883787,8
v1.1,16,3,12.090225445,8
v1.1,17,1,8.028270582,8
v1.1,17,2,4.858471986,8
v1.1,17,3,31.214647013,8
v1.1,18,1,33.520847952,8
v1.1,18,2,31.750068404,8
v1.1,18,3,51.612754156,8
v1.1,19,1,31.083856639,8
v1.1,19,2,32.084257764,8
v1.1,19,3,50.038428853,8
v1.1,20,1,29.810920279,8
v1.1,20,2,10.972929087,8
v1.1,20,3,3.902114768,8
v1.1,21,1,22.518616458,8
v1.1,21,2,70.579658229,8
v1.1,21,3,119.632934958,8
v1.1,22,1,4.120304648,8
v1.1,22,2,46.202304025,8
v1.1,22,3,74.139537451,8
v1.1,23,1,5.412842631,8
v1.1,23,2,46.230694454,8
v1.1,23,3,58.16912655,8
v1.1,24,1,33.405791802,8
v1.1,24,2,65.667889937,8
v1.1,24,3,29.515462454,8
v1.1,25,1,173.730266447,8
v1.1,25,2,28.356788926,8
v1.1,25,3,101.94279419,8
v1.1,4,1,0.002234768,8
v1.1,5,1,0.00438753,8
v1.1,6,1,0.005427683,8
v1.1,6,2,0.022412197,8
v1.1,7,1,0.016517143,8
v1.1,7,2,0.031360252,8
v1.1,8,1,0.108343694,8
v1.1,8,2,0.297824245,8
v1.1,9,1,0.199478702,8
v1.1,9,2,0.518141388,8
v1.1,9,3,0.636289737,8
v1.1,10,1,1.270567031,8
v1.1,10,2,0.839305026,8
v1.1,10,3,0.897671266,8
v1.1,11,1,2.070488186,8
v1.1,11,2,0.97623405,8
v1.1,11,3,1.191667212,8
v1.1,12,1,1.481717506,8
v1.1,12,2,3.916618683,8
v1.1,12,3,1.508993181,8
v1.1,13,1,1.485494621,8
v1.1,13,2,3.587393357,8
v1.1,13,3,3.010713372,8
v1.1,14,1,5.160886453,8
v1.1,14,2,6.988032983,8
v1.1,14,3,9.827965274,8
v1.1,15,1,6.112731848,8
v1.1,15,2,6.508478678,8
v1.1,15,3,10.307099116,8
v1.1,16,1,10.982084565,8
v1.1,16,2,4.96933645,8
v1.1,16,3,18.934691178,8
v1.1,17,1,26.438023091,8
v1.1,17,2,7.90372956,8
v1.1,17,3,20.259108484,8
v1.1,18,1,9.964313271,8
v1.1,18,2,25.002049495,8
v1.1,18,3,44.267213899,8
v1.1,19,1,39.930629353,8
v1.1,19,2,9.153379443,8
v1.1,19,3,24.462691,8
v1.1,20,1,30.34274511,8
v1.1,20,2,44.703166589,8
v1.1,20,3,17.026939749,8
v1.1,21,1,38.55197868,8
v1.1,21,2,31.29145659,8
v1.1,21,3,50.849219383,8
v1.1,22,1,39.510241101,8
v1.1,22,2,113.44954251,8
v1.1,22,3,119.332915108,8
v1.1,23,1,186.458529585,8
v1.1,23,2,95.576097803,8
v1.1,23,3,96.448029262,8
v1.1,24,1,38.690076911,8
v1.1,24,2,33.256574357,8
v1.1,24,3,7.260109917,8
v1.1,25,1,126.554264404,8
v1.1,25,2,61.998324608,8
v1.1,25,3,92.547450424,8
v1.1,4,1,0.001793014,8
v1.1,5,1,0.006918728,8
v1.1,6,1,0.008215934,8
v1.1,6,2,0.015903124,8
v1.1,7,1,0.038367827,8
v1.1,7,2,0.053636104,8
v1.1,8,1,0.030965388,8
v1.1,8,2,0.11333733,8
v1.1,9,1,0.530461209,8
v1.1,9,2,0.42837834,8
v1.1,9,3,0.942252322,8
v1.1,10,1,0.460370445,8
v1.1,10,2,0.121240421,8
v1.1,10,3,1.818291625,8
v1.1,11,1,0.813939564,8
v1.1,11,2,1.350160828,8
v1.1,11,3,1.09612725,8
v1.1,12,1,1.899024853,8
v1.1,12,2,0.641508119,8
v1.1,12,3,3.286999986,8
v1.1,13,1,1.561622651,8
v1.1,13,2,5.477481289,8
v1.1,13,3,4.061257094,8
v1.1,14,1,6.577809998,8
v1.1,14,2,3.497154315,8
v1.1,14,3,1.873856105,8
v1.1,15,1,4.276292231,8
v1.1,15,2,7.451872148,8
v1.1,15,3,11.524434021,8
v1.1,16,1,6.413916711,8
v1.1,16,2,9.071369187,8
v1.1,16,3,7.61884369,8
v1.1,17,1,11.040564188,8
v1.1,17,2,17.194574991,8
v1.1,17,3,25.050916701,8
v1.1,18,1,37.666575724,8
v1.1,18,2,11.729074284,8
v1.1,18,3,23.064984049,8
v1.1,19,1,25.044233683,8
v1.1,19,2,12.886933512,8
v1.1,19,3,93.61665161,8
v1.1,20,1,47.497807178,8
v1.1,20,2,19.490715155,8
v1.1,20,3,4.399887142,8
v1.1,21,1,31.349959669,8
v1.1,21,2,4.594787763,8
v1.1,21,3,146.099063993,8
v1.1,22,1,76.497123306,8
v1.1,22,2,83.955319955,8
v1.1,22,3,31.035641213,8
v1.1,23,1,14.162358265,8
v1.1,23,2,151.379167477,8
v1.1,23,3,5.930438921,8
v1.1,24,1,99.055187658,8
v1.1,24,2,58.328803012,8
v1.1,24,3,90.046870312,8
v1.1,25,1,53.634472973,8
v1.1,25,2,109.983097369,8
v1.1,25,3,45.727064888,8
v1.1,4,1,0.002233331,8
v1.1,5,1,0.004395543,8
v1.1,6,1,0.007159013,8
v1.1,6,2,0.048744451,8
v1.1,7,1,0.013056127,8
v1.1,7,2,0.096579999,8
v1.1,8,1,0.11546686,8
v1.1,8,2,0.163408905,8
v1.1,9,1,0.187376206,8
v1.1,9,2,0.257695494,8
v1.1,9,3,0.213387321,8
v1.1,10,1,0.65705481,8
v1.1,10,2,1.469529635,8
v1.1,10,3,0.402658145,8
v1.1,11,1,0.783902997,8
v1.1,11,2,2.022030375,8
v1.1,11,3,2.192494124,8
v1.1,12,1,0.828591791,8
v1.1,12,2,2.740603499,8
v1.1,12,3,3.566358211,8
v1.1,13,1,2.292189253,8
v1.1,13,2,13.691149556,8
v1.1,13,3,2.267189832,8
v1.1,14,1,14.213714963,8
v1.1,14,2,11.296024271,8
v1.1,14,3,9.93500702,8
v1.1,15,1,11.057726552,8
v1.1,15,2,22.12624009,8
v1.1,15,3,8.881104587,8
v1.1,16,1,18.173791009,8
v1.1,16,2,11.946067751,8
v1.1,16,3,43.911830925,8
v1.1,17,1,16.624174569,8
v1.1,17,2,9.020576182,8
v1.1,17,3,2.420450288,8
v1.1,18,1,17.167105478,8
v1.1,18,2,33.473034948,8
v1.1,18,3,13.374023227,8
v1.1,19,1,29.374726782,8
v1.1,19,2,11.067159423,8
v1.1,19,3,18.660660947,8
v1.1,20,1,91.426605376,8
v1.1,20,2,39.22201898,8
v1.1,20,3,66.475896385,8
v1.1,21,1,45.663560837,8
v1.1,21,2,100.417949784,8
v1.1,21,3,137.641443232,8
v1.1,22,1,79.020795705,8
v1.1,22,2,43.888521174,8
v1.1,22,3,53.284868639,8
v1.1,23,1,87.697368896,8
v1.1,23,2,45.936583965,8
v1.1,23,3,136.727305981,8
v1.1,24,1,68.838670754,8
v1.1,24,2,58.295179398,8
v1.1,24,3,229.477502999,8
v1.1,25,1,43.430563676,8
v1.1,25,2,138.460726413,8
v1.1,25,3,340.065480946,8
v1.1,4,1,0.001923203,8
v1.1,5,1,0.00688032,8
v1.1,6,1,0.018367545,8
v1.1,6,2,0.025703872,8
v1.1,7,1,0.027717171,8
v1.1,7,2,0.044767684,8
v1.1,8,1,0.289914229,8
v1.1,8,2,0.22975293,8
v1.1,9,1,0.273297085,8
v1.1,9,2,0.262981159,8
v1.1,9,3,0.441948593,8
v1.1,10,1,0.243518581,8
v1.1,10,2,0.08033815,8
v1.1,10,3,0.669496987,8
v1.1,11,1,0.927214825,8
v1.1,11,2,2.554653166,8
v1.1,11,3,0.194464258,8
v1.1,12,1,1.913667574,8
v1.1,12,2,2.612004748,8
v1.1,12,3,2.120032789,8
v1.1,13,1,1.477905292,8
v1.1,13,2,4.290428437,8
v1.1,13,3,5.500217703,8
v1.1,14,1,2.551802755,8
v1.1,14,2,4.363762119,8
v1.1,14,3,4.12448813,8
v1.1,15,1,2.672335715,8
v1.1,15,2,11.917200744,8
v1.1,15,3,15.515631924,8
v1.1,16,1,4.601951278,8
v1.1,16,2,16.586374724,8
v1.1,16,3,8.621099628,8
v1.1,17,1,19.609334697,8
v1.1,17,2,7.680652453,8
v1.1,17,3,23.436179773,8
v1.1,18,1,1.967055981,8
v1.1,18,2,27.42866038,8
v1.1,18,3,7.036825617,8
v1.1,19,1,31.646993,8
v1.1,19,2,5.524668973,8
v1.1,19,3,18.518045451,8
v1.1,20,1,18.560980944,8
v1.1,20,2,29.052547211,8
v1.1,20,3,47.853625437,8
v1.1,21,1,6.996825807,8
v1.1,21,2,121.726788812,8
v1.1,21,3,77.906097285,8
v1.1,22,1,104.105196532,8
v1.1,22,2,5.993199453,8
v1.1,22,3,149.385195211,8
v1.1,23,1,48.19405149,8
v1.1,23,2,23.620695037,8
v1.1,23,3,151.968888285,8
v1.1,24,1,66.23030291,8
v1.1,24,2,220.406374219,8
v1.1,24,3,106.191459643,8
v1.1,25,1,98.391284899,8
v1.1,25,2,77.191778525,8
v1.1,25,3,282.966787232,8
v1.1,4,1,0.002327242,8
v1.1,5,1,0.005256643,8
v1.1,6,1,0.009862681,8
v1.1,6,2,0.009706653,8
v1.1,7,1,0.028317049,8
v1.1,7,2,0.105133315,8
v1.1,8,1,0.210395726,8
v1.1,8,2,0.045963114,8
v1.1,9,1,0.218158666,8
v1.1,9,2,0.633008618,8
v1.1,9,3,0.320420817,8
v1.1,10,1,0.207563584,8
v1.1,10,2,1.391878198,8
v1.1,10,3,0.628785092,8
v1.1,11,1,1.774724688,8
v1.1,11,2,1.022948911,8
v1.1,11,3,0.640940888,8
v1.1,12,1,1.407198905,8
v1.1,12,2,0.794748375,8
v1.1,12,3,3.91654036,8
v1.1,13,1,3.169320582,8
v1.1,13,2,3.830174788,8
v1.1,13,3,1.256035205,8
v1.1,14,1,5.30326288,8
v1.1,14,2,3.994587495,8
v1.1,14,3,8.021588881,8
v1.1,15,1,6.559674867,8
v1.1,15,2,3.586472704,8
v1.1,15,3,17.091944316,8
v1.1,16,1,9.345554354,8
v1.1,16,2,11.824690069,8
v1.1,16,3,30.908121216,8
v1.1,17,1,13.087691563,8
v1.1,17,2,15.01023118,8
v1.1,17,3,30.71442807,8
v1.1,18,1,31.228067828,8
v1.1,18,2,52.972186544,8
v1.1,18,3,35.81293766,8
v1.1,19,1,21.742015208,8
v1.1,19,2,38.748589042,8
v1.1,19,3,9.61720836,8
v1.1,20,1,2.050966198,8
v1.1,20,2,50.529800322,8
v1.1,20,3,34.279639493,8
v1.1,21,1,50.299566675,8
v1.1,21,2,25.068365959,8
v1.1,21,3,88.077508349,8
v1.1,22,1,106.645512117,8
v1.1,22,2,21.733102072,8
v1.1,22,3,46.097077062,8
v1.1,23,1,19.268190723,8
v1.1,23,2,155.388713944,8
v1.1,23,3,32.312513796,8
v1.1,24,1,151.532569809,8
v1.1,24,2,61.1880274,8
v1.1,24,3,43.824753073,8
v1.1,25,1,272.5035221,8
v1.1,25,2,127.335312458,8
v1.1,25,3,238.276516393,8
v1.1,4,1,0.002808858,8
v1.1,5,1,0.003451403,8
v1.1,6,1,0.045629234,8
v1.1,6,2,0.013574422,8
v1.1,7,1,0.016730563,8
v1.1,7,2,0.166781466,8
v1.1,8,1,0.114440874,8
v1.1,8,2,0.107881429,8
v1.1,9,1,0.253337704,8
v1.1,9,2,0.265890653,8
v1.1,9,3,0.433399413,8
v1.1,10,1,0.160548391,8
v1.1,10,2,0.702595088,8
v1.1,10,3,0.57366019,8
v1.1,11,1,1.235305861,8
v1.1,11,2,0.635285571,8
v1.1,11,3,1.361654266,8
v1.1,12,1,2.512559783,8
v1.1,12,2,1.514632051,8
v1.1,12,3,3.874029348,8
v1.1,13,1,2.076810377,8
v1.1,13,2,4.722169518,8
v1.1,13,3,6.80386815,8
v1.1,14,1,8.092011867,8
v1.1,14,2,2.091485736,8
v1.1,14,3,5.411742302,8
v1.1,15,1,2.344505859,8
v1.1,15,2,7.533050549,8
v1.1,15,3,0.915717861,8
v1.1,16,1,12.602739747,8
v1.1,16,2,4.353961689,8
v1.1,16,3,31.218494573,8
v1.1,17,1,4.621659887,8
v1.1,17,2,27.563679506,8
v1.1,17,3,24.071272964,8
v1.1,18,1,19.853729233,8
v1.1,18,2,22.312459845,8
v1.1,18,3,8.757613727,8
v1.1,19,1,7.479126569,8
v1.1,19,2,42.673299921,8
v1.1,19,3,51.822288358,8
v1.1,20,1,24.241831174,8
v1.1,20,2,15.796817469,8
v1.1,20,3,30.337592837,8
v1.1,21,1,117.142965752,8
v1.1,21,2,13.074111235,8
v1.1,21,3,44.512285207,8
v1.1,22,1,140.232130802,8
v1.1,22,2,148.700944633,8
v1.1,22,3,39.306631189,8
v1.1,23,1,83.199419273,8
v1.1,23,2,47.037888208,8
v1.1,23,3,156.907731498,8
v1.1,24,1,176.810421341,8
v1.1,24,2,149.533440141,8
v1.1,24,3,41.308876537,8
v1.1,25,1,141.588217798,8
v1.1,25,2,94.898066509,8
v1.1,25,3,348.33011756,8
v1.1,4,1,0.002544441,8
v1.1,5,1,0.003034183,8
v1.1,6,1,0.005969673,8
v1.1,6,2,0.043364279,8
v1.1,7,1,0.044646761,8
v1.1,7,2,0.058247445,8
v1.1,8,1,0.067453898,8
v1.1,8,2,0.145725042,8
v1.1,9,1,0.661938762,8
v1.1,9,2,0.296783625,8
v1.1,9,3,0.506678315,8
v1.1,10,1,0.63717088,8
v1.1,10,2,0.724056586,8
v1.1,10,3,0.841241096,8
v1.1,11,1,0.920618185,8
v1.1,11,2,2.195170408,8
v1.1,11,3,3.569281895,8
v1.1,12,1,2.894503554,8
v1.1,12,2,2.244812984,8
v1.1,12,3,7.015753048,8
v1.1,13,1,2.454743431,8
v1.1,13,2,2.998580156,8
v1.1,13,3,2.644679588,8
v1.1,14,1,0.523241037,8
v1.1,14,2,1.260862804,8
v1.1,14,3,8.983667171,8
v1.1,15,1,7.280660601,8
v1.1,15,2,5.020180313,8
v1.1,15,3,6.178714366,8
v1.1,16,1,4.052793345,8
v1.1,16,2,13.369354353,8
v1.1,16,3,15.471788628,8
v1.1,17,1,43.563018116,8
v1.1,17,2,14.01641687,8
v1.1,17,3,36.520920603,8
v1.1,18,1,8.104612979,8
v1.1,18,2,16.436201089,8
v1.1,18,3,18.594234201,8
v1.1,19,1,41.93434241,8
v1.1,19,2,31.23542315,8
v1.1,19,3,16.189598324,8
v1.1,20,1,50.521110037,8
v1.1,20,2,30.178612857,8
v1.1,20,3,59.44464955,8
v1.1,21,1,19.572639653,8
v1.1,21,2,72.58711571,8
v1.1,21,3,45.227351727,8
v1.1,22,1,45.181832124,8
v1.1,22,2,57.695129914,8
v1.1,22,3,44.765175768,8
v1.1,23,1,107.380108913,8
v1.1,23,2,31.322738724,8
v1.1,23,3,45.279971545,8
v1.1,24,1,119.465800069,8
v1.1,24,2,53.225712863,8
v1.1,24,3,8.853895249,8
v1.1,25,1,39.384264117,8
v1.1,25,2,197.450119519,8
v1.1,25,3,133.799923262,8
v1.1,4,1,0.002959134,8
v1.1,5,1,0.002260824,8
v1.1,6,1,0.045852688,8
v1.1,6,2,0.014722166,8
v1.1,7,1,0.026936415,8
v1.1,7,2,0.166374683,8
v1.1,8,1,0.113887948,8
v1.1,8,2,0.179812289,8
v1.1,9,1,0.205399315,8
v1.1,9,2,0.504364687,8
v1.1,9,3,0.76951639,8
v1.1,10,1,0.318197808,8
v1.1,10,2,0.74396222,8
v1.1,10,3,0.697439265,8
v1.1,11,1,0.520262271,8
v1.1,11,2,0.772581759,8
v1.1,11,3,1.280464519,8
v1.1,12,1,1.100181263,8
v1.1,12,2,1.553683939,8
v1.1,12,3,2.75224536,8
v1.1,13,1,5.367039786,8
v1.1,13,2,3.137616252,8
v1.1,13,3,2.14268753,8
v1.1,14,1,2.055876112,8
v1.1,14,2,1.1669906,8
v1.1,14,3,24.326075706,8
v1.1,15,1,2.944174484,8
v1.1,15,2,24.318906367,8
v1.1,15,3,14.374107935,8
v1.1,16,1,6.230626965,8
v1.1,16,2,5.915427742,8
v1.1,16,3,22.785986165,8
v1.1,17,1,15.19338168,8
v1.1,17,2,8.044978096,8
v1.1,17,3,26.818814351,8
v1.1,18,1,12.169576575,8
v1.1,18,2,18.849705661,8
v1.1,18,3,77.083494324,8
v1.1,19,1,20.971631444,8
v1.1,19,2,35.531587508,8
v1.1,19,3,43.558973211,8
v1.1,20,1,51.053152537,8
v1.1,20,2,76.531709442,8
v1.1,20,3,36.254683246,8
v1.1,21,1,44.430986645,8
v1.1,21,2,27.930326849,8
v1.1,21,3,59.887787416,8
v1.1,22,1,98.167938612,8
v1.1,22,2,34.3583186,8
v1.1,22,3,50.581899338,8
v1.1,23,1,40.241258054,8
v1.1,23,2,80.472760458,8
v1.1,23,3,80.598070366,8
v1.1,24,1,100.662055898,8
v1.1,24,2,224.72519979,8
v1.1,24,3,169.556258342,8
v1.1,25,1,242.692920988,8
v1.1,25,2,242.685497082,8
v1.1,25,3,145.373435682,8
v1.1,4,1,0.0016291,8
v1.1,5,1,0.002935759,8
v1.1,6,1,0.040705421,8
v1.1,6,2,0.024092331,8
v1.1,7,1,0.049849737,8
v1.1,7,2,0.033569803,8
v1.1,8,1,0.154784201,8
v1.1,8,2,0.220509174,8
v1.1,9,1,0.2291995,8
v1.1,9,2,0.189167031,8
v1.1,9,3,0.740880958,8
v1.1,10,1,0.196929529,8
v1.1,10,2,1.872779044,8
v1.1,10,3,0.732135367,8
v1.1,11,1,1.472594227,8
v1.1,11,2,0.968236968,8
v1.1,11,3,0.92943841,8
v1.1,12,1,0.934117498,8
v1.1,12,2,5.565328023,8
v1.1,12,3,3.678801328,8
v1.1,13,1,7.191116533,8
v1.1,13,2,3.946824426,8
v1.1,13,3,0.452827806,8
v1.1,14,1,3.475799074,8
v1.1,14,2,3.244501884,8
v1.1,14,3,12.77489923,8
v1.1,15,1,5.362663065,8
v1.1,15,2,3.652714497,8
v1.1,15,3,1.039181574,8
v1.1,16,1,6.508749346,8
v1.1,16,2,4.301303138,8
v1.1,16,3,18.022859173,8
v1.1,17,1,1.231214172,8
v1.1,17,2,35.423276935,8
v1.1,17,3,24.207288856,8
v1.1,18,1,44.960143753,8
v1.1,18,2,43.622267758,8
v1.1,18,3,8.372139719,8
v1.1,19,1,44.714730192,8
v1.1,19,2,43.09888823,8
v1.1,19,3,36.301000109,8
v1.1,20,1,24.863012574,8
v1.1,20,2,64.753145245,8
v1.1,20,3,4.470745957,8
v1.1,21,1,72.246040228,8
v1.1,21,2,36.39767421,8
v1.1,21,3,73.111998483,8
v1.1,22,1,24.244002477,8
v1.1,22,2,123.185358082,8
v1.1,22,3,84.765894849,8
v1.1,23,1,81.814745805,8
v1.1,23,2,22.188612086,8
v1.1,23,3,30.519009742,8
v1.1,24,1,125.91516718,8
v1.1,24,2,133.795853545,8
v1.1,24,3,10.289580549,8
v1.1,25,1,385.776588181,8
v1.1,25,2,98.931097331,8
v1.1,25,3,324.609162941,8
v1.1,4,1,0.002633455,8
v1.1,5,1,0.004117178,8
v1.1,6,1,0.010317011,8
v1.1,6,2,0.023240685,8
v1.1,7,1,0.026548415,8
v1.1,7,2,0.122709176,8
v1.1,8,1,0.040505157,8
v1.1,8,2,0.159262021,8
v1.1,9,1,0.187146432,8
v1.1,9,2,0.471729982,8
v1.1,9,3,0.11393169,8
v1.1,10,1,0.652261699,8
v1.1,10,2,0.486752291,8
v1.1,10,3,0.085345094,8
v1.1,11,1,1.491831307,8
v1.1,11,2,0.962003501,8
v1.1,11,3,0.63895666,8
v1.1,12,1,2.999097815,8
v1.1,12,2,2.566251076,8
v1.1,12,3,3.410919352,8
v1.1,13,1,2.308474934,8
v1.1,13,2,3.375097257,8
v1.1,13,3,3.594861092,8
v1.1,14,1,1.666372385,8
v1.1,14,2,10.151302777,8
v1.1,14,3,2.359959829,8
v1.1,15,1,9.080161282,8
v1.1,15,2,11.688203483,8
v1.1,15,3,13.190858278,8
v1.1,16,1,8.599262888,8
v1.1,16,2,28.56466448,8
v1.1,16,3,11.535411951,8
v1.1,17,1,17.601941932,8
v1.1,17,2,25.958774575,8
v1.1,17,3,22.511885698,8
v1.1,18,1,7.535627748,8
v1.1,18,2,38.110637266,8
v1.1,18,3,16.065256929,8
v1.1,19,1,20.813946303,8
v1.1,19,2,32.811385318,8
v1.1,19,3,4.074551882,8
v1.1,20,1,24.254881154,8
v1.1,20,2,30.655890223,8
v1.1,20,3,14.86891344,8
v1.1,21,1,49.287546258,8
v1.1,21,2,34.609422251,8
v1.1,21,3,53.885436893,8
v1.1,22,1,23.298200709,8
v1.1,22,2,68.762049202,8
v1.1,22,3,110.108837728,8
v1.1,23,1,119.027011657,8
v1.1,23,2,32.276405284,8
v1.1,23,3,24.199291205,8
v1.1,24,1,125.333984109,8
v1.1,24,2,25.237484766,8
v1.1,24,3,54.85239902,8
v1.1,25,1,221.13542198,8
v1.1,25,2,170.998052549,8
v1.1,25,3,70.002027523,8
v1.1,4,1,0.002896828,8
v1.1,5,1,0.002346315,8
v1.1,6,1,0.019024314,8
v1.1,6,2,0.012768721,8
v1.1,7,1,0.079177636,8
v1.1,7,2,0.201498446,8
v1.1,8,1,0.191684781,8
v1.1,8,2,0.149017466,8
v1.1,9,1,0.169849963,8
v1.1,9,2,0.131060303,8
v1.1,9,3,0.924357153,8
v1.1,10,1,0.255856134,8
v1.1,10,2,0.560334662,8
v1.1,10,3,0.308738301,8
v1.1,11,1,0.791779857,8
v1.1,11,2,2.141125148,8
v1.1,11,3,0.79570978,8
v1.1,12,1,1.01745305,8
v1.1,12,2,1.996506649,8
v1.1,12,3,2.896009788,8
v1.1,13,1,2.43570285,8
v1.1,13,2,2.925894675,8
v1.1,13,3,4.679201481,8
v1.1,14,1,0.895836894,8
v1.1,14,2,12.538169469,8
v1.1,14,3,3.913213326,8
v1.1,15,1,16.08373825,8
v1.1,15,2,16.955045693,8
v1.1,15,3,5.40766198,8
v1.1,16,1,4.466119332,8
v1.1,16,2,4.409694,8
v1.1,16,3,20.455841349,8
v1.1,17,1,0.809056619,8
v1.1,17,2,17.457413292,8
v1.1,17,3,37.781536035,8
v1.1,18,1,46.898249829,8
v1.1,18,2,1.834072831,8
v1.1,18,3,37.732243785,8
v1.1,19,1,47.695830213,8
v1.1,19,2,20.47861118,8
v1.1,19,3,49.642439705,8
v1.1,20,1,30.840137812,8
v1.1,20,2,49.868896757,8
v1.1,20,3,86.597300121,8
v1.1,21,1,34.657568418,8
v1.1,21,2,37.203598038,8
v1.1,21,3,6.269990283,8
v1.1,22,1,45.198003005,8
v1.1,22,2,7.159831256,8
v1.1,22,3,128.143958899,8
v1.1,23,1,102.193215405,8
v1.1,23,2,25.861080302,8
v1.1,23,3,29.944545971,8
v1.1,24,1,113.924457317,8
v1.1,24,2,43.896541663,8
v1.1,24,3,72.671015703,8
v1.1,25,1,43.479202124,8
v1.1,25,2,95.742041667,8
v1.1,25,3,178.096844815,8
v1.1,4,1,0.003219359,8
v1.1,5,1,0.00665115,8
v1.1,6,1,0.014310335,8
v1.1,6,2,0.029645471,8
v1.1,7,1,0.037632685,8
v1.1,7,2,0.057434882,8
v1.1,8,1,0.034558703,8
v1.1,8,2,0.19033533,8
v1.1,9,1,0.310758482,8
v1.1,9,2,0.368824146,8
v1.1,9,3,0.368411886,8
v1.1,10,1,0.676460305,8
v1.1,10,2,0.963075309,8
v1.1,10,3,0.827794668,8
v1.1,11,1,0.575634954,8
v1.1,11,2,0.137654697,8
v1.1,11,3,1.975890298,8
v1.1,12,1,1.2051508,8
v1.1,12,2,2.765963375,8
v1.1,12,3,1.288999414,8
v1.1,13,1,4.152911552,8
v1.1,13,2,2.118905089,8
v1.1,13,3,2.769969817,8
v1.1,14,1,4.171813997,8
v1.1,14,2,11.342960849,8
v1.1,14,3,2.420615675,8
v1.1,15,1,17.61261098,8
v1.1,15,2,2.184179807,8
v1.1,15,3,7.05454758,8
v1.1,16,1,12.256316432,8
v1.1,16,2,6.094345872,8
v1.1,16,3,15.133093023,8
v1.1,17,1,13.092523466,8
v1.1,17,2,11.266505586,8
v1.1,17,3,16.689880815,8
v1.1,18,1,17.213652047,8
v1.1,18,2,33.425026513,8
v1.1,18,3,57.128060605,8
v1.1,19,1,25.120390465,8
v1.1,19,2,3.314502306,8
v1.1,19,3,42.583900622,8
v1.1,20,1,17.026811601,8
v1.1,20,2,43.472124382,8
v1.1,20,3,39.741988299,8
v1.1,21,1,39.619084357,8
v1.1,21,2,50.246956769,8
v1.1,22,1,20.812246455,8
v1.1,22,2,47.142288519,8
v1.1,22,3,73.429056963,8
v1.1,23,1,112.942163667,8
v1.1,23,2,67.194909683,8
v1.1,23,3,161.288659062,8
v1.1,24,1,126.333857476,8
v1.1,24,2,171.464753152,8
v1.1,24,3,117.764242376,8
v1.1,25,1,43.120306627,8
v1.1,25,2,112.256071896,8
v1.1,25,3,176.505815995,8
v1.1,4,1,0.002270162,8
v1.1,5,1,0.004428997,8
v1.1,6,1,0.018959284,8
v1.1,6,2,0.042285291,8
v1.1,7,1,0.078165716,8
v1.1,7,2,0.146678305,8
v1.1,8,1,0.191711807,8
v1.1,8,2,0.136868988,8
v1.1,9,1,0.12017523,8
v1.1,9,2,0.266991368,8
v1.1,9,3,0.596288972,8
v1.1,10,1,0.744287092,8
v1.1,10,2,0.432646866,8
v1.1,10,3,0.395306208,8
v1.1,11,1,0.382911315,8
v1.1,11,2,1.188042131,8
v1.1,11,3,2.625527723,8
v1.1,12,1,1.085284418,8
v1.1,12,2,1.244232965,8
v1.1,12,3,1.760197639,8
v1.1,13,1,2.497728251,8
v1.1,13,2,1.480373939,8
v1.1,13,3,5.120760077,8
v1.1,14,1,1.123914378,8
v1.1,14,2,11.879968564,8
v1.1,14,3,2.352913966,8
v1.1,15,1,4.025121735,8
v1.1,15,2,4.147777843,8
v1.1,15,3,9.086031231,8
v1.1,16,1,4.92557603,8
v1.1,16,2,16.90770061,8
v1.1,16,3,1.917536558,8
v1.1,17,1,8.25179433,8
v1.1,17,2,15.889227206,8
v1.1,17,3,19.801950853,8
v1.1,18,1,32.777904429,8
v1.1,18,2,40.164793422,8
v1.1,18,3,35.975429349,8
v1.1,19,1,37.344833348,8
v1.1,19,2,25.547185807,8
v1.1,19,3,43.644274791,8
v1.1,20,1,40.158442524,8
v1.1,20,2,64.536680052,8
v1.1,20,3,15.969852931,8
v1.1,21,1,4.843919101,8
v1.1,21,2,110.73714698,8
v1.1,21,3,44.90067289,8
v1.1,22,1,3.297590375,8
v1.1,22,2,90.47570578,8
v1.1,22,3,44.235807696,8
v1.1,23,1,99.066755583,8
v1.1,23,2,99.577355451,8
v1.1,23,3,50.674618743,8
v1.1,24,1,22.546681431,8
v1.1,24,2,169.168146417,8
v1.1,24,3,151.727188396,8
v1.1,25,1,175.219306261,8
v1.1,25,2,34.646345346,8
v1.1,25,3,276.825820444,8
v1.1,4,1,0.002235894,8
v1.1,5,1,0.011163334,8
v1.1,6,1,0.004402962,8
v1.1,6,2,0.019535653,8
v1.1,7,1,0.030121504,8
v1.1,7,2,0.088119318,8
v1.1,8,1,0.102428996,8
v1.1,8,2,0.120669827,8
v1.1,9,1,0.182253805,8
v1.1,9,2,0.424581926,8
v1.1,9,3,0.281722636,8
v1.1,10,1,0.861557876,8
v1.1,10,2,0.51196004,8
v1.1,10,3,0.942872637,8
v1.1,11,1,0.620012767,8
v1.1,11,2,1.347257901,8
v1.1,11,3,1.775125589,8
v1.1,12,1,0.36896431,8
v1.1,12,2,0.810140851,8
v1.1,12,3,2.834534127,8
v1.1,13,1,2.259392197,8
v1.1,13,2,6.245935192,8
v1.1,13,3,5.478070723,8
v1.1,14,1,4.540291756,8
v1.1,14,2,5.509952859,8
v1.1,14,3,7.068296892,8
v1.1,15,1,5.539384078,8
v1.1,15,2,12.306501763,8
v1.1,15,3,6.719242311,8
v1.1,16,1,14.172002701,8
v1.1,16,2,20.514407705,8
v1.1,16,3,18.619149743,8
v1.1,17,1,11.663422403,8
v1.1,17,2,16.305781467,8
v1.1,17,3,15.867342606,8
v1.1,18,1,26.951467503,8
v1.1,18,2,18.235991045,8
v1.1,18,3,13.274513051,8
v1.1,19,1,14.241059444,8
v1.1,19,2,8.345585781,8
v1.1,19,3,42.577085419,8
v1.1,20,1,12.06520919,8
v1.1,20,2,31.551141715,8
v1.1,20,3,69.163150911,8
v1.1,21,1,59.855062287,8
v1.1,21,2,14.77483795,8
v1.1,21,3,37.849635565,8
v1.1,22,1,24.538333699,8
v1.1,22,2,48.353014125,8
v1.1,22,3,63.688583663,8
v1.1,23,1,125.466941101,8
v1.1,23,2,108.172063766,8
v1.1,23,3,147.026545479,8
v1.1,24,1,154.014100633,8
v1.1,24,2,219.365585215,8
v1.1,24,3,194.469012534,8
v1.1,25,1,53.303167149,8
v1.1,25,2,306.728677699,8
v1.1,25,3,141.160106049,8
v1.1,4,1,0.001994491,8
v1.1,5,1,0.00450001,8
v1.1,6,1,0.022092848,8
v1.1,6,2,0.052687913,8
v1.1,7,1,0.044889345,8
v1.1,7,2,0.025366544,8
v1.1,8,1,0.050825389,8
v1.1,8,2,0.218362042,8
v1.1,9,1,0.359536366,8
v1.1,9,2,0.264845836,8
v1.1,9,3,0.527776008,8
v1.1,10,1,0.300273735,8
v1.1,10,2,0.906577892,8
v1.1,10,3,0.639369169,8
v1.1,11,1,0.928925113,8
v1.1,11,2,0.931147117,8
v1.1,11,3,1.107206669,8
v1.1,12,1,1.750006156,8
v1.1,12,2,0.73464795,8
v1.1,12,3,5.047719599,8
v1.1,13,1,1.904483922,8
v1.1,13,2,5.382415995,8
v1.1,13,3,5.654440555,8
v1.1,14,1,2.674878759,8
v1.1,14,2,11.512820982,8
v1.1,14,3,3.191272612,8
v1.1,15,1,8.988349302,8
v1.1,15,2,8.724955327,8
v1.1,15,3,12.594333358,8
v1.1,16,1,11.180795452,8
v1.1,16,2,23.723768124,8
v1.1,16,3,20.661679753,8
v1.1,17,1,13.197811674,8
v1.1,17,2,14.173759183,8
v1.1,17,3,19.257542641,8
v1.1,18,1,29.473634286,8
v1.1,18,2,23.378334012,8
v1.1,18,3,17.320098671,8
v1.1,19,1,31.685035063,8
v1.1,19,2,8.374862175,8
v1.1,19,3,10.460919778,8
v1.1,20,1,43.840549598,8
v1.1,20,2,61.604714407,8
v1.1,20,3,31.332993705,8
v1.1,21,1,13.517472809,8
v1.1,21,2,50.370319655,8
v1.1,21,3,57.165666566,8
v1.1,22,1,50.273132375,8
v1.1,22,2,80.740097272,8
v1.1,22,3,67.882884172,8
v1.1,23,1,97.600767178,8
v1.1,23,2,32.352624766,8
v1.1,23,3,149.075793446,8
v1.1,24,1,80.422753835,8
v1.1,24,2,41.298020566,8
v1.1,24,3,247.460659321,8
v1.1,25,1,70.491964651,8
v1.1,25,2,323.428366829,8
v1.1,25,3,323.790407821,8
v1.1,4,1,0.002889509,8
v1.1,5,1,0.004080943,8
v1.1,6,1,0.007115986,8
v1.1,6,2,0.013299992,8
v1.1,7,1,0.078762935,8
v1.1,7,2,0.011407479,8
v1.1,8,1,0.06008504,8
v1.1,8,2,0.126255454,8
v1.1,9,1,0.262326582,8
v1.1,9,2,0.935783153,8
v1.1,10,1,0.568927807,8
v1.1,10,2,0.739269978,8
v1.1,10,3,0.886221653,8
v1.1,11,1,0.737766597,8
v1.1,11,2,1.706308914,8
v1.1,11,3,0.773307657,8
v1.1,12,1,1.77338278,8
v1.1,12,2,1.355244669,8
v1.1,12,3,2.100780291,8
v1.1,13,1,1.513715703,8
v1.1,13,2,1.013686391,8
v1.1,13,3,2.901555107,8
v1.1,14,1,5.436989954,8
v1.1,14,2,3.861883575,8
v1.1,14,3,3.782113369,8
v1.1,15,1,3.390013542,8
v1.1,15,2,10.340632505,8
v1.1,15,3,5.126673743,8
v1.1,16,1,4.136057332,8
v1.1,16,2,23.50025211,8
v1.1,16,3,6.625994775,8
v1.1,17,1,9.976665853,8
v1.1,17,2,2.052204973,8
v1.1,17,3,20.671101519,8
v1.1,18,1,22.200561392,8
v1.1,18,2,19.077687158,8
v1.1,18,3,22.693830185,8
v1.1,19,1,7.364659746,8
v1.1,19,2,33.887625932,8
v1.1,19,3,23.795995857,8
v1.1,20,1,31.33500474,8
v1.1,20,2,20.43196785,8
v1.1,20,3,101.726199711,8
v1.1,21,1,78.164806381,8
v1.1,21,2,39.690604166,8
v1.1,21,3,41.206588022,8
v1.1,22,1,81.143654549,8
v1.1,22,2,81.635479366,8
v1.1,22,3,78.292810028,8
v1.1,23,1,67.344513046,8
v1.1,23,2,7.010330461,8
v1.1,23,3,32.557021442,8
v1.1,24,1,106.520676744,8
v1.1,24,2,111.482458613,8
v1.1,24,3,287.563146713,8
v1.1,25,1,309.589126488,8
v1.1,25,2,38.003436469,8
v1.1,25,3,192.96996115,8
v1.1,4,1,0.002214305,8
v1.1,5,1,0.003815327,8
v1.1,6,1,0.008468005,8
v1.1,6,2,0.020018164,8
v1.1,7,1,0.032222202,8
v1.1,7,2,0.072504997,8
v1.1,8,1,0.079313911,8
v1.1,8,2,0.136927104,8
v1.1,9,1,0.353327774,8
v1.1,9,2,0.432255793,8
v1.1,9,3,0.630251191,8
v1.1,10,1,0.59420971,8
v1.1,10,2,0.198106297,8
v1.1,10,3,0.745132452,8
v1.1,11,1,1.288064648,8
v1.1,11,2,1.117739805,8
v1.1,11,3,0.462397483,8
v1.1,12,1,1.865738923,8
v1.1,12,2,2.07254521,8
v1.1,12,3,1.575463652,8
v1.1,13,1,3.027681767,8
v1.1,13,2,1.217175082,8
v1.1,13,3,2.231530997,8
v1.1,14,1,4.544004944,8
v1.1,14,2,3.828447426,8
v1.1,14,3,6.154797856,8
v1.1,15,1,1.988359483,8
v1.1,15,2,10.874793038,8
v1.1,15,3,2.642231214,8
v1.1,16,1,10.962512942,8
v1.1,16,2,14.201654051,8
v1.1,16,3,11.210602488,8
v1.1,17,1,7.155876441,8
v1.1,17,2,27.227903015,8
v1.1,17,3,10.037864509,8
v1.1,18,1,19.765705225,8
v1.1,18,2,31.110290325,8
v1.1,18,3,13.807328404,8
v1.1,19,1,33.888789417,8
v1.1,19,2,32.241609114,8
v1.1,19,3,2.982362677,8
v1.1,20,1,51.423608576,8
v1.1,20,2,40.053332964,8
v1.1,20,3,126.333538329,8
v1.1,21,1,70.427003959,8
v1.1,21,2,23.080387401,8
v1.1,21,3,23.424216594,8
v1.1,22,1,76.60672356,8
v1.1,22,2,107.408810496,8
v1.1,22,3,88.242713957,8
v1.1,23,1,80.642297842,8
v1.1,23,2,86.925209799,8
v1.1,23,3,81.945825882,8
v1.1,24,1,6.931490138,8
v1.1,24,2,120.703437394,8
v1.1,24,3,41.389953165,8
v1.1,25,1,87.172001006,8
v1.1,25,2,28.03292665,8
v1.1,25,3,76.785146953,8
v1.1,4,1,0.003914106,8
v1.1,5,1,0.0029313,8
v1.1,6,1,0.013866362,8
v1.1,6,2,0.026100198,8
v1.1,7,1,0.024815425,8
v1.1,7,2,0.023229338,8
v1.1,8,1,0.080228435,8
v1.1,8,2,0.234815856,8
v1.1,9,1,0.023244987,8
v1.1,9,2,0.078578384,8
v1.1,9,3,0.318727571,8
v1.1,10,1,0.397730523,8
v1.1,10,2,0.508313214,8
v1.1,10,3,0.926916138,8
v1.1,11,1,1.072539894,8
v1.1,11,2,0.456692117,8
v1.1,11,3,2.241633372,8
v1.1,12,1,1.829936541,8
v1.1,12,2,1.313605322,8
v1.1,12,3,5.165847858,8
v1.1,13,1,0.651257504,8
v1.1,13,2,2.273717552,8
v1.1,13,3,2.820044735,8
v1.1,14,1,4.842368187,8
v1.1,14,2,3.297979586,8
v1.1,14,3,0.555959516,8
v1.1,15,1,0.523551178,8
v1.1,15,2,9.386268671,8
v1.1,15,3,2.692480179,8
v1.1,16,1,14.031569402,8
v1.1,16,2,16.691254256,8
v1.1,16,3,16.400685048,8
v1.1,17,1,35.227062506,8
v1.1,17,2,16.428845045,8
v1.1,17,3,19.633134418,8
v1.1,18,1,18.633113718,8
v1.1,18,2,30.967622965,8
v1.1,18,3,14.189427379,8
v1.1,19,1,41.889688325,8
v1.1,19,2,16.383314277,8
v1.1,19,3,35.650506211,8
v1.1,20,1,44.828814635,8
v1.1,20,2,58.321548183,8
v1.1,20,3,43.836531902,8
v1.1,21,1,62.10427106,8
v1.1,21,2,13.016883779,8
v1.1,21,3,21.648821231,8
v1.1,22,1,59.442843888,8
v1.1,22,2,59.012948782,8
v1.1,22,3,197.018500054,8
v1.1,23,1,3.819314048,8
v1.1,23,2,172.910818671,8
v1.1,23,3,76.569634222,8
v1.1,24,1,108.230651417,8
v1.1,24,2,9.646062716,8
v1.1,24,3,61.304775525,8
v1.1,25,1,125.732379953,8
v1.1,25,2,151.315861152,8
v1.1,25,3,92.38837608,8
v1.1,4,1,0.002343093,8
v1.1,5,1,0.004737201,8
v1.1,6,1,0.016316636,8
v1.1,6,2,0.037941942,8
v1.1,7,1,0.050904661,8
v1.1,7,2,0.068422172,8
v1.1,8,1,0.075695162,8
v1.1,8,2,0.164410153,8
v1.1,9,1,0.305339387,8
v1.1,9,2,0.757910171,8
v1.1,9,3,0.590186328,8
v1.1,10,1,0.440279544,8
v1.1,10,2,0.502136283,8
v1.1,10,3,1.005187654,8
v1.1,11,1,2.283505529,8
v1.1,11,2,2.312239503,8
v1.1,11,3,2.246202935,8
v1.1,12,1,1.506583034,8
v1.1,12,2,2.425031524,8
v1.1,12,3,3.256641205,8
v1.1,13,1,1.498609868,8
v1.1,13,2,3.610421353,8
v1.1,13,3,8.299076319,8
v1.1,14,1,5.882797555,8
v1.1,14,2,5.486829293,8
v1.1,14,3,19.237483622,8
v1.1,15,1,2.564697,8
v1.1,15,2,6.081262287,8
v1.1,15,3,19.177401823,8
v1.1,16,1,4.83911633,8
v1.1,16,2,1.083734906,8
v1.1,16,3,20.810000642,8
v1.1,17,1,0.996480652,8
v1.1,17,2,43.937721271,8
v1.1,17,3,39.814990175,8
v1.1,18,1,6.656481626,8
v1.1,18,2,20.826283223,8
v1.1,18,3,42.960144041,8
v1.1,19,1,33.507337294,8
v1.1,19,2,13.426249152,8
v1.1,19,3,21.713748525,8
v1.1,20,1,2.569937941,8
v1.1,20,2,29.546446181,8
v1.1,20,3,29.321702514,8
v1.1,21,1,14.434165973,8
v1.1,21,2,29.439596011,8
v1.1,21,3,47.446499204,8
v1.1,22,1,94.281195463,8
v1.1,22,2,43.996910489,8
v1.1,22,3,49.770745236,8
v1.1,23,1,92.387460149,8
v1.1,23,2,76.593536563,8
v1.1,23,3,128.967756669,8
v1.1,24,1,53.775123123,8
v1.1,24,2,63.858655526,8
v1.1,24,3,137.672699462,8
v1.1,25,1,202.509774697,8
v1.1,25,2,178.272694071,8
v1.1,25,3,147.393927495,8
v1.1,4,1,0.001928682,8
v1.1,5,1,0.001935158,8
v1.1,6,1,0.050804107,8
v1.1,6,2,0.011107383,8
v1.1,7,1,0.027167995,8
v1.1,7,2,0.144620262,8
v1.1,8,1,0.223530098,8
v1.1,8,2,0.02582514,8
v1.1,9,1,0.348068811,8
v1.1,9,2,0.278381778,8
v1.1,9,3,0.350792465,8
v1.1,10,1,0.051549669,8
v1.1,10,2,0.552247102,8
v1.1,10,3,1.5272998,8
v1.1,11,1,0.246538986,8
v1.1,11,2,1.934929976,8
v1.1,11,3,2.29111984,8
v1.1,12,1,1.012863489,8
v1.1,12,2,3.09560292,8
v1.1,12,3,1.167747049,8
v1.1,13,1,2.186368783,8
v1.1,13,2,4.435155292,8
v1.1,13,3,4.616236087,8
v1.1,14,1,6.201257497,8
v1.1,14,2,8.503267383,8
v1.1,14,3,1.873393312,8
v1.1,15,1,5.330735735,8
v1.1,15,2,9.298851206,8
v1.1,15,3,13.51475986,8
v1.1,16,1,8.88866353,8
v1.1,16,2,7.510261532,8
v1.1,16,3,10.719426683,8
v1.1,17,1,8.764012444,8
v1.1,17,2,19.054946928,8
v1.1,17,3,11.080820842,8
v1.1,18,1,36.18032388,8
v1.1,18,2,2.44420731,8
v1.1,18,3,32.328520355,8
v1.1,19,1,13.294990929,8
v1.1,19,2,66.102838047,8
v1.1,19,3,32.048365935,8
v1.1,20,1,53.360324654,8
v1.1,20,2,58.065414723,8
v1.1,20,3,39.070118806,8
v1.1,21,1,68.246535047,8
v1.1,21,2,47.017797838,8
v1.1,21,3,18.022614794,8
v1.1,22,1,51.795969266,8
v1.1,22,2,20.16361012,8
v1.1,22,3,104.655703827,8
v1.1,23,1,5.949358623,8
v1.1,23,2,66.344769788,8
v1.1,23,3,185.784939821,8
v1.1,24,1,27.490380626,8
v1.1,24,2,103.952160206,8
v1.1,24,3,229.799155236,8
v1.1,25,1,114.84306108,8
v1.1,25,2,28.519125109,8
v1.1,25,3,44.863541043,8
v1.1,4,1,0.001920177,8
v1.1,5,1,0.005285753,8
v1.1,6,1,0.012078579,8
v1.1,6,2,0.024141476,8
v1.1,7,1,0.052968983,8
v1.1,7,2,0.185705064,8
v1.1,8,1,0.101417848,8
v1.1,8,2,0.052571555,8
v1.1,9,1,0.319815109,8
v1.1,9,2,0.167419623,8
v1.1,10,1,0.44324194,8
v1.1,10,2,1.742958042,8
v1.1,10,3,1.104448895,8
v1.1,11,1,0.78834695,8
v1.1,11,2,0.358709372,8
v1.1,11,3,0.887235461,8
v1.1,12,1,0.767389988,8
v1.1,12,2,3.167973954,8
v1.1,12,3,0.724809819,8
v1.1,13,1,1.492291169,8
v1.1,13,2,2.007346936,8
v1.1,13,3,5.038396738,8
v1.1,14,1,3.597676729,8
v1.1,14,2,5.965226789,8
v1.1,14,3,4.391631446,8
v1.1,15,1,4.941883933,8
v1.1,15,2,5.313241412,8
v1.1,15,3,7.206434681,8
v1.1,16,1,6.013952998,8
v1.1,16,2,7.449642999,8
v1.1,16,3,35.778269393,8
v1.1,17,1,27.81609029,8
v1.1,17,2,5.969091766,8
v1.1,17,3,55.882532923,8
v1.1,18,1,35.573459908,8
v1.1,18,2,37.423323036,8
v1.1,18,3,26.321395743,8
v1.1,19,1,17.730453713,8
v1.1,19,2,25.268956923,8
v1.1,19,3,38.841146512,8
v1.1,20,1,9.986302221,8
v1.1,20,2,35.343954572,8
v1.1,20,3,101.085325463,8
v1.1,21,1,25.36727655,8
v1.1,21,2,54.160348965,8
v1.1,21,3,20.075548693,8
v1.1,22,1,44.634967127,8
v1.1,22,2,91.601864863,8
v1.1,22,3,94.158760078,8
v1.1,23,1,27.98048105,8
v1.1,23,2,102.04656848,8
v1.1,23,3,55.152645411,8
v1.1,24,1,35.52821735,8
v1.1,24,2,88.14226159,8
v1.1,24,3,13.323593944,8
v1.1,25,1,7.288043975,8
v1.1,25,2,263.016073375,8
v1.1,25,3,106.756190694,8
v1.1,4,1,0.003124646,8
v1.1,5,1,0.00320444,8
v1.1,6,1,0.002975939,8
v1.1,7,1,0.039924662,8
v1.1,7,2,0.139260651,8
v1.1,8,1,0.044422001,8
v1.1,8,2,0.174351323,8
v1.1,9,1,0.210497309,8
v1.1,9,2,0.197162999,8
v1.1,9,3,0.715134857,8
v1.1,10,1,0.657488766,8
v1.1,10,2,1.136147454,8
v1.1,10,3,0.969163612,8
v1.1,11,1,1.255726171,8
v1.1,11,2,0.529997518,8
v1.1,11,3,3.345837406,8
v1.1,12,1,2.431588488,8
v1.1,12,2,2.717185108,8
v1.1,12,3,1.261374697,8
v1.1,13,1,3.871703625,8
v1.1,13,2,2.007262969,8
v1.1,13,3,2.815040381,8
v1.1,14,1,3.921402793,8
v1.1,14,2,6.194790239,8
v1.1,14,3,7.718384762,8
v1.1,15,1,5.931400491,8
v1.1,15,2,12.909597692,8
v1.1,15,3,2.923042962,8
v1.1,16,1,4.294307116,8
v1.1,16,2,12.224670434,8
v1.1,16,3,13.692030939,8
v1.1,17,1,21.017359132,8
v1.1,17,2,17.156227141,8
v1.1,17,3,49.083762435,8
v1.1,18,1,1.541486414,8
v1.1,18,2,5.389296711,8
v1.1,18,3,57.89355074,8
v1.1,19,1,12.091309806,8
v1.1,19,2,41.228486315,8
v1.1,19,3,4.086069604,8
v1.1,20,1,54.102013049,8
v1.1,20,2,84.046449183,8
v1.1,20,3,20.658440148,8
v1.1,21,1,58.789655075,8
v1.1,21,2,54.539853606,8
v1.1,21,3,35.306332098,8
v1.1,22,1,126.09250004,8
v1.1,22,2,116.901032065,8
v1.1,22,3,5.359278836,8
v1.1,23,1,5.005879336,8
v1.1,23,2,68.138298347,8
v1.1,23,3,187.329583523,8
v1.1,24,1,135.523825892,8
v1.1,24,2,77.637733861,8
v1.1,24,3,99.769497264,8
v1.1,25,1,143.051984097,8
v1.1,25,2,32.632630953,8
v1.1,25,3,12.732764796,8
v1.1,4,1,0.00185111,8
v1.1,5,1,0.00350693,8
v1.1,6,1,0.009852717,8
v1.1,6,2,0.013059935,8
v1.1,7,1,0.07119063,8
v1.1,7,2,0.024103043,8
v1.1,8,1,0.077132488,8
v1.1,8,2,0.343961116,8
v1.1,9,1,0.133104723,8
v1.1,9,2,0.204147108,8
v1.1,9,3,0.433026669,8
v1.1,10,1,0.77059242,8
v1.1,10,2,1.448264579,8
v1.1,10,3,1.936074433,8
v1.1,11,1,0.46671714,8
v1.1,11,2,2.663003901,8
v1.1,11,3,2.131924751,8
v1.1,12,1,1.758661837,8
v1.1,12,2,4.075889762,8
v1.1,12,3,4.893119395,8
v1.1,13,1,0.30510648,8
v1.1,13,2,3.566945955,8
v1.1,13,3,4.800464576,8
v1.1,14,1,6.320295481,8
v1.1,14,2,4.180976141,8
v1.1,14,3,16.955567513,8
v1.1,15,1,4.63232394,8
v1.1,15,2,9.508695811,8
v1.1,15,3,11.508926176,8
v1.1,16,1,17.645752673,8
v1.1,16,2,15.64750826,8
v1.1,16,3,19.994569775,8
v1.1,17,1,9.990885755,8
v1.1,17,2,18.029009695,8
v1.1,17,3,4.812725005,8
v1.1,18,1,29.434758566,8
v1.1,18,2,32.970298244,8
v1.1,18,3,33.587319207,8
v1.1,19,1,24.538658016,8
v1.1,19,2,8.678008297,8
v1.1,19,3,48.969605775,8
v1.1,20,1,16.922033695,8
v1.1,20,2,56.533663409,8
v1.1,20,3,59.30075531,8
v1.1,21,1,111.441751084,8
v1.1,21,2,81.3627863,8
v1.1,21,3,30.143439831,8
v1.1,22,1,69.540426837,8
v1.1,22,2,4.35425043,8
v1.1,22,3,148.017162856,8
v1.1,23,1,106.284841426,8
v1.1,23,2,144.456637205,8
v1.1,23,3,63.057570042,8
v1.1,24,1,125.369034015,8
v1.1,24,2,112.417441233,8
v1.1,24,3,62.765894237,8
v1.1,25,1,56.257072108,8
v1.1,25,2,261.986735877,8
v1.1,25,3,109.881043261,8
v1.1,4,1,0.004925993,8
v1.1,5,1,0.005753566,8
v1.1,6,1,0.008640968,8
v1.1,6,2,0.015188917,8
v1.1,7,1,0.045372444,8
v1.1,7,2,0.027593211,8
v1.1,8,1,0.150322238,8
v1.1,8,2,0.189543188,8
v1.1,9,1,0.349210975,8
v1.1,9,2,0.315522366,8
v1.1,9,3,0.934065366,8
v1.1,10,1,0.493895761,8
v1.1,10,2,1.662189583,8
v1.1,10,3,1.340711059,8
v1.1,11,1,2.05221122,8
v1.1,11,2,1.61804979,8
v1.1,11,3,1.751139192,8
v1.1,12,1,1.944908629,8
v1.1,12,2,3.176899948,8
v1.1,12,3,2.322027219,8
v1.1,13,1,2.400863014,8
v1.1,13,2,4.306550254,8
v1.1,13,3,4.853564751,8
v1.1,14,1,3.725243739,8
v1.1,14,2,4.297833115,8
v1.1,14,3,7.588732631,8
v1.1,15,1,2.591525707,8
v1.1,15,2,20.476367978,8
v1.1,15,3,16.338440019,8
v1.1,16,1,11.07508641,8
v1.1,16,2,4.611297617,8
v1.1,16,3,19.18833294,8
v1.1,17,1,12.842393155,8
v1.1,17,2,4.777838169,8
v1.1,17,3,10.417982056,8
v1.1,18,1,4.072935361,8
v1.1,18,2,25.757122454,8
v1.1,18,3,67.86911196,8
v1.1,19,1,8.837554947,8
v1.1,19,2,73.13133374,8
v1.1,19,3,43.626339626,8
v1.1,20,1,10.941664563,8
v1.1,20,2,69.25849177,8
v1.1,20,3,19.929047561,8
v1.1,21,1,26.687347816,8
v1.1,21,2,17.718567635,8
v1.1,21,3,53.314702312,8
v1.1,22,1,39.422648457,8
v1.1,22,2,5.535987817,8
v1.1,22,3,129.388926584,8
v1.1,23,1,33.997825781,8
v1.1,23,2,163.80441025,8
v1.1,23,3,49.349498911,8
v1.1,24,1,142.22345436,8
v1.1,24,2,180.889891516,8
v1.1,24,3,186.866902233,8
v1.1,25,1,250.390941975,8
v1.1,25,2,190.533267307,8
v1.1,25,3,95.37581145,8
v1.1,4,1,0.00207889,8
v1.1,5,1,0.004395957,8
v1.1,6,1,0.015047078,8
v1.1,6,2,0.032869817,8
v1.1,7,1,0.020001814,8
v1.1,7,2,0.085196734,8
v1.1,8,1,0.047051555,8
v1.1,8,2,0.101537911,8
v1.1,9,1,0.280113755,8
v1.1,9,2,0.263482398,8
v1.1,9,3,0.646582781,8
v1.1,10,1,0.710042242,8
v1.1,10,2,0.659994464,8
v1.1,10,3,0.144073005,8
v1.1,11,1,1.126306033,8
v1.1,11,2,0.573892293,8
v1.1,11,3,1.045692315,8
v1.1,12,1,1.499625131,8
v1.1,12,2,3.657027762,8
v1.1,12,3,5.655062557,8
v1.1,13,1,2.920614956,8
v1.1,13,2,3.77084935,8
v1.1,13,3,4.621203338,8
v1.1,14,1,3.854866326,8
v1.1,14,2,2.674024654,8
v1.1,14,3,7.71542622,8
v1.1,15,1,23.572357571,8
v1.1,15,2,31.449081078,8
v1.1,15,3,10.864886196,8
v1.1,16,1,27.72325022,8
v1.1,16,2,29.606283419,8
v1.1,16,3,8.889526724,8
v1.1,17,1,10.42459731,8
v1.1,17,2,10.987195677,8
v1.1,17,3,10.856272438,8
v1.1,18,1,36.607863449,8
v1.1,18,2,6.35490866,8
v1.1,18,3,34.383595674,8
v1.1,19,1,36.745701242,8
v1.1,19,2,16.698217595,8
v1.1,19,3,64.133162574,8
v1.1,20,1,101.268193331,8
v1.1,20,2,26.265760786,8
v1.1,20,3,35.63413051,8
v1.1,21,1,61.465070578,8
v1.1,21,2,128.116189161,8
v1.1,21,3,25.912181502,8
v1.1,22,1,117.963342337,8
v1.1,22,2,179.868783825,8
v1.1,22,3,34.450616454,8
v1.1,23,1,33.322208145,8
v1.1,23,2,35.629119386,8
v1.1,23,3,5.097659759,8
v1.1,24,1,141.268080941,8
v1.1,24,2,110.523147335,8
v1.1,24,3,74.194751853,8
v1.1,25,1,116.841718441,8
v1.1,25,2,175.527101303,8
v1.1,25,3,309.185487132,8
v1.1,4,1,0.00305275,8
v1.1,5,1,0.005796602,8
v1.1,6,1,0.013948437,8
v1.1,6,2,0.035886002,8
v1.1,7,1,0.079624876,8
v1.1,7,2,0.058359223,8
v1.1,8,1,0.125656522,8
v1.1,8,2,0.061557127,8
v1.1,9,1,0.199300285,8
v1.1,9,2,0.433782212,8
v1.1,9,3,0.310535368,8
v1.1,10,1,0.240150237,8
v1.1,10,2,0.607257139,8
v1.1,10,3,0.81448577,8
v1.1,11,1,0.150474985,8
v1.1,11,2,1.220647923,8
v1.1,11,3,1.361820518,8
v1.1,12,1,1.323008996,8
v1.1,12,2,0.653730335,8
v1.1,12,3,1.505722038,8
v1.1,13,1,3.117209815,8
v1.1,13,2,2.952931362,8
v1.1,13,3,5.096287159,8
v1.1,14,1,3.00296703,8
v1.1,14,2,1.604538677,8
v1.1,14,3,11.130231391,8
v1.1,15,1,5.887194506,8
v1.1,15,2,25.470334562,8
v1.1,15,3,5.544525125,8
v1.1,16,1,0.567291176,8
v1.1,16,2,4.616693601,8
v1.1,16,3,12.105110816,8
v1.1,17,1,4.172084261,8
v1.1,17,2,35.590788089,8
v1.1,17,3,31.932292285,8
v1.1,18,1,24.322244012,8
v1.1,18,2,31.185408352,8
v1.1,18,3,13.864271786,8
v1.1,19,1,30.330745712,8
v1.1,19,2,53.056666673,8
v1.1,19,3,45.931181276,8
v1.1,20,1,36.870318912,8
v1.1,20,2,61.188717385,8
v1.1,20,3,64.483572975,8
v1.1,21,1,18.181910845,8
v1.1,21,2,72.529599699,8
v1.1,21,3,47.780867683,8
v1.1,22,1,49.235203864,8
v1.1,22,2,84.644826998,8
v1.1,22,3,137.420485965,8
v1.1,23,1,136.044842167,8
v1.1,23,2,182.50992429,8
v1.1,23,3,83.774999772,8
v1.1,24,1,215.70197612,8
v1.1,24,2,125.242770527,8
v1.1,24,3,61.174346338,8
v1.1,25,1,212.477847487,8
v1.1,25,2,11.362831319,8
v1.1,25,3,10.585664511,8
v1.1,4,1,0.002325289,8
v1.1,5,1,0.003909478,8
v1.1,6,1,0.045650674,8
v1.1,6,2,0.020371053,8
v1.1,7,1,0.098548833,8
v1.1,7,2,0.091998898,8
v1.1,8,1,0.052219798,8
v1.1,8,2,0.064757084,8
v1.1,9,1,0.113491352,8
v1.1,9,2,0.297198349,8
v1.1,9,3,0.345231005,8
v1.1,10,1,0.523909702,8
v1.1,10,2,0.397644704,8
v1.1,10,3,0.972870565,8
v1.1,11,1,0.527539001,8
v1.1,11,2,2.806892747,8
v1.1,11,3,1.145354359,8
v1.1,12,1,0.178872874,8
v1.1,12,2,2.521380591,8
v1.1,12,3,1.777033116,8
v1.1,13,1,3.153462394,8
v1.1,13,2,2.225187064,8
v1.1,13,3,8.843906893,8
v1.1,14,1,1.40210055,8
v1.1,14,2,3.719128837,8
v1.1,14,3,12.930382424,8
v1.1,15,1,6.955995036,8
v1.1,15,2,11.849039502,8
v1.1,15,3,10.001104201,8
v1.1,16,1,24.936475232,8
v1.1,16,2,10.126162769,8
v1.1,16,3,9.275086097,8
v1.1,17,1,22.099890982,8
v1.1,17,2,12.204914993,8
v1.1,17,3,27.826663418,8
v1.1,18,1,15.704951677,8
v1.1,18,2,37.644851248,8
v1.1,18,3,21.97943391,8
v1.1,19,1,11.210124088,8
v1.1,19,2,13.029996535,8
v1.1,19,3,19.107992582,8
v1.1,20,1,58.60419094,8
v1.1,20,2,16.280358595,8
v1.1,20,3,90.659695474,8
v1.1,21,1,46.621455538,8
v1.1,21,2,103.178196187,8
v1.1,21,3,50.693268577,8
v1.1,22,1,80.003830924,8
v1.1,22,2,88.259248878,8
v1.1,22,3,99.908585003,8
v1.1,23,1,46.820726702,8
v1.1,23,2,9.974996807,8
v1.1,23,3,111.443779848,8
v1.1,24,1,28.125369502,8
v1.1,24,2,141.970630896,8
v1.1,24,3,238.517637183,8
v1.1,25,1,46.891976346,8
v1.1,25,2,157.477579744,8
v1.1,25,3,176.282005113,8
v1.1,4,1,0.002160137,8
v1.1,5,1,0.00728182,8
v1.1,6,1,0.015201334,8
v1.1,6,2,0.014805569,8
v1.1,7,1,0.028778849,8
v1.1,7,2,0.056666235,8
v1.1,8,1,0.024850333,8
v1.1,8,2,0.12249513,8
v1.1,9,1,0.115864405,8
v1.1,9,2,0.317436758,8
v1.1,9,3,0.427147943,8
v1.1,10,1,0.911555173,8
v1.1,10,2,0.509642352,8
v1.1,10,3,1.052478305,8
v1.1,11,1,1.761776518,8
v1.1,11,2,1.239353606,8
v1.1,11,3,0.191207228,8
v1.1,12,1,3.456767538,8
v1.1,12,2,1.53178255,8
v1.1,12,3,2.32642963,8
v1.1,13,1,1.220870716,8
v1.1,13,2,6.624381447,8
v1.1,13,3,2.491160396,8
v1.1,14,1,8.155281275,8
v1.1,14,2,4.990530776,8
v1.1,14,3,0.57539997,8
v1.1,15,1,6.933230933,8
v1.1,15,2,4.247911389,8
v1.1,15,3,1.309090058,8
v1.1,16,1,2.588505975,8
v1.1,16,2,14.509497191,8
v1.1,16,3,7.016970327,8
v1.1,17,1,19.217225872,8
v1.1,17,2,32.48014427,8
v1.1,18,1,27.652601961,8
v1.1,18,2,22.959588022,8
v1.1,18,3,47.241511083,8
v1.1,19,1,29.750721578,8
v1.1,19,2,21.028580775,8
v1.1,19,3,49.481877712,8
v1.1,20,1,26.287622472,8
v1.1,20,2,87.805855503,8
v1.1,20,3,5.622545342,8
v1.1,21,1,46.395903997,8
v1.1,21,2,30.563557313,8
v1.1,21,3,6.571414091,8
v1.1,22,1,46.916575983,8
v1.1,22,2,110.797737181,8
v1.1,22,3,132.239483921,8
v1.1,23,1,7.629023861,8
v1.1,23,2,105.307938453,8
v1.1,23,3,174.111740613,8
v1.1,24,1,37.884391748,8
v1.1,24,2,185.977114685,8
v1.1,24,3,243.865349525,8
v1.1,25,1,220.597641778,8
v1.1,25,2,215.797366643,8
v1.1,25,3,248.267382845,8
v1.1,4,1,0.002223769,8
v1.1,5,1,0.004081398,8
v1.1,6,1,0.017911982,8
v1.1,6,2,0.017073463,8
v1.1,7,1,0.032966917,8
v1.1,7,2,0.043865729,8
v1.1,8,1,0.016425364,8
v1.1,8,2,0.073707391,8
v1.1,9,1,0.172366335,8
v1.1,9,2,0.84436011,8
v1.1,9,3,0.609949204,8
v1.1,10,1,0.285000593,8
v1.1,10,2,1.013890391,8
v1.1,10,3,0.748787035,8
v1.1,11,1,0.73329083,8
v1.1,11,2,2.066807257,8
v1.1,11,3,1.315009555,8
v1.1,12,1,1.630529085,8
v1.1,12,2,2.38645111,8
v1.1,12,3,5.054997784,8
v1.1,13,1,1.933303136,8
v1.1,13,2,3.832553326,8
v1.1,13,3,6.434293823,8
v1.1,14,1,0.99074897,8
v1.1,14,2,4.370526513,8
v1.1,14,3,4.58448486,8
v1.1,15,1,10.909035127,8
v1.1,15,2,6.481757645,8
v1.1,15,3,5.826742387,8
v1.1,16,1,13.690230954,8
v1.1,16,2,12.004894126,8
v1.1,16,3,12.946432709,8
v1.1,17,1,18.84475664,8
v1.1,17,2,12.858173896,8
v1.1,17,3,20.164246121,8
v1.1,18,1,7.440578595,8
v1.1,18,2,9.197150804,8
v1.1,18,3,19.720999268,8
v1.1,19,1,10.981050959,8
v1.1,19,2,36.208505673,8
v1.1,19,3,49.244527108,8
v1.1,20,1,54.829175205,8
v1.1,20,2,63.16041901,8
v1.1,20,3,57.333861474,8
v1.1,21,1,59.086170032,8
v1.1,21,2,48.612956542,8
v1.1,21,3,89.438744933,8
v1.1,22,1,58.720432749,8
v1.1,22,2,91.93172265,8
v1.1,22,3,66.874834745,8
v1.1,23,1,127.068052109,8
v1.1,23,2,63.166373649,8
v1.1,23,3,40.792464172,8
v1.1,24,1,68.129577903,8
v1.1,24,2,201.132108691,8
v1.1,24,3,132.840886451,8
v1.1,25,1,240.600823137,8
v1.1,25,2,111.040917853,8
v1.1,25,3,244.121592185,8
v1.1,4,1,0.003042504,8
v1.1,5,1,0.008449804,8
v1.1,6,1,0.006502915,8
v1.1,6,2,0.025049333,8
v1.1,7,1,0.087001246,8
v1.1,7,2,0.040103949,8
v1.1,8,1,0.147307356,8
v1.1,8,2,0.146388219,8
v1.1,9,1,0.471861287,8
v1.1,9,2,0.339316639,8
v1.1,9,3,0.089237197,8
v1.1,10,1,0.407365765,8
v1.1,10,2,0.331736178,8
v1.1,10,3,0.873625285,8
v1.1,11,1,1.301866615,8
v1.1,11,2,1.006203629,8
v1.1,11,3,1.179847647,8
v1.1,12,1,2.347325989,8
v1.1,12,2,0.885102736,8
v1.1,12,3,1.214439923,8
v1.1,13,1,5.449675734,8
v1.1,13,2,3.256347596,8
v1.1,13,3,3.132725565,8
v1.1,14,1,4.699782293,8
v1.1,14,2,8.761351195,8
v1.1,14,3,8.932825094,8
v1.1,15,1,10.883244759,8
v1.1,15,2,6.472620055,8
v1.1,15,3,1.243846404,8
v1.1,16,1,16.11721635,8
v1.1,16,2,7.010712313,8
v1.1,16,3,9.634072189,8
v1.1,17,1,23.860255007,8
v1.1,17,2,7.45197297,8
v1.1,17,3,8.755087376,8
v1.1,18,1,1.801967337,8
v1.1,18,2,21.311810132,8
v1.1,18,3,12.509783792,8
v1.1,19,1,17.420814217,8
v1.1,19,2,28.344112915,8
v1.1,19,3,23.715147177,8
v1.1,20,1,26.502604692,8
v1.1,20,2,64.387319632,8
v1.1,20,3,55.999436487,8
v1.1,21,1,44.741632377,8
v1.1,21,2,45.930299071,8
v1.1,21,3,15.084651645,8
v1.1,22,1,30.690014797,8
v1.1,22,2,58.305202842,8
v1.1,22,3,95.156910184,8
v1.1,23,1,124.258204752,8
v1.1,23,2,39.738982923,8
v1.1,23,3,87.662290477,8
v1.1,24,1,139.35799046,8
v1.1,24,2,81.862423911,8
v1.1,24,3,95.246473675,8
v1.1,25,1,17.680956366,8
v1.1,25,2,250.523356522,8
v1.1,25,3,55.411906265,8
v1.1,4,1,0.002359797,8
v1.1,5,1,0.005139469,8
v1.1,6,1,0.039083651,8
v1.1,6,2,0.011109571,8
v1.1,7,1,0.023637987,8
v1.1,7,2,0.06374847,8
v1.1,8,1,0.136707286,8
v1.1,8,2,0.235747417,8
v1.1,9,1,0.36821217,8
v1.1,9,2,0.227557195,8
v1.1,9,3,0.737211095,8
v1.1,10,1,0.652281981,8
v1.1,10,2,0.765113693,8
v1.1,10,3,0.148978192,8
v1.1,11,1,1.030286982,8
v1.1,11,2,1.588508079,8
v1.1,11,3,2.865358265,8
v1.1,12,1,2.580762445,8
v1.1,12,2,1.353997928,8
v1.1,12,3,0.21644917,8
v1.1,13,1,1.49368996,8
v1.1,13,2,1.857998339,8
v1.1,13,3,4.356626487,8
v1.1,14,1,1.46239849,8
v1.1,14,2,7.643102272,8
v1.1,14,3,7.348714459,8
v1.1,15,1,5.294541485,8
v1.1,15,2,6.669354401,8
v1.1,15,3,26.255107347,8
v1.1,16,1,3.875104629,8
v1.1,16,2,10.298039659,8
v1.1,16,3,19.428242425,8
v1.1,17,1,7.435399706,8
v1.1,17,2,11.86669005,8
v1.1,17,3,36.442778745,8
v1.1,18,1,12.311274818,8
v1.1,18,2,46.690738196,8
v1.1,18,3,19.662992033,8
v1.1,19,1,24.377488538,8
v1.1,19,2,23.068763914,8
v1.1,19,3,64.840422612,8
v1.1,20,1,15.900638405,8
v1.1,20,2,14.850840383,8
v1.1,20,3,22.661620399,8
v1.1,21,1,69.953004178,8
v1.1,21,2,98.168240299,8
v1.1,21,3,158.725986764,8
v1.1,22,1,3.872788741,8
v1.1,22,2,5.746815493,8
v1.1,22,3,70.059529863,8
v1.1,23,1,31.606972414,8
v1.1,23,2,44.877835514,8
v1.1,23,3,152.649133997,8
v1.1,24,1,96.53150686,8
v1.1,24,2,230.271792203,8
v1.1,24,3,215.341517205,8
v1.1,25,1,100.028796044,8
v1.1,25,2,147.49895598,8
v1.1,25,3,295.048482668,8
v1.1,4,1,0.001742372,8
v1.1,5,1,0.012720269,8
v1.1,6,1,0.003026302,8
v1.1,6,2,0.003795987,8
v1.1,7,1,0.097984856,8
v1.1,7,2,0.045365283,8
v1.1,8,1,0.014162974,8
v1.1,8,2,0.188050841,8
v1.1,9,1,0.071772667,8
v1.1,9,2,0.161527598,8
v1.1,10,1,0.552263258,8
v1.1,10,2,0.959218589,8
v1.1,10,3,1.506335242,8
v1.1,11,1,0.597710629,8
v1.1,11,2,0.632004316,8
v1.1,11,3,1.905089085,8
v1.1,12,1,1.090830612,8
v1.1,12,2,1.760717683,8
v1.1,12,3,4.698873173,8
v1.1,13,1,2.039316673,8
v1.1,13,2,5.756876858,8
v1.1,13,3,5.764934546,8
v1.1,14,1,3.929514881,8
v1.1,14,2,4.651078602,8
v1.1,14,3,0.735224146,8
v1.1,15,1,5.754893578,8
v1.1,15,2,10.960708897,8
v1.1,15,3,9.448488687,8
v1.1,16,1,6.633423283,8
v1.1,16,2,11.432567306,8
v1.1,16,3,1.256238964,8
v1.1,17,1,6.964135192,8
v1.1,17,2,32.730884837,8
v1.1,17,3,31.305017035,8
v1.1,18,1,43.507644281,8
v1.1,18,2,12.823750533,8
v1.1,18,3,24.994127471,8
v1.1,19,1,18.881722164,8
v1.1,19,2,73.630006501,8
v1.1,19,3,67.10379379,8
v1.1,20,1,22.134652175,8
v1.1,20,2,60.283831329,8
v1.1,20,3,75.701250375,8
v1.1,21,1,31.840299039,8
v1.1,21,2,29.001147128,8
v1.1,21,3,4.287440846,8
v1.1,22,1,28.614505291,8
v1.1,22,2,110.21517908,8
v1.1,22,3,69.442239295,8
v1.1,23,1,57.617228595,8
v1.1,23,2,184.789942116,8
v1.1,23,3,8.713530431,8
v1.1,24,1,106.416610853,8
v1.1,24,2,70.657873937,8
v1.1,24,3,95.215933347,8
v1.1,25,1,38.788182725,8
v1.1,25,2,119.377790715,8
v1.1,25,3,295.036343153,8
v1.1,4,1,0.003290154,8
v1.1,5,1,0.003477701,8
v1.1,6,1,0.019253837,8
v1.1,6,2,0.018429122,8
v1.1,7,1,0.047172393,8
v1.1,7,2,0.069616485,8
v1.1,8,1,0.015629066,8
v1.1,8,2,0.160572123,8
v1.1,9,1,0.170867725,8
v1.1,9,2,0.389221388,8
v1.1,9,3,0.705296529,8
v1.1,10,1,0.536267574,8
v1.1,10,2,0.899490078,8
v1.1,10,3,0.368191233,8
v1.1,11,1,0.207246077,8
v1.1,11,2,1.551421823,8
v1.1,11,3,1.660353229,8
v1.1,12,1,1.146180311,8
v1.1,12,2,2.933105063,8
v1.1,12,3,2.195250498,8
v1.1,13,1,7.027555395,8
v1.1,13,2,10.699389088,8
v1.1,13,3,9.880864858,8
v1.1,14,1,2.802204917,8
v1.1,14,2,6.154108008,8
v1.1,14,3,5.940033256,8
v1.1,15,1,5.121979606,8
v1.1,15,2,6.64655607,8
v1.1,15,3,13.823376343,8
v1.1,16,1,5.503549797,8
v1.1,16,2,21.477813099,8
v1.1,16,3,27.169540902,8
v1.1,17,1,13.070629086,8
v1.1,17,2,15.267896156,8
v1.1,17,3,13.298754235,8
v1.1,18,1,19.494881754,8
v1.1,18,2,27.826403781,8
v1.1,18,3,23.573453782,8
v1.1,19,1,27.354870943,8
v1.1,19,2,61.106099761,8
v1.1,19,3,11.216600664,8
v1.1,20,1,11.641998479,8
v1.1,20,2,26.851098451,8
v1.1,20,3,27.838565073,8
v1.1,21,1,36.87189441,8
v1.1,21,2,60.992915159,8
v1.1,21,3,94.767833325,8
v1.1,22,1,3.915056348,8
v1.1,22,2,69.000464257,8
v1.1,22,3,71.869385533,8
v1.1,23,1,133.071444928,8
v1.1,23,2,91.755205614,8
v1.1,23,3,37.355334016,8
v1.1,24,1,21.691006498,8
v1.1,24,2,65.342793253,8
v1.1,24,3,36.545047442,8
v1.1,25,1,151.703437645,8
v1.1,25,2,311.609742974,8
v1.1,25,3,40.957782677,8
v1.1,4,1,0.001625465,8
v1.1,5,1,0.006609217,8
v1.1,6,1,0.020438297,8
v1.1,6,2,0.014806524,8
v1.1,7,1,0.018936844,8
v1.1,7,2,0.043535432,8
v1.1,8,1,0.083588243,8
v1.1,8,2,0.283433876,8
v1.1,9,1,0.104150245,8
v1.1,9,2,0.345749849,8
v1.1,9,3,0.163652052,8
v1.1,10,1,0.68827123,8
v1.1,10,2,0.275394262,8
v1.1,10,3,1.753698948,8
v1.1,11,1,0.477292076,8
v1.1,11,2,0.807501112,8
v1.1,11,3,1.749533536,8
v1.1,12,1,1.728003548,8
v1.1,12,2,7.025708507,8
v1.1,12,3,0.797149892,8
v1.1,13,1,0.357331949,8
v1.1,13,2,2.278184796,8
v1.1,13,3,3.481919427,8
v1.1,14,1,0.422860659,8
v1.1,14,2,5.256975336,8
v1.1,14,3,5.285981066,8
v1.1,15,1,2.387044149,8
v1.1,15,2,20.485570275,8
v1.1,15,3,2.953864312,8
v1.1,16,1,11.516037714,8
v1.1,16,2,15.53575266,8
v1.1,16,3,11.266450168,8
v1.1,17,1,22.801903933,8
v1.1,17,2,6.878009464,8
v1.1,17,3,41.948718061,8
v1.1,18,1,4.342903847,8
v1.1,18,2,21.711323395,8
v1.1,18,3,39.663243298,8
v1.1,19,1,7.205242765,8
v1.1,19,2,36.982608914,8
v1.1,19,3,55.960738244,8
v1.1,20,1,36.439285259,8
v1.1,20,2,63.867282952,8
v1.1,20,3,24.300010837,8
v1.1,21,1,32.889823881,8
v1.1,21,2,33.698859391,8
v1.1,21,3,34.740844752,8
v1.1,22,1,65.517262709,8
v1.1,22,2,68.99141916,8
v1.1,22,3,59.900119622,8
v1.1,23,1,55.615916125,8
v1.1,23,2,189.594851465,8
v1.1,23,3,206.21063718,8
v1.1,24,1,278.691310397,8
v1.1,24,2,232.023962271,8
v1.1,24,3,144.411401162,8
v1.1,25,1,103.872669368,8
v1.1,25,2,147.938804672,8
v1.1,25,3,130.27759188,8
v1.1,4,1,0.001934218,8
v1.1,5,1,0.006966722,8
v1.1,6,1,0.008014747,8
v1.1,6,2,0.047847947,8
v1.1,7,1,0.046424367,8
v1.1,7,2,0.080082027,8
v1.1,8,1,0.131058305,8
v1.1,8,2,0.0989395,8
v1.1,9,1,0.151021329,8
v1.1,9,2,0.367575495,8
v1.1,9,3,0.255312402,8
v1.1,10,1,1.129856351,8
v1.1,10,2,0.606560145,8
v1.1,10,3,0.943148641,8
v1.1,11,1,0.784880039,8
v1.1,11,2,1.2505021,8
v1.1,11,3,0.850677512,8
v1.1,12,1,0.265625375,8
v1.1,12,2,6.382782994,8
v1.1,12,3,7.125676267,8
v1.1,13,1,8.139000564,8
v1.1,13,2,3.445274166,8
v1.1,13,3,5.053833528,8
v1.1,14,1,2.172827226,8
v1.1,14,2,12.554960005,8
v1.1,14,3,4.699938875,8
v1.1,15,1,7.102026774,8
v1.1,15,2,18.825339404,8
v1.1,15,3,7.751234321,8
v1.1,16,1,19.538543128,8
v1.1,16,2,3.504735051,8
v1.1,16,3,11.91922017,8
v1.1,17,1,6.777817553,8
v1.1,17,2,0.937174028,8
v1.1,17,3,7.910913991,8
v1.1,18,1,50.437648299,8
v1.1,18,2,16.170940385,8
v1.1,18,3,24.800213164,8
v1.1,19,1,30.46115788,8
v1.1,19,2,7.778397386,8
v1.1,19,3,66.247354201,8
v1.1,20,1,17.211751014,8
v1.1,20,2,11.405607072,8
v1.1,20,3,43.261953855,8
v1.1,21,1,13.757306478,8
v1.1,21,2,89.705436491,8
v1.1,21,3,43.643038928,8
v1.1,22,1,4.124858392,8
v1.1,22,2,23.493172059,8
v1.1,22,3,37.911542722,8
v1.1,23,1,101.096578908,8
v1.1,23,2,45.38731023,8
v1.1,23,3,42.913719452,8
v1.1,24,1,77.501023854,8
v1.1,24,2,129.287315964,8
v1.1,24,3,62.530902521,8
v1.1,25,1,133.547694501,8
v1.1,25,2,124.426274459,8
v1.1,25,3,46.70658259,8
v1.1,4,1,0.001926825,8
v1.1,5,1,0.004024205,8
v1.1,6,1,0.017433988,8
v1.1,6,2,0.006502148,8
v1.1,7,1,0.030208843,8
v1.1,7,2,0.15262471,8
v1.1,8,1,0.138639464,8
v1.1,8,2,0.10844614,8
v1.1,9,1,0.14141153,8
v1.1,9,2,0.336221735,8
v1.1,10,1,0.567953911,8
v1.1,10,2,0.467078808,8
v1.1,10,3,0.491246465,8
v1.1,11,1,0.371201385,8
v1.1,11,2,1.838390431,8
v1.1,11,3,4.258243168,8
v1.1,12,1,0.603221548,8
v1.1,12,2,3.44823873,8
v1.1,12,3,3.600708189,8
v1.1,13,1,0.280155158,8
v1.1,13,2,2.635519092,8
v1.1,13,3,2.305005117,8
v1.1,14,1,4.476525024,8
v1.1,14,2,8.027113762,8
v1.1,14,3,0.736528004,8
v1.1,15,1,8.010056577,8
v1.1,15,2,12.039142921,8
v1.1,15,3,13.914239259,8
v1.1,16,1,11.477069072,8
v1.1,16,2,10.8049703,8
v1.1,16,3,12.488809328,8
v1.1,17,1,11.155021496,8
v1.1,17,2,21.693142989,8
v1.1,17,3,33.817556377,8
v1.1,18,1,21.126863054,8
v1.1,18,2,2.386513113,8
v1.1,18,3,54.738638269,8
v1.1,19,1,14.718862978,8
v1.1,19,2,37.600571426,8
v1.1,19,3,56.945975238,8
v1.1,20,1,9.002179274,8
v1.1,20,2,12.4974091,8
v1.1,20,3,34.569028202,8
v1.1,21,1,14.261662361,8
v1.1,21,2,83.108597484,8
v1.1,21,3,39.923799541,8
v1.1,22,1,30.306240217,8
v1.1,22,2,92.155003832,8
v1.1,22,3,86.361607748,8
v1.1,23,1,25.993307737,8
v1.1,23,2,74.442663374,8
v1.1,23,3,93.197959521,8
v1.1,24,1,49.829056661,8
v1.1,24,2,30.951177444,8
v1.1,24,3,141.572815628,8
v1.1,25,1,214.34041375,8
v1.1,25,2,281.825841801,8
v1.1,25,3,98.315061057,8
v1.1,4,1,0.00337987,8
v1.1,5,1,0.005865959,8
v1.1,6,1,0.028288117,8
v1.1,6,2,0.016212189,8
v1.1,7,1,0.024249055,8
v1.1,7,2,0.06731793,8
v1.1,8,1,0.075393697,8
v1.1,8,2,0.139474723,8
v1.1,9,1,0.159188526,8
v1.1,9,2,0.271059502,8
v1.1,9,3,0.140403973,8
v1.1,10,1,0.465038518,8
v1.1,10,2,0.297038024,8
v1.1,10,3,0.716504301,8
v1.1,11,1,0.732329131,8
v1.1,11,2,1.039811287,8
v1.1,11,3,1.193080971,8
v1.1,12,1,1.946043399,8
v1.1,12,2,2.473882815,8
v1.1,12,3,3.282945573,8
v1.1,13,1,2.684231479,8
v1.1,13,2,2.598797195,8
v1.1,13,3,4.34797714,8
v1.1,14,1,6.038492676,8
v1.1,14,2,7.382363046,8
v1.1,14,3,4.972810848,8
v1.1,15,1,4.513533489,8
v1.1,15,2,15.233718103,8
v1.1,15,3,6.591792795,8
v1.1,16,1,6.8907102,8
v1.1,16,2,10.881440745,8
v1.1,16,3,23.056182379,8
v1.1,17,1,25.006589961,8
v1.1,17,2,2.057947198,8
v1.1,17,3,22.62804417,8
v1.1,18,1,58.107161631,8
v1.1,18,2,24.884449322,8
v1.1,18,3,6.28479426,8
v1.1,19,1,2.899658514,8
v1.1,19,2,17.498139378,8
v1.1,19,3,75.454740646,8
v1.1,20,1,46.309471808,8
v1.1,20,2,45.4562016,8
v1.1,20,3,39.14532526,8
v1.1,21,1,40.04303615,8
v1.1,21,2,73.642782887,8
v1.1,21,3,66.796783358,8
v1.1,22,1,155.046814097,8
v1.1,22,2,29.001427987,8
v1.1,22,3,25.944633753,8
v1.1,23,1,145.473631307,8
v1.1,23,2,41.479493038,8
v1.1,23,3,113.85079351,8
v1.1,24,1,38.333302807,8
v1.1,24,2,176.904819758,8
v1.1,24,3,106.315118988,8
v1.1,25,1,264.114545277,8
v1.1,25,2,217.622714355,8
v1.1,25,3,223.352614358,8
v1.1,4,1,0.002494742,8
v1.1,5,1,0.004374404,8
v1.1,6,1,0.007481075,8
v1.1,6,2,0.052889138,8
v1.1,7,1,0.027869229,8
v1.1,7,2,0.059525475,8
v1.1,8,1,0.059033211,8
v1.1,8,2,0.189785563,8
v1.1,9,1,0.209431545,8
v1.1,9,2,0.334077763,8
v1.1,9,3,0.171265012,8
v1.1,10,1,0.775760606,8
v1.1,10,2,0.734862722,8
v1.1,10,3,0.553808052,8
v1.1,11,1,0.300249601,8
v1.1,11,2,2.153294711,8
v1.1,11,3,1.506629303,8
v1.1,12,1,1.844418883,8
v1.1,12,2,5.302662404,8
v1.1,12,3,0.234088023,8
v1.1,13,1,2.768996536,8
v1.1,13,2,2.416416134,8
v1.1,13,3,5.358586797,8
v1.1,14,1,4.467320555,8
v1.1,14,2,3.185504574,8
v1.1,14,3,4.320023432,8
v1.1,15,1,11.205498191,8
v1.1,15,2,3.473126036,8
v1.1,15,3,9.165185203,8
v1.1,16,1,5.649316301,8
v1.1,16,2,5.147048225,8
v1.1,16,3,30.913642688,8
v1.1,17,1,22.347291095,8
v1.1,17,2,9.541702186,8
v1.1,17,3,51.770038299,8
v1.1,18,1,24.457731907,8
v1.1,18,2,8.755300764,8
v1.1,18,3,7.603687568,8
v1.1,19,1,20.387449299,8
v1.1,19,2,45.994448807,8
v1.1,19,3,12.771508685,8
v1.1,20,1,9.43826512,8
v1.1,20,2,52.589992093,8
v1.1,20,3,17.069645719,8
v1.1,21,1,97.185227437,8
v1.1,21,2,42.573356198,8
v1.1,21,3,57.299859984,8
v1.1,22,1,104.535610934,8
v1.1,22,2,18.180939873,8
v1.1,22,3,24.176959081,8
v1.1,23,1,55.499180587,8
v1.1,23,2,104.66586019,8
v1.1,23,3,118.040157233,8
v1.1,24,1,90.02202164,8
v1.1,24,2,227.462232051,8
v1.1,24,3,190.554634697,8
v1.1,25,1,182.925997852,8
v1.1,25,2,11.249761383,8
v1.1,25,3,47.66239202,8
v1.1,4,1,0.001855765,8
v1.1,5,1,0.014485495,8
v1.1,6,1,0.011150839,8
v1.1,6,2,0.007778259,8
v1.1,7,1,0.103538766,8
v1.1,7,2,0.071149433,8
v1.1,8,1,0.072027224,8
v1.1,8,2,0.134533568,8
v1.1,9,1,0.205847093,8
v1.1,9,2,0.159959327,8
v1.1,9,3,0.516030588,8
v1.1,10,1,0.452496022,8
v1.1,10,2,0.504701718,8
v1.1,10,3,0.906754942,8
v1.1,11,1,1.173857254,8
v1.1,11,2,1.307269514,8
v1.1,11,3,1.248881815,8
v1.1,12,1,1.201459913,8
v1.1,12,2,1.297560606,8
v1.1,12,3,6.244838325,8
v1.1,13,1,3.359738448,8
v1.1,13,2,4.114081245,8
v1.1,13,3,5.529075907,8
v1.1,14,1,4.583363632,8
v1.1,14,2,1.22370384,8
v1.1,14,3,2.951036438,8
v1.1,15,1,2.405941352,8
v1.1,15,2,13.599064824,8
v1.1,15,3,8.556307226,8
v1.1,16,1,5.253403807,8
v1.1,16,2,26.149420323,8
v1.1,16,3,9.837206949,8
v1.1,17,1,12.470486856,8
v1.1,17,2,14.061563271,8
v1.1,17,3,6.996174875,8
v1.1,18,1,44.13695165,8
v1.1,18,2,33.713426982,8
v1.1,18,3,16.658277413,8
v1.1,19,1,43.604508101,8
v1.1,19,2,18.729728877,8
v1.1,19,3,46.796142848,8
v1.1,20,1,69.760140029,8
v1.1,20,2,2.892196315,8
v1.1,20,3,37.465847814,8
v1.1,21,1,116.503974068,8
v1.1,21,2,10.730541166,8
v1.1,21,3,101.046003386,8
v1.1,22,1,59.613060548,8
v1.1,22,2,7.139659755,8
v1.1,22,3,160.511534242,8
v1.1,23,1,75.693113938,8
v1.1,23,2,119.268287613,8
v1.1,23,3,103.476446415,8
v1.1,24,1,31.764096851,8
v1.1,24,2,232.454869494,8
v1.1,24,3,171.656520897,8
v1.1,25,1,155.276787477,8
v1.1,25,2,236.853159774,8
v1.1,25,3,13.211024984,8
v1.1,4,1,0.002321535,8
v1.1,5,1,0.004196211,8
v1.1,6,1,0.007558066,8
v1.1,6,2,0.026065332,8
v1.1,7,1,0.073646659,8
v1.1,7,2,0.04805782,8
v1.1,8,1,0.046590238,8
v1.1,8,2,0.214030217,8
v1.1,9,1,0.271822642,8
v1.1,9,2,0.468657758,8
v1.1,9,3,0.426609402,8
v1.1,10,1,0.789998899,8
v1.1,10,2,0.107081772,8
v1.1,10,3,1.177932191,8
v1.1,11,1,0.674996728,8
v1.1,11,2,2.360105561,8
v1.1,11,3,1.281879501,8
v1.1,12,1,3.831829852,8
v1.1,12,2,0.555642982,8
v1.1,12,3,0.287658012,8
v1.1,13,1,7.023192739,8
v1.1,13,2,8.612336312,8
v1.1,13,3,5.315742165,8
v1.1,14,1,2.719576986,8
v1.1,14,2,6.306081886,8
v1.1,14,3,17.738549966,8
v1.1,15,1,12.804691999,8
v1.1,15,2,8.406782365,8
v1.1,15,3,12.440933724,8
v1.1,16,1,4.716024222,8
v1.1,16,2,22.979076978,8
v1.1,16,3,36.993919239,8
v1.1,17,1,14.914173456,8
v1.1,17,2,20.076128451,8
v1.1,17,3,6.354384737,8
v1.1,18,1,38.91810567,8
v1.1,18,2,27.536183536,8
v1.1,18,3,48.398703829,8
v1.1,19,1,7.499364171,8
v1.1,19,2,2.78555664,8
v1.1,19,3,11.67937088,8
v1.1,20,1,12.412684864,8
v1.1,20,2,18.552646192,8
v1.1,20,3,27.032391155,8
v1.1,21,1,67.595990788,8
v1.1,21,2,78.181293369,8
v1.1,21,3,6.096660505,8
v1.1,22,1,42.903211989,8
v1.1,22,2,104.089772501,8
v1.1,22,3,17.661541411,8
v1.1,23,1,87.269810139,8
v1.1,23,2,67.860627974,8
v1.1,23,3,61.121446958,8
v1.1,24,1,126.00965526,8
v1.1,24,2,121.901350693,8
v1.1,24,3,224.077844068,8
v1.1,25,1,252.444786722,8
v1.1,25,2,76.648241921,8
v1.1,25,3,185.648744616,8
v1.1,4,1,0.002602473,8
v1.1,5,1,0.00179599,8
v1.1,6,1,0.006093896,8
v1.1,6,2,0.008466716,8
v1.1,7,1,0.030493772,8
v1.1,7,2,0.08479448,8
v1.1,8,1,0.023489763,8
v1.1,8,2,0.387460517,8
v1.1,9,1,0.271631069,8
v1.1,9,2,0.630233341,8
v1.1,9,3,0.40341881,8
v1.1,10,1,0.536002253,8
v1.1,10,2,0.434281131,8
v1.1,10,3,0.49470709,8
v1.1,11,1,1.488595713,8
v1.1,11,2,2.849175421,8
v1.1,11,3,0.51864588,8
v1.1,12,1,0.458625502,8
v1.1,12,2,4.140740414,8
v1.1,12,3,3.640314728,8
v1.1,13,1,0.893814996,8
v1.1,13,2,4.036801839,8
v1.1,13,3,3.344228886,8
v1.1,14,1,2.61715037,8
v1.1,14,2,3.378818622,8
v1.1,14,3,9.966519728,8
v1.1,15,1,10.835530756,8
v1.1,15,2,7.349231919,8
v1.1,15,3,23.746758502,8
v1.1,16,1,9.700023036,8
v1.1,16,2,4.929579844,8
v1.1,16,3,4.437690786,8
v1.1,17,1,7.038767548,8
v1.1,17,2,27.080269878,8
v1.1,17,3,2.149039879,8
v1.1,18,1,30.530266514,8
v1.1,18,2,11.484010593,8
v1.1,18,3,12.654704313,8
v1.1,19,1,15.754804694,8
v1.1,19,2,25.318843888,8
v1.1,19,3,10.697955287,8
v1.1,20,1,47.691478742,8
v1.1,20,2,52.265975928,8
v1.1,20,3,64.058507538,8
v1.1,21,1,60.010628067,8
v1.1,21,2,79.424853242,8
v1.1,21,3,45.355066353,8
v1.1,22,1,49.282221118,8
v1.1,22,2,16.949815951,8
v1.1,22,3,85.103466988,8
v1.1,23,1,33.281004331,8
v1.1,23,2,31.015479686,8
v1.1,23,3,45.413826892,8
v1.1,24,1,79.602963579,8
v1.1,24,2,130.412752138,8
v1.1,24,3,228.644785417,8
v1.1,25,1,25.788880941,8
v1.1,25,2,82.639539078,8
v1.1,25,3,76.846117306,8
v1.1,4,1,0.002747666,8
v1.1,5,1,0.001669399,8
v1.1,6,1,0.007767359,8
v1.1,6,2,0.009885225,8
v1.1,7,1,0.017079664,8
v1.1,7,2,0.066548523,8
v1.1,8,1,0.104442965,8
v1.1,8,2,0.244280064,8
v1.1,9,1,0.473740739,8
v1.1,9,2,0.232876788,8
v1.1,9,3,1.394358551,8
v1.1,10,1,0.246976264,8
v1.1,10,2,0.798730742,8
v1.1,10,3,0.128943252,8
v1.1,11,1,1.617605133,8
v1.1,11,2,0.88270744,8
v1.1,11,3,2.794988804,8
v1.1,12,1,0.470649435,8
v1.1,12,2,3.436840965,8
v1.1,12,3,3.08269368,8
v1.1,13,1,3.064882227,8
v1.1,13,2,1.39298698,8
v1.1,13,3,2.699430477,8
v1.1,14,1,10.091181433,8
v1.1,14,2,1.73069508,8
v1.1,14,3,0.929654821,8
v1.1,15,1,10.099088653,8
v1.1,15,2,14.691176755,8
v1.1,15,3,19.663296065,8
v1.1,16,1,6.5504158,8
v1.1,16,2,11.294931945,8
v1.1,16,3,20.351780853,8
v1.1,17,1,17.85613617,8
v1.1,17,2,12.475062024,8
v1.1,17,3,17.067928124,8
v1.1,18,1,11.344538074,8
v1.1,18,2,26.516720289,8
v1.1,18,3,44.884919452,8
v1.1,19,1,9.433936947,8
v1.1,19,2,32.297851766,8
v1.1,19,3,29.458804555,8
v1.1,20,1,8.769241579,8
v1.1,20,2,65.9360688,8
v1.1,20,3,50.939066785,8
v1.1,21,1,21.559983367,8
v1.1,21,2,16.744939707,8
v1.1,21,3,95.486653217,8
v1.1,22,1,138.204793464,8
v1.1,22,2,125.260172405,8
v1.1,22,3,80.133269463,8
v1.1,23,1,88.350314504,8
v1.1,23,2,100.52676545,8
v1.1,23,3,26.07761541,8
v1.1,24,1,5.283071051,8
v1.1,24,2,111.68849687,8
v1.1,24,3,63.660458793,8
v1.1,25,1,35.419351592,8
v1.1,25,2,119.05947382,8
v1.1,25,3,9.619953545,8
v1.1,4,1,0.001681989,8
v1.1,5,1,0.004787416,8
v1.1,6,1,0.013713482,8
v1.1,6,2,0.02101058,8
v1.1,7,1,0.040854884,8
v1.1,7,2,0.079760955,8
v1.1,8,1,0.209818502,8
v1.1,8,2,0.384005821,8
v1.1,9,1,0.161024049,8
v1.1,9,2,0.508761227,8
v1.1,9,3,0.551731287,8
v1.1,10,1,0.596875038,8
v1.1,10,2,1.041948719,8
v1.1,10,3,1.633516859,8
v1.1,11,1,0.380535987,8
v1.1,11,2,1.366899173,8
v1.1,11,3,1.763803538,8
v1.1,12,1,1.156381206,8
v1.1,12,2,1.70267639,8
v1.1,12,3,3.00122692,8
v1.1,13,1,1.864176681,8
v1.1,13,2,1.622577513,8
v1.1,13,3,2.605225507,8
v1.1,14,1,1.180667106,8
v1.1,14,2,6.436043884,8
v1.1,14,3,5.04269251,8
v1.1,15,1,3.949401084,8
v1.1,15,2,9.264343958,8
v1.1,15,3,23.41794417,8
v1.1,16,1,3.38070336,8
v1.1,16,2,17.767101677,8
v1.1,16,3,2.950950457,8
v1.1,17,1,1.05120444,8
v1.1,17,2,9.142156345,8
v1.1,17,3,19.475123458,8
v1.1,18,1,9.514898729,8
v1.1,18,2,5.144614461,8
v1.1,18,3,19.647008892,8
v1.1,19,1,24.473308215,8
v1.1,19,2,21.853191227,8
v1.1,19,3,26.905944527,8
v1.1,20,1,90.967419719,8
v1.1,20,2,27.498868399,8
v1.1,20,3,60.339575287,8
v1.1,21,1,15.838934735,8
v1.1,21,2,55.726438787,8
v1.1,21,3,48.069746265,8
v1.1,22,1,110.809081256,8
v1.1,22,2,12.006601139,8
v1.1,22,3,57.826006951,8
v1.1,23,1,121.090370863,8
v1.1,23,2,58.617303408,8
v1.1,23,3,97.887942094,8
v1.1,24,1,46.5674303,8
v1.1,24,2,51.343027474,8
v1.1,24,3,166.679428435,8
v1.1,25,1,230.761898891,8
v1.1,25,2,35.483156379,8
v1.1,25,3,273.11623836,8
v1.1,4,1,0.002202933,8
v1.1,5,1,0.005622106,8
v1.1,6,1,0.002670045,8
v1.1,7,1,0.037606576,8
v1.1,7,2,0.040495874,8
v1.1,8,1,0.046708971,8
v1.1,8,2,0.023052418,8
v1.1,9,1,0.356444758,8
v1.1,9,2,0.060702848,8
v1.1,9,3,0.466370554,8
v1.1,10,1,0.421165833,8
v1.1,10,2,0.352682765,8
v1.1,10,3,0.802605878,8
v1.1,11,1,0.885729872,8
v1.1,11,2,3.26406589,8
v1.1,11,3,1.116602632,8
v1.1,12,1,0.858885064,8
v1.1,12,2,4.207152861,8
v1.1,12,3,0.852148872,8
v1.1,13,1,4.943690457,8
v1.1,13,2,1.578503212,8
v1.1,13,3,0.354703947,8
v1.1,14,1,5.49849602,8
v1.1,14,2,2.596286741,8
v1.1,14,3,21.825899071,8
v1.1,15,1,3.637768492,8
v1.1,15,2,21.018872009,8
v1.1,15,3,0.758582593,8
v1.1,16,1,14.989813025,8
v1.1,16,2,0.6114447,8
v1.1,16,3,10.020772703,8
v1.1,17,1,20.073281234,8
v1.1,17,2,1.589404801,8
v1.1,17,3,2.550967952,8
v1.1,18,1,30.810658106,8
v1.1,18,2,18.19501894,8
v1.1,18,3,24.34620326,8
v1.1,19,1,31.703883038,8
v1.1,19,2,72.382896539,8
v1.1,19,3,41.365633099,8
v1.1,20,1,41.256308952,8
v1.1,20,2,13.529687189,8
v1.1,20,3,62.17750789,8
v1.1,21,1,45.741299775,8
v1.1,21,2,67.16341039,8
v1.1,21,3,134.58365094,8
v1.1,22,1,12.920621477,8
v1.1,22,2,71.963822274,8
v1.1,22,3,60.17169475,8
v1.1,23,1,37.811700675,8
v1.1,23,2,42.867233811,8
v1.1,23,3,149.534448011,8
v1.1,24,1,105.309294624,8
v1.1,24,2,94.081417268,8
v1.1,24,3,176.76315905,8
v1.1,25,1,218.456557308,8
v1.1,25,2,137.973483698,8
v1.1,25,3,39.066315065,8
v1.1,4,1,0.001826098,8
v1.1,5,1,0.002529234,8
v1.1,6,1,0.036397,8
v1.1,6,2,0.004131683,8
v1.1,7,1,0.024737146,8
v1.1,7,2,0.049013364,8
v1.1,8,1,0.12213457,8
v1.1,8,2,0.195236938,8
v1.1,9,1,0.293417013,8
v1.1,9,2,0.297594811,8
v1.1,10,1,0.460619781,8
v1.1,10,2,0.786936262,8
v1.1,10,3,0.509499505,8
v1.1,11,1,0.469463342,8
v1.1,11,2,0.534544041,8
v1.1,11,3,2.221808254,8
v1.1,12,1,0.707180799,8
v1.1,12,2,6.440028881,8
v1.1,12,3,3.036970164,8
v1.1,13,1,1.22959743,8
v1.1,13,2,3.843019226,8
v1.1,13,3,4.262686598,8
v1.1,14,1,1.996119285,8
v1.1,14,2,5.220613605,8
v1.1,14,3,4.768121965,8
v1.1,15,1,8.550420927,8
v1.1,15,2,5.960173317,8
v1.1,15,3,20.493112705,8
v1.1,16,1,11.170277064,8
v1.1,16,2,12.26308761,8
v1.1,16,3,15.920419715,8
v1.1,17,1,6.798082872,8
v1.1,17,2,5.369432209,8
v1.1,17,3,21.125239202,8
v1.1,18,1,16.967997344,8
v1.1,18,2,22.910538235,8
v1.1,18,3,8.33239904,8
v1.1,19,1,23.303320492,8
v1.1,19,2,26.50158052,8
v1.1,19,3,28.48608532,8
v1.1,20,1,44.884456542,8
v1.1,20,2,10.0828257,8
v1.1,20,3,29.759338178,8
v1.1,21,1,52.903688356,8
v1.1,21,2,31.497376783,8
v1.1,21,3,79.85926437,8
v1.1,22,1,39.74198859,8
v1.1,22,2,35.21064047,8
v1.1,22,3,6.305365062,8
v1.1,23,1,31.363995645,8
v1.1,23,2,46.949184253,8
v1.1,23,3,107.879984739,8
v1.1,24,1,100.815051979,8
v1.1,24,2,113.309067441,8
v1.1,24,3,95.911716759,8
v1.1,25,1,147.229922775,8
v1.1,25,2,10.238458784,8
v1.1,25,3,162.813665174,8
v1.1,4,1,0.002350374,8
v1.1,5,1,0.002395278,8
v1.1,6,1,0.009616329,8
v1.1,6,2,0.017131245,8
v1.1,7,1,0.027058838,8
v1.1,7,2,0.066520804,8
v1.1,8,1,0.107393569,8
v1.1,8,2,0.224319476,8
v1.1,9,1,0.619892011,8
v1.1,9,2,0.328159349,8
v1.1,9,3,0.389918011,8
v1.1,10,1,0.621782456,8
v1.1,10,2,0.845892382,8
v1.1,10,3,0.423743578,8
v1.1,11,1,0.856229066,8
v1.1,11,2,0.723336462,8
v1.1,11,3,0.587651376,8
v1.1,12,1,1.512067395,8
v1.1,12,2,1.011372052,8
v1.1,12,3,2.586390805,8
v1.1,13,1,4.371023857,8
v1.1,13,2,3.892628798,8
v1.1,13,3,3.528086367,8
v1.1,14,1,0.377061817,8
v1.1,14,2,3.555790494,8
v1.1,14,3,4.826530039,8
v1.1,15,1,2.766888959,8
v1.1,15,2,3.805228325,8
v1.1,15,3,7.394833029,8
v1.1,16,1,11.141606025,8
v1.1,16,2,18.146178127,8
v1.1,16,3,5.213274182,8
v1.1,17,1,16.00714863,8
v1.1,17,2,33.004280198,8
v1.1,17,3,15.510317716,8
v1.1,18,1,12.060587014,8
v1.1,18,2,27.295264494,8
v1.1,18,3,24.074724724,8
v1.1,19,1,2.519797809,8
v1.1,19,2,28.26274485,8
v1.1,19,3,38.496172315,8
v1.1,20,1,35.164973424,8
v1.1,20,2,13.710645597,8
v1.1,20,3,46.948320607,8
v1.1,21,1,25.158331667,8
v1.1,21,2,26.251798711,8
v1.1,21,3,30.709000977,8
v1.1,22,1,3.810362009,8
v1.1,22,2,116.760447379,8
v1.1,22,3,74.295618406,8
v1.1,23,1,80.795480867,8
v1.1,23,2,132.964948894,8
v1.1,23,3,96.365772889,8
v1.1,24,1,105.915270616,8
v1.1,24,2,237.163584206,8
v1.1,24,3,91.370866256,8
v1.1,25,1,7.670864446,8
v1.1,25,2,8.56215041,8
v1.1,25,3,152.525743787,8
v1.1,4,1,0.002242977,8
v1.1,5,1,0.006941808,8
v1.1,6,1,0.005953214,8
v1.1,7,1,0.037164041,8
v1.1,7,2,0.099523498,8
v1.1,8,1,0.145181237,8
v1.1,8,2,0.20760232,8
v1.1,9,1,0.094465264,8
v1.1,9,2,0.733619044,8
v1.1,9,3,0.835076084,8
v1.1,10,1,0.999252592,8
v1.1,10,2,0.613717753,8
v1.1,10,3,0.429694912,8
v1.1,11,1,0.357587211,8
v1.1,11,2,1.173851951,8
v1.1,11,3,1.617035731,8
v1.1,12,1,1.274103128,8
v1.1,12,2,1.76808166,8
v1.1,12,3,2.655987196,8
v1.1,13,1,2.772005443,8
v1.1,13,2,3.67729571,8
v1.1,13,3,6.205068868,8
v1.1,14,1,2.649513586,8
v1.1,14,2,8.545886451,8
v1.1,14,3,4.547549404,8
v1.1,15,1,6.130682547,8
v1.1,15,2,4.323091418,8
v1.1,15,3,11.12637758,8
v1.1,16,1,8.818973436,8
v1.1,16,2,6.764856141,8
v1.1,16,3,4.093683999,8
v1.1,17,1,10.294985733,8
v1.1,17,2,29.217568526,8
v1.1,17,3,26.204021177,8
v1.1,18,1,19.254106932,8
v1.1,18,2,36.039580258,8
v1.1,18,3,45.77799036,8
v1.1,19,1,45.044363277,8
v1.1,19,2,13.922654255,8
v1.1,19,3,10.350524385,8
v1.1,20,1,10.690487526,8
v1.1,20,2,48.160180979,8
v1.1,20,3,27.996388196,8
v1.1,21,1,46.598059346,8
v1.1,21,2,55.893165908,8
v1.1,21,3,60.465310008,8
v1.1,22,1,82.665959596,8
v1.1,22,2,30.903247056,8
v1.1,22,3,56.940053834,8
v1.1,23,1,44.430231868,8
v1.1,23,2,25.726681895,8
v1.1,23,3,48.587501473,8
v1.1,24,1,22.813861142,8
v1.1,24,2,165.746823897,8
v1.1,24,3,84.95279591,8
v1.1,25,1,24.186355983,8
v1.1,25,2,154.839569586,8
v1.1,25,3,116.528032016,8
v1.1,4,1,0.002012676,8
v1.1,5,1,0.008898816,8
v1.1,6,1,0.040061947,8
v1.1,6,2,0.011164898,8
v1.1,7,1,0.020073186,8
v1.1,7,2,0.072584186,8
v1.1,8,1,0.167961072,8
v1.1,8,2,0.167343922,8
v1.1,9,1,0.154011803,8
v1.1,9,2,0.536745078,8
v1.1,9,3,0.475051091,8
v1.1,10,1,0.576719285,8
v1.1,10,2,0.43974833,8
v1.1,10,3,0.746454129,8
v1.1,11,1,0.787245139,8
v1.1,11,2,0.748022967,8
v1.1,11,3,0.536589716,8
v1.1,12,1,0.916019196,8
v1.1,12,2,2.596156769,8
v1.1,12,3,2.427302503,8
v1.1,13,1,3.475272068,8
v1.1,13,2,2.61353043,8
v1.1,13,3,9.043955123,8
v1.1,14,1,3.274349676,8
v1.1,14,2,7.507394847,8
v1.1,14,3,3.569532062,8
v1.1,15,1,2.45071076,8
v1.1,15,2,15.29714788,8
v1.1,15,3,3.387021318,8
v1.1,16,1,8.597843482,8
v1.1,16,2,15.523107523,8
v1.1,17,1,5.746761895,8
v1.1,17,2,6.187589276,8
v1.1,17,3,15.601711238,8
v1.1,18,1,5.505700481,8
v1.1,18,2,17.484051617,8
v1.1,18,3,36.268821753,8
v1.1,19,1,19.273101058,8
v1.1,19,2,62.295029395,8
v1.1,19,3,34.565546891,8
v1.1,20,1,6.640266412,8
v1.1,20,2,52.026029715,8
v1.1,20,3,34.287339489,8
v1.1,21,1,33.966354747,8
v1.1,21,2,52.013014277,8
v1.1,21,3,47.129833868,8
v1.1,22,1,19.161379922,8
v1.1,22,2,44.765187342,8
v1.1,22,3,26.9908863,8
v1.1,23,1,17.176272378,8
v1.1,23,2,194.690873853,8
v1.1,23,3,194.315117035,8
v1.1,24,1,178.497184186,8
v1.1,24,2,59.551648981,8
v1.1,24,3,143.083015262,8
v1.1,25,1,70.255916988,8
v1.1,25,2,94.513723984,8
v1.1,25,3,12.315765143,8
v1.1,4,1,0.003054297,8
v1.1,5,1,0.003276136,8
v1.1,6,1,0.010982648,8
v1.1,6,2,0.030673838,8
v1.1,7,1,0.03209356,8
v1.1,7,2,0.007533923,8
v1.1,8,1,0.191562869,8
v1.1,8,2,0.03807047,8
v1.1,9,1,0.305724664,8
v1.1,9,2,0.200085108,8
v1.1,9,3,0.530984251,8
v1.1,10,1,0.313437137,8
v1.1,10,2,0.959254469,8
v1.1,10,3,0.798861604,8
v1.1,11,1,1.55770082,8
v1.1,11,2,1.262404554,8
v1.1,11,3,0.854894615,8
v1.1,12,1,2.026614115,8
v1.1,12,2,3.09565691,8
v1.1,12,3,3.886297896,8
v1.1,13,1,1.342169507,8
v1.1,13,2,4.471781172,8
v1.1,13,3,6.289119829,8
v1.1,14,1,3.094393098,8
v1.1,14,2,3.824008888,8
v1.1,14,3,1.624209425,8
v1.1,15,1,5.104093112,8
v1.1,15,2,16.106841772,8
v1.1,15,3,15.373184001,8
v1.1,16,1,5.646396804,8
v1.1,16,2,11.55458005,8
v1.1,16,3,14.178318364,8
v1.1,17,1,5.114796601,8
v1.1,17,2,3.736455608,8
v1.1,17,3,25.467705324,8
v1.1,18,1,26.556841459,8
v1.1,18,2,25.313159789,8
v1.1,18,3,20.249864091,8
v1.1,19,1,14.091626855,8
v1.1,19,2,38.026528134,8
v1.1,19,3,44.605919219,8
v1.1,20,1,49.778482755,8
v1.1,20,2,33.784366302,8
v1.1,20,3,87.291025707,8
v1.1,21,1,81.826970785,8
v1.1,21,2,53.490002868,8
v1.1,21,3,97.427959407,8
v1.1,22,1,4.865987464,8
v1.1,22,2,138.461590279,8
v1.1,22,3,8.065142618,8
v1.1,23,1,43.585013854,8
v1.1,23,2,23.711879513,8
v1.1,23,3,111.750204794,8
v1.1,24,1,81.499956585,8
v1.1,24,2,122.853571368,8
v1.1,24,3,8.036960092,8
v1.1,25,1,8.913610917,8
v1.1,25,2,117.131376443,8
v1.1,25,3,30.550341497,8
v1.1,4,1,0.002207718,8
v1.1,5,1,0.004223629,8
v1.1,6,1,0.010289465,8
v1.1,7,1,0.028108243,8
v1.1,7,2,0.068616922,8
v1.1,8,1,0.134042928,8
v1.1,8,2,0.230400289,8
v1.1,9,1,0.259167307,8
v1.1,9,2,0.042237654,8
v1.1,9,3,0.333808427,8
v1.1,10,1,0.358293094,8
v1.1,10,2,0.070294171,8
v1.1,10,3,0.905205756,8
v1.1,11,1,1.182394044,8
v1.1,11,2,0.843820436,8
v1.1,11,3,1.146247874,8
v1.1,12,1,2.27992957,8
v1.1,12,2,6.672244305,8
v1.1,12,3,2.48964353,8
v1.1,13,1,2.515572865,8
v1.1,13,2,3.07921085,8
v1.1,13,3,1.434898519,8
v1.1,14,1,2.390354794,8
v1.1,14,2,6.242820425,8
v1.1,14,3,7.672802543,8
v1.1,15,1,5.029524863,8
v1.1,15,2,8.487757251,8
v1.1,15,3,8.384750519,8
v1.1,16,1,14.507592704,8
v1.1,16,2,1.1626918,8
v1.1,16,3,22.381512062,8
v1.1,17,1,1.027142804,8
v1.1,17,2,15.366689601,8
v1.1,17,3,6.233658999,8
v1.1,18,1,14.313267322,8
v1.1,18,2,31.915053298,8
v1.1,18,3,11.024873843,8
v1.1,19,1,34.405143735,8
v1.1,19,2,12.633695592,8
v1.1,19,3,63.361363182,8
v1.1,20,1,68.993029661,8
v1.1,20,2,76.384299732,8
v1.1,20,3,59.423355809,8
v1.1,21,1,35.073151335,8
v1.1,21,2,68.765904853,8
v1.1,21,3,50.002396315,8
v1.1,22,1,74.772467902,8
v1.1,22,2,4.399985141,8
v1.1,22,3,21.347448613,8
v1.1,23,1,34.979532385,8
v1.1,23,2,47.098028896,8
v1.1,23,3,91.00542572,8
v1.1,24,1,61.927563096,8
v1.1,24,2,10.814563298,8
v1.1,24,3,35.452589234,8
v1.1,25,1,36.256807774,8
v1.1,25,2,140.535832219,8
v1.1,25,3,15.56096777,8
v1.1,4,1,0.002739969,8
v1.1,5,1,0.004666558,8
v1.1,6,1,0.044222223,8
v1.1,6,2,0.017807676,8
v1.1,7,1,0.03350195,8
v1.1,7,2,0.07572669,8
v1.1,8,1,0.119516149,8
v1.1,8,2,0.051485369,8
v1.1,9,1,0.314083261,8
v1.1,9,2,0.444208494,8
v1.1,9,3,0.42973806,8
v1.1,10,1,0.17688136,8
v1.1,10,2,0.833997562,8
v1.1,10,3,0.553785881,8
v1.1,11,1,0.957243929,8
v1.1,11,2,1.052258996,8
v1.1,11,3,0.953473591,8
v1.1,12,1,1.282320195,8
v1.1,12,2,0.809986814,8
v1.1,12,3,3.183752609,8
v1.1,13,1,5.017367361,8
v1.1,13,2,1.287284158,8
v1.1,13,3,4.170846286,8
v1.1,14,1,7.109723676,8
v1.1,14,2,1.752397686,8
v1.1,14,3,4.158142508,8
v1.1,15,1,5.509502636,8
v1.1,15,2,4.522715847,8
v1.1,15,3,6.168133453,8
v1.1,16,1,9.761420709,8
v1.1,16,2,12.73716171,8
v1.1,16,3,4.021668785,8
v1.1,17,1,5.81598018,8
v1.1,17,2,9.073038588,8
v1.1,17,3,13.280773666,8
v1.1,18,1,16.552836971,8
v1.1,18,2,19.734834634,8
v1.1,18,3,27.816646934,8
v1.1,19,1,6.059515002,8
v1.1,19,2,7.443867523,8
v1.1,19,3,16.779724743,8
v1.1,20,1,27.012485143,8
v1.1,20,2,25.894018678,8
v1.1,20,3,59.005251929,8
v1.1,21,1,66.675196674,8
v1.1,21,2,9.48652446,8
v1.1,21,3,53.982150737,8
v1.1,22,1,25.452667201,8
v1.1,22,2,49.474723698,8
v1.1,22,3,95.479888594,8
v1.1,23,1,95.243254706,8
v1.1,23,2,88.318053068,8
v1.1,23,3,63.897826972,8
v1.1,24,1,104.823738665,8
v1.1,24,2,25.642597018,8
v1.1,24,3,27.69322244,8
v1.1,25,1,27.315601951,8
v1.1,25,2,16.258554009,8
v1.1,25,3,39.443534707,8
v1.1,4,1,0.001968958,8
v1.1,5,1,0.003630009,8
v1.1,6,1,0.027433631,8
v1.1,6,2,0.011898439,8
v1.1,7,1,0.023688156,8
v1.1,7,2,0.060224732,8
v1.1,8,1,0.076380636,8
v1.1,8,2,0.292450782,8
v1.1,9,1,0.111568409,8
v1.1,9,2,0.361886088,8
v1.1,9,3,0.039669342,8
v1.1,10,1,0.587514526,8
v1.1,10,2,0.413077608,8
v1.1,10,3,1.731185187,8
v1.1,11,1,0.25284173,8
v1.1,11,2,1.762181756,8
v1.1,11,3,0.679860222,8
v1.1,12,1,1.413532101,8
v1.1,12,2,2.311059071,8
v1.1,12,3,3.933413397,8
v1.1,13,1,1.955347338,8
v1.1,13,2,6.575810241,8
v1.1,13,3,1.930375503,8
v1.1,14,1,3.246369283,8
v1.1,14,2,6.383733495,8
v1.1,14,3,3.806243183,8
v1.1,15,1,1.534081992,8
v1.1,15,2,0.795925834,8
v1.1,15,3,3.294906327,8
v1.1,16,1,9.408373408,8
v1.1,16,2,4.993288799,8
v1.1,16,3,30.105188649,8
v1.1,17,1,7.924150976,8
v1.1,17,2,23.117896288,8
v1.1,17,3,9.926130018,8
v1.1,18,1,8.68693013,8
v1.1,18,2,6.207386286,8
v1.1,18,3,55.811888292,8
v1.1,19,1,1.791872636,8
v1.1,19,2,8.701690675,8
v1.1,19,3,55.507728542,8
v1.1,20,1,29.502318915,8
v1.1,20,2,30.577528531,8
v1.1,20,3,90.534147246,8
v1.1,21,1,14.05106946,8
v1.1,21,2,70.624567147,8
v1.1,21,3,78.530136239,8
v1.1,22,1,62.64710798,8
v1.1,22,2,168.845226762,8
v1.1,22,3,28.055947656,8
v1.1,23,1,100.468443477,8
v1.1,23,2,100.780451016,8
v1.1,23,3,61.694044744,8
v1.1,24,1,67.674507885,8
v1.1,24,2,204.899587919,8
v1.1,24,3,243.886613221,8
v1.1,25,1,26.129873006,8
v1.1,25,2,102.073660155,8
v1.1,25,3,218.000356418,8
v1.1,4,1,0.002453536,8
v1.1,5,1,0.004442801,8
v1.1,6,1,0.01143204,8
v1.1,6,2,0.032959826,8
v1.1,7,1,0.042909533,8
v1.1,7,2,0.067021118,8
v1.1,8,1,0.211633277,8
v1.1,8,2,0.171571581,8
v1.1,9,1,0.243633949,8
v1.1,9,2,0.273520965,8
v1.1,9,3,0.344528614,8
v1.1,10,1,0.265469421,8
v1.1,10,2,0.060502704,8
v1.1,10,3,0.827470282,8
v1.1,11,1,0.928688928,8
v1.1,11,2,1.026088917,8
v1.1,11,3,2.493225406,8
v1.1,12,1,0.190745913,8
v1.1,12,2,0.269607197,8
v1.1,12,3,1.308411936,8
v1.1,13,1,3.507722926,8
v1.1,13,2,3.261026159,8
v1.1,13,3,4.1806768,8
v1.1,14,1,12.693538467,8
v1.1,14,2,6.600603954,8
v1.1,14,3,0.503479542,8
v1.1,15,1,7.076005834,8
v1.1,15,2,2.419376665,8
v1.1,15,3,2.637088339,8
v1.1,16,1,15.194182776,8
v1.1,16,2,7.86687479,8
v1.1,16,3,13.204103539,8
v1.1,17,1,8.42379154,8
v1.1,17,2,42.963696927,8
v1.1,17,3,17.898969242,8
v1.1,18,1,8.220509096,8
v1.1,18,2,1.389277617,8
v1.1,18,3,40.486116142,8
v1.1,19,1,21.402859493,8
v1.1,19,2,67.440255626,8
v1.1,19,3,11.951685481,8
v1.1,20,1,24.03772921,8
v1.1,20,2,30.948933662,8
v1.1,20,3,74.404368043,8
v1.1,21,1,99.046840455,8
v1.1,21,2,88.732971213,8
v1.1,21,3,37.928634819,8
v1.1,22,1,47.209796212,8
v1.1,22,2,54.988205341,8
v1.1,22,3,108.258890077,8
v1.1,23,1,28.110275578,8
v1.1,23,2,77.266796503,8
v1.1,23,3,30.629219443,8
v1.1,24,1,56.499261949,8
v1.1,24,2,118.340537221,8
v1.1,24,3,176.78746033,8
v1.1,25,1,135.573903091,8
v1.1,25,2,33.440058801,8
v1.1,25,3,69.848405173,8
v1.1,4,1,0.001783242,8
v1.1,5,1,0.003408845,8
v1.1,6,1,0.009744921,8
v1.1,6,2,0.077371675,8
v1.1,7,1,0.043283468,8
v1.1,7,2,0.093239968,8
v1.1,8,1,0.203725863,8
v1.1,8,2,0.067044429,8
v1.1,9,1,0.423994303,8
v1.1,9,2,0.114713332,8
v1.1,9,3,0.607104034,8
v1.1,10,1,0.082495247,8
v1.1,10,2,0.798352685,8
v1.1,10,3,0.759721382,8
v1.1,11,1,0.536749525,8
v1.1,11,2,0.643917935,8
v1.1,11,3,2.138200567,8
v1.1,12,1,1.760509888,8
v1.1,12,2,0.715704681,8
v1.1,12,3,3.728626514,8
v1.1,13,1,2.058413146,8
v1.1,13,2,3.797153292,8
v1.1,13,3,3.72248447,8
v1.1,14,1,1.237549592,8
v1.1,14,2,2.088780171,8
v1.1,14,3,0.523006959,8
v1.1,15,1,6.789331953,8
v1.1,15,2,15.950963413,8
v1.1,15,3,2.719396807,8
v1.1,16,1,13.254717098,8
v1.1,16,2,22.050335406,8
v1.1,16,3,9.479789376,8
v1.1,17,1,38.537422078,8
v1.1,17,2,14.745375301,8
v1.1,17,3,15.780066453,8
v1.1,18,1,10.595598762,8
v1.1,18,2,11.848364568,8
v1.1,18,3,10.5481234,8
v1.1,19,1,5.029443047,8
v1.1,19,2,3.078984219,8
v1.1,19,3,95.647897119,8
v1.1,20,1,31.401019493,8
v1.1,20,2,32.447913123,8
v1.1,20,3,99.743304072,8
v1.1,21,1,2.87597797,8
v1.1,21,2,74.971329803,8
v1.1,21,3,78.491322876,8
v1.1,22,1,63.619304931,8
v1.1,22,2,3.883541107,8
v1.1,22,3,66.021742131,8
v1.1,23,1,82.308769393,8
v1.1,23,2,171.80309829,8
v1.1,23,3,67.295273418,8
v1.1,24,1,68.730889193,8
v1.1,24,2,29.680050334,8
v1.1,24,3,195.743394803,8
v1.1,25,1,218.557838133,8
v1.1,25,2,181.699963369,8
v1.1,25,3,200.966888733,8
v1.1,4,1,0.003677482,8
v1.1,5,1,0.008598456,8
v1.1,6,1,0.014830207,8
v1.1,7,1,0.020207845,8
v1.1,7,2,0.080998007,8
v1.1,8,1,0.135081839,8
v1.1,8,2,0.050528564,8
v1.1,9,1,1.278974132,8
v1.1,9,2,0.286506724,8
v1.1,9,3,1.090829574,8
v1.1,10,1,0.387098632,8
v1.1,10,2,0.291752585,8
v1.1,10,3,1.216655318,8
v1.1,11,1,0.845671794,8
v1.1,11,2,0.59446109,8
v1.1,11,3,2.505100697,8
v1.1,12,1,2.030168745,8
v1.1,12,2,2.688676344,8
v1.1,12,3,2.735734572,8
v1.1,13,1,1.61087705,8
v1.1,13,2,3.396634234,8
v1.1,13,3,1.740625372,8
v1.1,14,1,1.838529041,8
v1.1,14,2,1.659191119,8
v1.1,14,3,3.882083895,8
v1.1,15,1,11.097383425,8
v1.1,15,2,5.943351472,8
v1.1,15,3,6.73157822,8
v1.1,16,1,8.175678741,8
v1.1,16,2,6.805539667,8
v1.1,16,3,19.869522259,8
v1.1,17,1,1.14272982,8
v1.1,17,2,15.544664376,8
v1.1,17,3,11.077389876,8
v1.1,18,1,16.631723481,8
v1.1,18,2,16.499060546,8
v1.1,18,3,14.652735654,8
v1.1,19,1,13.425526279,8
v1.1,19,2,77.653323396,8
v1.1,19,3,11.363144023,8
v1.1,20,1,52.257862545,8
v1.1,20,2,3.326065661,8
v1.1,20,3,68.492622317,8
v1.1,21,1,66.883528444,8
v1.1,21,2,24.634728779,8
v1.1,21,3,57.671011998,8
v1.1,22,1,96.046146685,8
v1.1,22,2,51.571032322,8
v1.1,22,3,66.093381027,8
v1.1,23,1,89.465445879,8
v1.1,23,2,72.189180541,8
v1.1,23,3,6.466995097,8
v1.1,24,1,55.519685743,8
v1.1,24,2,76.368074497,8
v1.1,24,3,94.311381944,8
v1.1,25,1,172.390610401,8
v1.1,25,2,210.236594506,8
v1.1,25,3,71.623891179,8
v1.1,4,1,0.001564873,8
v1.1,5,1,0.004075205,8
v1.1,6,1,0.016831171,8
v1.1,6,2,0.014223808,8
v1.1,7,1,0.030551257,8
v1.1,7,2,0.084551537,8
v1.1,8,1,0.126959953,8
v1.1,8,2,0.139672348,8
v1.1,9,1,0.12239936,8
v1.1,9,2,0.311465372,8
v1.1,9,3,0.392347994,8
v1.1,10,1,1.2562093,8
v1.1,10,2,1.806930965,8
v1.1,10,3,0.628596064,8
v1.1,11,1,0.883244481,8
v1.1,11,2,1.127794025,8
v1.1,11,3,1.282637578,8
v1.1,12,1,1.165268743,8
v1.1,12,2,0.222842272,8
v1.1,12,3,3.008113058,8
v1.1,13,1,3.312505354,8
v1.1,13,2,5.063786445,8
v1.1,13,3,1.068152604,8
v1.1,14,1,2.754113092,8
v1.1,14,2,1.346106673,8
v1.1,14,3,2.41423172,8
v1.1,15,1,3.257403403,8
v1.1,15,2,17.828916272,8
v1.1,15,3,2.947972746,8
v1.1,16,1,18.623294243,8
v1.1,16,2,10.788492231,8
v1.1,16,3,9.737696577,8
v1.1,17,1,7.209699628,8
v1.1,17,2,12.35008793,8
v1.1,17,3,10.327132928,8
v1.1,18,1,14.292529267,8
v1.1,18,2,12.674758525,8
v1.1,18,3,8.539880808,8
v1.1,19,1,55.212882116,8
v1.1,19,2,36.005682243,8
v1.1,19,3,10.017374354,8
v1.1,20,1,18.40514814,8
v1.1,20,2,10.379695617,8
v1.1,20,3,89.553044978,8
v1.1,21,1,20.966594625,8
v1.1,21,2,28.871804784,8
v1.1,21,3,84.443449277,8
v1.1,22,1,35.841321039,8
v1.1,22,2,55.639142472,8
v1.1,22,3,158.865239632,8
v1.1,23,1,78.410024641,8
v1.1,23,2,114.348767446,8
v1.1,23,3,82.314655575,8
v1.1,24,1,83.578329694,8
v1.1,24,2,147.887250741,8
v1.1,24,3,242.121741457,8
v1.1,25,1,140.209550799,8
v1.1,25,2,113.069070025,8
v1.1,25,3,190.875201296,8
v1.1,4,1,0.001780329,8
v1.1,5,1,0.039286062,8
v1.1,6,1,0.01899447,8
v1.1,6,2,0.02905401,8
v1.1,7,1,0.050065748,8
v1.1,7,2,0.099810314,8
v1.1,8,1,0.047464915,8
v1.1,8,2,0.077195999,8
v1.1,9,1,0.261833931,8
v1.1,9,2,0.256639182,8
v1.1,9,3,0.054817197,8
v1.1,10,1,0.92078202,8
v1.1,10,2,1.08184827,8
v1.1,10,3,0.338761922,8
v1.1,11,1,1.341401414,8
v1.1,11,2,0.18437978,8
v1.1,11,3,1.264529355,8
v1.1,12,1,2.263076405,8
v1.1,12,2,2.476190586,8
v1.1,12,3,1.322346373,8
v1.1,13,1,2.918375947,8
v1.1,13,2,1.019650333,8
v1.1,13,3,0.475691997,8
v1.1,14,1,3.101663326,8
v1.1,14,2,1.888704859,8
v1.1,14,3,4.397501822,8
v1.1,15,1,5.610986364,8
v1.1,15,2,10.418562956,8
v1.1,15,3,16.661794387,8
v1.1,16,1,6.672256268,8
v1.1,16,2,4.188409228,8
v1.1,16,3,9.053923107,8
v1.1,17,1,8.986802449,8
v1.1,17,2,26.076791536,8
v1.1,17,3,22.034443143,8
v1.1,18,1,29.468219609,8
v1.1,18,2,35.937658155,8
v1.1,18,3,25.764482725,8
v1.1,19,1,54.162590826,8
v1.1,19,2,58.189861488,8
v1.1,19,3,2.809657734,8
v1.1,20,1,27.751409448,8
v1.1,20,2,39.09104206,8
v1.1,20,3,50.58262292,8
v1.1,21,1,24.555691495,8
v1.1,21,2,17.150701901,8
v1.1,21,3,21.447336688,8
v1.1,22,1,26.081138787,8
v1.1,22,2,5.598164547,8
v1.1,22,3,5.521035324,8
v1.1,23,1,43.946328282,8
v1.1,23,2,194.923968598,8
v1.1,23,3,99.935692141,8
v1.1,24,1,222.729151174,8
v1.1,24,2,85.784118778,8
v1.1,24,3,129.236783053,8
v1.1,25,1,71.43018595,8
v1.1,25,2,32.235940175,8
v1.1,25,3,14.491824809,8
v1.1,4,1,0.002839813,8
v1.1,5,1,0.005129268,8
v1.1,6,1,0.005659315,8
v1.1,6,2,0.020218546,8
v1.1,7,1,0.020511173,8
v1.1,7,2,0.02577499,8
v1.1,8,1,0.131424402,8
v1.1,8,2,0.213513108,8
v1.1,9,1,0.0989406,8
v1.1,9,2,0.460576295,8
v1.1,9,3,0.261720033,8
v1.1,10,1,0.950118978,8
v1.1,10,2,0.407858801,8
v1.1,10,3,0.267324764,8
v1.1,11,1,0.114072389,8
v1.1,11,2,1.687395018,8
v1.1,11,3,0.762894795,8
v1.1,12,1,1.509803855,8
v1.1,12,2,3.005594752,8
v1.1,12,3,1.339698594,8
v1.1,13,1,3.401352989,8
v1.1,13,2,2.718460594,8
v1.1,13,3,5.480082494,8
v1.1,14,1,1.769293573,8
v1.1,14,2,10.396683171,8
v1.1,14,3,10.923561566,8
v1.1,15,1,4.887740683,8
v1.1,15,2,11.521470216,8
v1.1,15,3,4.683862698,8
v1.1,16,1,10.37354198,8
v1.1,16,2,23.115024394,8
v1.1,16,3,7.96868713,8
v1.1,17,1,9.447500745,8
v1.1,17,2,11.753486038,8
v1.1,17,3,4.981622063,8
v1.1,18,1,8.220803127,8
v1.1,18,2,1.37482221,8
v1.1,18,3,28.418577354,8
v1.1,19,1,24.764786523,8
v1.1,19,2,27.974709931,8
v1.1,19,3,60.228420112,8
v1.1,20,1,21.261572016,8
v1.1,20,2,10.487441148,8
v1.1,20,3,86.575049585,8
v1.1,21,1,15.418391669,8
v1.1,21,2,69.651453803,8
v1.1,21,3,70.044559395,8
v1.1,22,1,34.05416851,8
v1.1,22,2,82.93577065,8
v1.1,23,1,59.110050539,8
v1.1,23,2,70.894155683,8
v1.1,23,3,115.772788998,8
v1.1,24,1,18.965682521,8
v1.1,24,2,83.858820456,8
v1.1,24,3,99.883553752,8
v1.1,25,1,95.279371663,8
v1.1,25,2,68.279728412,8
v1.1,25,3,159.572154537,8
v1.1,4,1,0.00225616,8
v1.1,5,1,0.003032695,8
v1.1,6,1,0.010490353,8
v1.1,7,1,0.084586475,8
v1.1,7,2,0.098669114,8
v1.1,8,1,0.082031641,8
v1.1,8,2,0.136455568,8
v1.1,9,1,0.390119682,8
v1.1,9,2,0.231975345,8
v1.1,9,3,0.440958957,8
v1.1,10,1,1.062841339,8
v1.1,10,2,0.92633382,8
v1.1,10,3,0.917093165,8
v1.1,11,1,0.71174634,8
v1.1,11,2,1.071564783,8
v1.1,11,3,5.557991212,8
v1.1,12,1,0.949367366,8
v1.1,12,2,1.459522683,8
v1.1,12,3,4.063575166,8
v1.1,13,1,2.239763,8
v1.1,13,2,1.443084969,8
v1.1,13,3,2.716364851,8
v1.1,14,1,2.51808893,8
v1.1,14,2,6.78429699,8
v1.1,14,3,0.564254196,8
v1.1,15,1,5.351935296,8
v1.1,15,2,15.324624924,8
v1.1,15,3,22.657299324,8
v1.1,16,1,8.302072886,8
v1.1,16,2,11.939627986,8
v1.1,16,3,5.954609488,8
v1.1,17,1,16.965365736,8
v1.1,17,2,15.028562655,8
v1.1,17,3,18.161584462,8
v1.1,18,1,14.317532441,8
v1.1,18,2,1.945548113,8
v1.1,18,3,20.005587988,8
v1.1,19,1,10.517201269,8
v1.1,19,2,28.131740783,8
v1.1,19,3,34.312596963,8
v1.1,20,1,24.38363141,8
v1.1,20,2,27.684872256,8
v1.1,20,3,14.822091187,8
v1.1,21,1,12.870756606,8
v1.1,21,2,37.009863871,8
v1.1,21,3,69.520314101,8
v1.1,22,1,61.66598439,8
v1.1,22,2,20.791776124,8
v1.1,22,3,38.809726856,8
v1.1,23,1,5.083836316,8
v1.1,23,2,47.039918475,8
v1.1,23,3,137.445359443,8
v1.1,24,1,20.989668736,8
v1.1,24,2,145.247173049,8
v1.1,24,3,93.913464947,8
v1.1,25,1,143.532860758,8
v1.1,25,2,53.184962809,8
v1.1,25,3,43.86492486,8
v1.1,4,1,0.002355673,8
v1.1,5,1,0.00306594,8
v1.1,6,1,0.010140982,8
v1.1,6,2,0.011063779,8
v1.1,7,1,0.061913323,8
v1.1,7,2,0.10190747,8
v1.1,8,1,0.073874869,8
v1.1,8,2,0.036995382,8
v1.1,9,1,0.23590259,8
v1.1,9,2,0.365039129,8
v1.1,9,3,1.16888668,8
v1.1,10,1,0.402065569,8
v1.1,10,2,0.639634843,8
v1.1,10,3,0.312736174,8
v1.1,11,1,1.15070029,8
v1.1,11,2,2.333664531,8
v1.1,11,3,0.506786631,8
v1.1,12,1,1.660809244,8
v1.1,12,2,2.030149733,8
v1.1,12,3,0.916006591,8
v1.1,13,1,3.394556348,8
v1.1,13,2,4.037881225,8
v1.1,13,3,2.787587562,8
v1.1,14,1,5.627415975,8
v1.1,14,2,4.261281781,8
v1.1,14,3,0.43016933,8
v1.1,15,1,6.92421976,8
v1.1,15,2,5.726269341,8
v1.1,15,3,12.384100289,8
v1.1,16,1,12.380245627,8
v1.1,16,2,5.352580504,8
v1.1,16,3,24.449377692,8
v1.1,17,1,21.606610906,8
v1.1,17,2,20.472822932,8
v1.1,17,3,10.642363126,8
v1.1,18,1,5.365881708,8
v1.1,18,2,18.669927175,8
v1.1,18,3,1.535655721,8
v1.1,19,1,33.687290147,8
v1.1,19,2,9.346243655,8
v1.1,19,3,38.306019601,8
v1.1,20,1,16.250826475,8
v1.1,20,2,67.747646467,8
v1.1,20,3,139.818091476,8
v1.1,21,1,50.015597084,8
v1.1,21,2,27.013302717,8
v1.1,21,3,36.340548503,8
v1.1,22,1,34.39705757,8
v1.1,22,2,15.291941461,8
v1.1,22,3,57.561356445,8
v1.1,23,1,163.332519883,8
v1.1,23,2,165.713300448,8
v1.1,23,3,106.536316346,8
v1.1,24,1,96.520253832,8
v1.1,24,2,152.06900408,8
v1.1,24,3,229.766398824,8
v1.1,25,1,72.726628134,8
v1.1,25,2,11.145548797,8
v1.1,25,3,306.449482406,8
v1.1,4,1,0.002097157,8
v1.1,5,1,0.004180165,8
v1.1,6,1,0.011981259,8
v1.1,6,2,0.021701186,8
v1.1,7,1,0.042066985,8
v1.1,7,2,0.062272263,8
v1.1,8,1,0.046585572,8
v1.1,8,2,0.259936741,8
v1.1,9,1,0.263503236,8
v1.1,9,2,0.211862414,8
v1.1,9,3,0.340510332,8
v1.1,10,1,0.359851311,8
v1.1,10,2,0.180782308,8
v1.1,10,3,1.384976649,8
v1.1,11,1,1.432603847,8
v1.1,11,2,1.397634434,8
v1.1,11,3,0.551130518,8
v1.1,12,1,4.113601094,8
v1.1,12,2,2.396565665,8
v1.1,12,3,0.877017932,8
v1.1,13,1,1.114484512,8
v1.1,13,2,3.28624415,8
v1.1,13,3,8.590347896,8
v1.1,14,1,1.884584641,8
v1.1,14,2,10.212818537,8
v1.1,14,3,7.164262872,8
v1.1,15,1,4.254904242,8
v1.1,15,2,7.364952261,8
v1.1,15,3,5.614078403,8
v1.1,16,1,6.802386405,8
v1.1,16,2,18.430537545,8
v1.1,16,3,10.539493897,8
v1.1,17,1,9.590504661,8
v1.1,17,2,6.484102386,8
v1.1,17,3,23.936704594,8
v1.1,18,1,5.41835777,8
v1.1,18,2,11.648803852,8
v1.1,18,3,53.939171681,8
v1.1,19,1,15.242070502,8
v1.1,19,2,30.895763102,8
v1.1,19,3,24.048868014,8
v1.1,20,1,61.96461886,8
v1.1,20,2,71.338255202,8
v1.1,20,3,11.719675647,8
v1.1,21,1,47.567592207,8
v1.1,21,2,35.919738351,8
v1.1,21,3,18.712916267,8
v1.1,22,1,111.791904007,8
v1.1,22,2,19.292855426,8
v1.1,22,3,48.948650644,8
v1.1,23,1,82.214756048,8
v1.1,23,2,68.766647697,8
v1.1,23,3,70.363770252,8
v1.1,24,1,49.472096044,8
v1.1,24,2,101.568207064,8
v1.1,24,3,221.879198028,8
v1.1,25,1,101.25105644,8
v1.1,25,2,128.124748466,8
v1.1,25,3,139.222547424,8
v1.1,4,1,0.002926613,8
v1.1,5,1,0.00600037,8
v1.1,6,1,0.020825641,8
v1.1,6,2,0.043116481,8
v1.1,7,1,0.03477245,8
v1.1,7,2,0.139045094,8
v1.1,8,1,0.289287475,8
v1.1,8,2,0.163902126,8
v1.1,9,1,0.444641598,8
v1.1,9,2,0.31408573,8
v1.1,9,3,0.284662246,8
v1.1,10,1,0.602613384,8
v1.1,10,2,0.272858564,8
v1.1,10,3,1.086155416,8
v1.1,11,1,1.381530898,8
v1.1,11,2,0.355149077,8
v1.1,11,3,0.394952244,8
v1.1,12,1,0.856095975,8
v1.1,12,2,4.17381358,8
v1.1,12,3,2.890464729,8
v1.1,13,1,3.014841661,8
v1.1,13,2,3.583599392,8
v1.1,13,3,0.390618217,8
v1.1,14,1,0.283138458,8
v1.1,14,2,7.276361128,8
v1.1,14,3,2.156204803,8
v1.1,15,1,3.519656515,8
v1.1,15,2,4.267992877,8
v1.1,15,3,21.67874834,8
v1.1,16,1,8.523768429,8
v1.1,16,2,2.860976535,8
v1.1,16,3,3.941473199,8
v1.1,17,1,7.049651256,8
v1.1,17,2,15.469240316,8
v1.1,17,3,13.626962574,8
v1.1,18,1,21.350130252,8
v1.1,18,2,18.149879506,8
v1.1,18,3,35.199589265,8
v1.1,19,1,43.157466169,8
v1.1,19,2,14.745327662,8
v1.1,19,3,52.877912795,8
v1.1,20,1,27.67322031,8
v1.1,20,2,48.960553934,8
v1.1,20,3,14.500823376,8
v1.1,21,1,4.585543083,8
v1.1,21,2,41.860381892,8
v1.1,21,3,38.628995554,8
v1.1,22,1,46.897548388,8
v1.1,22,2,31.038193075,8
v1.1,22,3,25.210174106,8
v1.1,23,1,130.412556142,8
v1.1,23,2,6.911553659,8
v1.1,23,3,140.439776111,8
v1.1,24,1,117.846859744,8
v1.1,24,2,66.621368495,8
v1.1,24,3,43.285062885,8
v1.1,25,1,222.305876692,8
v1.1,25,2,55.486854899,8
v1.1,25,3,114.601534104,8
v1.1,4,1,0.002200652,8
v1.1,5,1,0.00162085,8
v1.1,6,1,0.03245918,8
v1.1,6,2,0.021559686,8
v1.1,7,1,0.039495768,8
v1.1,7,2,0.208003587,8
v1.1,8,1,0.236444851,8
v1.1,8,2,0.132253122,8
v1.1,9,1,0.447964068,8
v1.1,9,2,0.186490937,8
v1.1,10,1,0.247968161,8
v1.1,10,2,0.396296457,8
v1.1,10,3,1.074716016,8
v1.1,11,1,0.44440293,8
v1.1,11,2,1.407718727,8
v1.1,11,3,0.699790201,8
v1.1,12,1,1.591970465,8
v1.1,12,2,2.75421068,8
v1.1,12,3,2.370614514,8
v1.1,13,1,1.045979806,8
v1.1,13,2,5.386050568,8
v1.1,13,3,11.419935907,8
v1.1,14,1,1.952412881,8
v1.1,14,2,5.763997283,8
v1.1,14,3,4.901506432,8
v1.1,15,1,6.874044008,8
v1.1,15,2,6.68332175,8
v1.1,15,3,6.745748609,8
v1.1,16,1,4.50044366,8
v1.1,16,2,7.916120384,8
v1.1,16,3,10.587282078,8
v1.1,17,1,12.34557907,8
v1.1,17,2,20.545741877,8
v1.1,17,3,4.902275746,8
v1.1,18,1,39.901468598,8
v1.1,18,2,24.62310702,8
v1.1,18,3,56.772323751,8
v1.1,19,1,9.021504487,8
v1.1,19,2,46.652901616,8
v1.1,19,3,8.983369177,8
v1.1,20,1,30.114041194,8
v1.1,20,2,50.004207901,8
v1.1,20,3,38.799134146,8
v1.1,21,1,35.892109968,8
v1.1,21,2,67.799064529,8
v1.1,21,3,18.699607273,8
v1.1,22,1,54.436993903,8
v1.1,22,2,124.152137602,8
v1.1,22,3,46.366753357,8
v1.1,23,1,4.50808687,8
v1.1,23,2,55.183350441,8
v1.1,23,3,80.527956284,8
v1.1,24,1,30.703144887,8
v1.1,24,2,43.916792985,8
v1.1,24,3,165.138952714,8
v1.1,25,1,82.610161179,8
v1.1,25,2,156.516665722,8
v1.1,25,3,149.032797617,8
v1.1,4,1,0.00395512,8
v1.1,5,1,0.004859779,8
v1.1,6,1,0.018559409,8
v1.1,6,2,0.069061245,8
v1.1,7,1,0.044529912,8
v1.1,7,2,0.02583858,8
v1.1,8,1,0.142761072,8
v1.1,8,2,0.312753277,8
v1.1,9,1,0.225635323,8
v1.1,9,2,0.866731459,8
v1.1,9,3,0.066086891,8
v1.1,10,1,0.055918256,8
v1.1,10,2,0.125127769,8
v1.1,10,3,0.8424789,8
v1.1,11,1,1.255324503,8
v1.1,11,2,0.28348769,8
v1.1,11,3,0.297544543,8
v1.1,12,1,1.402655177,8
v1.1,12,2,2.336095862,8
v1.1,12,3,0.945734184,8
v1.1,13,1,2.32824331,8
v1.1,13,2,3.44177716,8
v1.1,13,3,1.497840725,8
v1.1,14,1,2.770825853,8
v1.1,14,2,8.633838894,8
v1.1,14,3,7.292765199,8
v1.1,15,1,6.540364315,8
v1.1,15,2,5.281129342,8
v1.1,15,3,29.161092605,8
v1.1,16,1,2.264883903,8
v1.1,16,2,0.949565855,8
v1.1,16,3,4.510443203,8
v1.1,17,1,21.327944238,8
v1.1,17,2,8.275487671,8
v1.1,17,3,5.606050671,8
v1.1,18,1,10.388645173,8
v1.1,18,2,58.18690421,8
v1.1,18,3,8.600817594,8
v1.1,19,1,45.70985138,8
v1.1,19,2,78.535323327,8
v1.1,19,3,13.336358255,8
v1.1,20,1,42.938809021,8
v1.1,20,2,66.246928152,8
v1.1,20,3,47.84834874,8
v1.1,21,1,67.11681989,8
v1.1,21,2,107.090705895,8
v1.1,21,3,79.102396361,8
v1.1,22,1,76.975947529,8
v1.1,22,2,49.641544963,8
v1.1,22,3,33.443691437,8
v1.1,23,1,68.335764142,8
v1.1,23,2,112.378465997,8
v1.1,23,3,67.615939296,8
v1.1,24,1,140.934969302,8
v1.1,24,2,23.84778303,8
v1.1,24,3,135.756161858,8
v1.1,25,1,78.479576269,8
v1.1,25,2,99.583615278,8
v1.1,25,3,116.876543585,8
v1.1,4,1,0.001207346,8
v1.1,5,1,0.002719572,8
v1.1,6,1,0.006794636,8
v1.1,6,2,0.012153157,8
v1.1,7,1,0.008483097,8
v1.1,7,2,0.008580667,8
v1.1,8,1,0.037420977,8
v1.1,8,2,0.185756489,8
v1.1,9,1,0.143381619,8
v1.1,9,2,0.156150213,8
v1.1,9,3,0.173566326,8
v1.1,10,1,1.083612392,8
v1.1,10,2,0.284139195,8
v1.1,10,3,1.178810095,8
v1.1,11,1,1.261077934,8
v1.1,11,2,0.424514875,8
v1.1,11,3,1.571505979,8
v1.1,12,1,3.153798219,8
v1.1,12,2,6.458630879,8
v1.1,12,3,3.097516281,8
v1.1,13,1,2.008001205,8
v1.1,13,2,3.047694684,8
v1.1,13,3,4.513881152,8
v1.1,14,1,2.899989732,8
v1.1,14,2,5.797490167,8
v1.1,14,3,2.235999609,8
v1.1,15,1,5.330303448,8
v1.1,15,2,9.853181684,8
v1.1,15,3,7.960504247,8
v1.1,16,1,23.839471209,8
v1.1,16,2,3.575963617,8
v1.1,16,3,14.437436836,8
v1.1,17,1,15.057312802,8
v1.1,17,2,7.879737159,8
v1.1,17,3,57.128541444,8
v1.1,18,1,40.463825492,8
v1.1,18,2,18.741731844,8
v1.1,18,3,31.950797175,8
v1.1,19,1,46.286816426,8
v1.1,19,2,22.964907432,8
v1.1,19,3,51.729105213,8
v1.1,20,1,24.12773399,8
v1.1,20,2,66.509940273,8
v1.1,20,3,128.109161684,8
v1.1,21,1,34.367079903,8
v1.1,21,2,41.57354817,8
v1.1,21,3,63.021250018,8
v1.1,22,1,61.797031283,8
v1.1,22,2,59.238244068,8
v1.1,22,3,108.462469112,8
v1.1,23,1,125.301509027,8
v1.1,23,2,23.688913509,8
v1.1,23,3,63.75122057,8
v1.1,24,1,113.192869108,8
v1.1,24,2,121.042816542,8
v1.1,24,3,146.594882471,8
v1.1,25,1,50.724522397,8
v1.1,25,2,185.581883073,8
v1.1,25,3,264.605109856,8
v1.1,4,1,0.002301749,8
v1.1,5,1,0.003093548,8
v1.1,6,1,0.01064261,8
v1.1,6,2,0.055071862,8
v1.1,7,1,0.029026989,8
v1.1,7,2,0.035926512,8
v1.1,8,1,0.186346562,8
v1.1,8,2,0.208583279,8
v1.1,9,1,0.442022551,8
v1.1,9,2,0.294454612,8
v1.1,9,3,0.3315151,8
v1.1,10,1,1.049515021,8
v1.1,10,2,0.353652704,8
v1.1,10,3,0.332500822,8
v1.1,11,1,1.669126892,8
v1.1,11,2,2.621368581,8
v1.1,11,3,4.472204997,8
v1.1,12,1,2.457360469,8
v1.1,12,2,1.829315019,8
v1.1,12,3,1.173080048,8
v1.1,13,1,1.331335977,8
v1.1,13,2,2.530310524,8
v1.1,13,3,0.50751389,8
v1.1,14,1,3.469215439,8
v1.1,14,2,10.7242515,8
v1.1,14,3,13.477090851,8
v1.1,15,1,7.683903797,8
v1.1,15,2,1.778522539,8
v1.1,15,3,4.561533751,8
v1.1,16,1,13.098174439,8
v1.1,16,2,3.967355999,8
v1.1,16,3,4.038453056,8
v1.1,17,1,5.37860976,8
v1.1,17,2,12.539379466,8
v1.1,17,3,38.505704373,8
v1.1,18,1,2.447214794,8
v1.1,18,2,20.160183806,8
v1.1,18,3,24.650988151,8
v1.1,19,1,14.101266682,8
v1.1,19,2,55.006777666,8
v1.1,19,3,10.969075735,8
v1.1,20,1,14.095507854,8
v1.1,20,2,35.237524423,8
v1.1,20,3,27.583777554,8
v1.1,21,1,28.733411695,8
v1.1,21,2,43.372878642,8
v1.1,21,3,46.303878766,8
v1.1,22,1,23.270172167,8
v1.1,22,2,88.865595499,8
v1.1,22,3,133.423514534,8
v1.1,23,1,62.819248341,8
v1.1,23,2,124.958538635,8
v1.1,23,3,33.988675948,8
v1.1,24,1,79.452478968,8
v1.1,24,2,144.831391885,8
v1.1,24,3,117.643061319,8
v1.1,25,1,55.345110184,8
v1.1,25,2,178.412536649,8
v1.1,25,3,36.551876535,8
v1.1,4,1,0.003404855,8
v1.1,5,1,0.002911233,8
v1.1,6,1,0.00906391,8
v1.1,6,2,0.028918768,8
v1.1,7,1,0.01915161,8
v1.1,7,2,0.043563555,8
v1.1,8,1,0.066119028,8
v1.1,8,2,0.031750762,8
v1.1,9,1,0.232275335,8
v1.1,9,2,0.494596548,8
v1.1,9,3,0.388291309,8
v1.1,10,1,0.540504048,8
v1.1,10,2,0.335837131,8
v1.1,10,3,1.048556924,8
v1.1,11,1,0.597054283,8
v1.1,11,2,2.416119827,8
v1.1,11,3,1.347518124,8
v1.1,12,1,0.17113872,8
v1.1,12,2,1.944527211,8
v1.1,12,3,1.916654189,8
v1.1,13,1,3.04905901,8
v1.1,13,2,5.255504039,8
v1.1,13,3,3.087584028,8
v1.1,14,1,6.476794702,8
v1.1,14,2,4.192381821,8
v1.1,14,3,3.842158053,8
v1.1,15,1,5.371386973,8
v1.1,15,2,9.164260638,8
v1.1,15,3,12.68568624,8
v1.1,16,1,8.769364176,8
v1.1,16,2,12.471388718,8
v1.1,16,3,12.704479282,8
v1.1,17,1,23.885912588,8
v1.1,17,2,10.320515368,8
v1.1,17,3,18.42234093,8
v1.1,18,1,13.082880164,8
v1.1,18,2,7.140547448,8
v1.1,18,3,18.780766273,8
v1.1,19,1,10.227989623,8
v1.1,19,2,9.769534565,8
v1.1,19,3,85.39606557,8
v1.1,20,1,22.71768755,8
v1.1,20,2,3.487695098,8
v1.1,20,3,27.098065078,8
v1.1,21,1,23.948764381,8
v1.1,21,2,47.95571981,8
v1.1,21,3,63.31962923,8
v1.1,22,1,23.659344405,8
v1.1,22,2,5.259786677,8
v1.1,22,3,40.131944382,8
v1.1,23,1,95.491056255,8
v1.1,23,2,16.30296179,8
v1.1,23,3,159.857989349,8
v1.1,24,1,114.327329885,8
v1.1,24,2,108.065418014,8
v1.1,24,3,157.684714779,8
v1.1,25,1,124.251600279,8
v1.1,25,2,256.413657652,8
v1.1,25,3,33.62081471,8
v1.1,4,1,0.002008854,8
v1.1,5,1,0.004162047,8
v1.1,6,1,0.005028228,8
v1.1,6,2,0.031146833,8
v1.1,7,1,0.023194859,8
v1.1,7,2,0.074781379,8
v1.1,8,1,0.056057733,8
v1.1,8,2,0.12689901,8
v1.1,9,1,0.096990138,8
v1.1,9,2,0.284602017,8
v1.1,9,3,0.270547912,8
v1.1,10,1,0.49310683,8
v1.1,10,2,0.745452241,8
v1.1,10,3,0.649268076,8
v1.1,11,1,0.09581019,8
v1.1,11,2,0.495424514,8
v1.1,11,3,1.011007002,8
v1.1,12,1,3.678777085,8
v1.1,12,2,0.756294651,8
v1.1,12,3,2.891887735,8
v1.1,13,1,4.312280361,8
v1.1,13,2,3.633369804,8
v1.1,13,3,3.004278528,8
v1.1,14,1,12.195781531,8
v1.1,14,2,6.641256935,8
v1.1,14,3,4.125379723,8
v1.1,15,1,3.958560634,8
v1.1,15,2,13.524796457,8
v1.1,15,3,10.011232907,8
v1.1,16,1,4.387321078,8
v1.1,16,2,11.902439289,8
v1.1,16,3,13.435454858,8
v1.1,17,1,15.231324086,8
v1.1,17,2,38.680370213,8
v1.1,17,3,19.611816754,8
v1.1,18,1,19.138886508,8
v1.1,18,2,26.523872554,8
v1.1,18,3,8.283094203,8
v1.1,19,1,12.313964152,8
v1.1,19,2,30.347438581,8
v1.1,19,3,26.728262893,8
v1.1,20,1,28.775370557,8
v1.1,20,2,36.279114777,8
v1.1,20,3,47.82272528,8
v1.1,21,1,60.080568623,8
v1.1,21,2,27.978710429,8
v1.1,21,3,34.038099094,8
v1.1,22,1,11.218980049,8
v1.1,22,2,81.628343393,8
v1.1,22,3,28.596829339,8
v1.1,23,1,75.180515284,8
v1.1,23,2,82.883531246,8
v1.1,23,3,7.857631234,8
v1.1,24,1,62.913788578,8
v1.1,24,2,87.305760096,8
v1.1,24,3,14.119541577,8
v1.1,25,1,164.647112846,8
v1.1,25,2,275.804865978,8
v1.1,25,3,92.627950386,8
v1.1,4,1,0.001561705,8
v1.1,5,1,0.005347178,8
v1.1,6,1,0.016469126,8
v1.1,7,1,0.053416673,8
v1.1,7,2,0.070256114,8
v1.1,8,1,0.05168946,8
v1.1,8,2,0.06635196,8
v1.1,9,1,0.394627348,8
v1.1,9,2,0.154784985,8
v1.1,9,3,0.298908031,8
v1.1,10,1,0.275636534,8
v1.1,10,2,1.1472089,8
v1.1,10,3,0.355148419,8
v1.1,11,1,0.222407899,8
v1.1,11,2,0.186901509,8
v1.1,11,3,1.663207135,8
v1.1,12,1,0.815737602,8
v1.1,12,2,0.197361642,8
v1.1,12,3,1.344340386,8
v1.1,13,1,3.152762196,8
v1.1,13,2,4.930900802,8
v1.1,13,3,4.01979423,8
v1.1,14,1,5.221850194,8
v1.1,14,2,1.748925151,8
v1.1,14,3,10.385884712,8
v1.1,15,1,7.022702166,8
v1.1,15,2,13.445368255,8
v1.1,15,3,2.953202808,8
v1.1,16,1,13.079678011,8
v1.1,16,2,23.558096654,8
v1.1,16,3,17.726411602,8
v1.1,17,1,1.204448582,8
v1.1,17,2,30.769686265,8
v1.1,17,3,5.708946394,8
v1.1,18,1,12.699286074,8
v1.1,18,2,28.738585926,8
v1.1,18,3,37.97954022,8
v1.1,19,1,13.119277926,8
v1.1,19,2,12.590412084,8
v1.1,19,3,14.315877923,8
v1.1,20,1,8.221309716,8
v1.1,20,2,47.142884275,8
v1.1,20,3,109.851678129,8
v1.1,21,1,46.791322763,8
v1.1,21,2,46.715272153,8
v1.1,21,3,67.753426439,8
v1.1,22,1,46.246136499,8
v1.1,22,2,82.740034258,8
v1.1,22,3,60.407019496,8
v1.1,23,1,136.408594512,8
v1.1,23,2,24.97301382,8
v1.1,23,3,81.938498365,8
v1.1,24,1,126.177277596,8
v1.1,24,2,126.225409707,8
v1.1,24,3,141.300237299,8
v1.1,25,1,23.381298572,8
v1.1,25,2,100.72131227,8
v1.1,25,3,231.810186346,8
v1.1,4,1,0.002534977,8
v1.1,5,1,0.003174218,8
v1.1,6,1,0.022977122,8
v1.1,6,2,0.007481908,8
v1.1,7,1,0.044295609,8
v1.1,7,2,0.008308003,8
v1.1,8,1,0.057618606,8
v1.1,8,2,0.115850494,8
v1.1,9,1,0.138664142,8
v1.1,9,2,0.318064807,8
v1.1,9,3,0.167082859,8
v1.1,10,1,0.289294699,8
v1.1,10,2,0.658837572,8
v1.1,10,3,2.408044512,8
v1.1,11,1,1.106486959,8
v1.1,11,2,0.52109831,8
v1.1,11,3,0.168646273,8
v1.1,12,1,1.346370832,8
v1.1,12,2,2.192302609,8
v1.1,12,3,1.238276169,8
v1.1,13,1,5.1818367,8
v1.1,13,2,3.73971147,8
v1.1,13,3,3.102221262,8
v1.1,14,1,3.20004426,8
v1.1,14,2,4.075549252,8
v1.1,14,3,7.641487656,8
v1.1,15,1,4.149757453,8
v1.1,15,2,10.222832779,8
v1.1,15,3,27.167184134,8
v1.1,16,1,10.297861215,8
v1.1,16,2,12.140079691,8
v1.1,16,3,23.869749626,8
v1.1,17,1,16.346108591,8
v1.1,17,2,19.41844078,8
v1.1,17,3,18.908782281,8
v1.1,18,1,14.255396189,8
v1.1,18,2,36.100141678,8
v1.1,18,3,57.69465059,8
v1.1,19,1,27.773423543,8
v1.1,19,2,46.036179148,8
v1.1,19,3,10.819477287,8
v1.1,20,1,36.647724365,8
v1.1,20,2,49.841315155,8
v1.1,20,3,32.215813717,8
v1.1,21,1,30.317831109,8
v1.1,21,2,14.964628527,8
v1.1,21,3,23.317152226,8
v1.1,22,1,70.212107802,8
v1.1,22,2,51.399716975,8
v1.1,22,3,70.497041763,8
v1.1,23,1,129.213121037,8
v1.1,23,2,32.373352701,8
v1.1,23,3,95.992560463,8
v1.1,24,1,161.298020789,8
v1.1,24,2,61.619400353,8
v1.1,24,3,59.465462772,8
v1.1,25,1,192.801643038,8
v1.1,25,2,9.977578458,8
v1.1,25,3,240.408549801,8
v1.1,4,1,0.002542462,8
v1.1,5,1,0.004742581,8
v1.1,6,1,0.016366597,8
v1.1,6,2,0.011490718,8
v1.1,7,1,0.099004303,8
v1.1,7,2,0.05027948,8
v1.1,8,1,0.256803831,8
v1.1,8,2,0.292272885,8
v1.1,9,1,0.297870305,8
v1.1,9,2,0.371125848,8
v1.1,9,3,0.627491592,8
v1.1,10,1,0.34515394,8
v1.1,10,2,0.661952529,8
v1.1,10,3,0.697846468,8
v1.1,11,1,0.361659508,8
v1.1,11,2,0.158559089,8
v1.1,11,3,1.247384149,8
v1.1,12,1,0.79509941,8
v1.1,12,2,2.966776904,8
v1.1,12,3,4.951558541,8
v1.1,13,1,2.350373427,8
v1.1,13,2,1.181036912,8
v1.1,13,3,9.740042043,8
v1.1,14,1,4.770688692,8
v1.1,14,2,6.141695238,8
v1.1,14,3,11.860268678,8
v1.1,15,1,4.691511437,8
v1.1,15,2,10.882276731,8
v1.1,15,3,8.58224044,8
v1.1,16,1,3.074709159,8
v1.1,16,2,4.736611947,8
v1.1,16,3,3.054799644,8
v1.1,17,1,13.43519854,8
v1.1,17,2,30.566341859,8
v1.1,17,3,4.425289556,8
v1.1,18,1,19.909356907,8
v1.1,18,2,32.964258625,8
v1.1,18,3,28.595598675,8
v1.1,19,1,32.922637879,8
v1.1,19,2,2.32158385,8
v1.1,19,3,54.333799305,8
v1.1,20,1,28.63887006,8
v1.1,20,2,42.610477032,8
v1.1,20,3,52.120608149,8
v1.1,21,1,30.560655316,8
v1.1,21,2,47.445639967,8
v1.1,21,3,44.986456936,8
v1.1,22,1,60.333106421,8
v1.1,22,2,110.682176851,8
v1.1,22,3,5.846801252,8
v1.1,23,1,39.887490159,8
v1.1,23,2,70.455106156,8
v1.1,23,3,21.401121099,8
v1.1,24,1,47.894268155,8
v1.1,24,2,177.090739496,8
v1.1,24,3,157.867894712,8
v1.1,25,1,138.299917773,8
v1.1,25,2,178.247198582,8
v1.1,25,3,144.188837627,8
v1.1,4,1,0.002360722,8
v1.1,5,1,0.005015969,8
v1.1,6,1,0.008283147,8
v1.1,6,2,0.014469432,8
v1.1,7,1,0.069237969,8
v1.1,7,2,0.04022585,8
v1.1,8,1,0.069295419,8
v1.1,8,2,0.222697531,8
v1.1,9,1,0.268891104,8
v1.1,9,2,0.172584804,8
v1.1,9,3,0.101177253,8
v1.1,10,1,0.581607268,8
v1.1,10,2,1.003787227,8
v1.1,10,3,0.709926166,8
v1.1,11,1,0.800927816,8
v1.1,11,2,0.128650919,8
v1.1,11,3,1.158071177,8
v1.1,12,1,1.559090924,8
v1.1,12,2,2.637628917,8
v1.1,12,3,3.506807561,8
v1.1,13,1,4.159911783,8
v1.1,13,2,5.462705848,8
v1.1,13,3,5.237224837,8
v1.1,14,1,1.739131267,8
v1.1,14,2,0.715674404,8
v1.1,14,3,8.151951924,8
v1.1,15,1,4.695382792,8
v1.1,15,2,19.439316004,8
v1.1,15,3,4.759176141,8
v1.1,16,1,17.883742162,8
v1.1,16,2,7.230604663,8
v1.1,16,3,24.129031608,8
v1.1,17,1,4.453905745,8
v1.1,17,2,8.471632047,8
v1.1,17,3,5.233884969,8
v1.1,18,1,35.890433763,8
v1.1,18,2,11.623347285,8
v1.1,18,3,9.05704444,8
v1.1,19,1,56.382514169,8
v1.1,19,2,21.419306531,8
v1.1,19,3,60.856598096,8
v1.1,20,1,2.634074306,8
v1.1,20,2,43.465332085,8
v1.1,20,3,116.486867463,8
v1.1,21,1,60.514131141,8
v1.1,21,2,81.048671632,8
v1.1,21,3,65.69932527,8
v1.1,22,1,26.460457632,8
v1.1,22,2,66.043376732,8
v1.1,22,3,38.360476452,8
v1.1,23,1,81.932348816,8
v1.1,23,2,17.235392663,8
v1.1,23,3,58.769359394,8
v1.1,24,1,86.441094481,8
v1.1,24,2,5.617331408,8
v1.1,24,3,41.036381146,8
v1.1,25,1,161.47624081,8
v1.1,25,2,284.746147719,8
v1.1,25,3,111.80897743,8
v1.1,4,1,0.002353875,8
v1.1,5,1,0.004505424,8
v1.1,6,1,0.011832736,8
v1.1,6,2,0.011323662,8
v1.1,7,1,0.054436475,8
v1.1,7,2,0.032022384,8
v1.1,8,1,0.084881586,8
v1.1,8,2,0.153166205,8
v1.1,9,1,0.474062092,8
v1.1,9,2,0.529720225,8
v1.1,9,3,0.274149678,8
v1.1,10,1,0.052141093,8
v1.1,10,2,0.57478494,8
v1.1,10,3,0.079274827,8
v1.1,11,1,0.593839211,8
v1.1,11,2,1.314786552,8
v1.1,11,3,2.45165903,8
v1.1,12,1,2.378537632,8
v1.1,12,2,3.23555291,8
v1.1,12,3,1.676631913,8
v1.1,13,1,0.450489713,8
v1.1,13,2,2.271598355,8
v1.1,13,3,2.594350646,8
v1.1,14,1,2.60884367,8
v1.1,14,2,5.540603656,8
v1.1,14,3,15.721967141,8
v1.1,15,1,3.114825055,8
v1.1,15,2,9.575757016,8
v1.1,15,3,15.19352952,8
v1.1,16,1,10.23405968,8
v1.1,16,2,6.703488506,8
v1.1,16,3,5.614517302,8
v1.1,17,1,2.828928169,8
v1.1,17,2,34.815799689,8
v1.1,17,3,9.032869414,8
v1.1,18,1,3.784683377,8
v1.1,18,2,18.406069428,8
v1.1,18,3,8.499021293,8
v1.1,19,1,52.674903246,8
v1.1,19,2,22.045839342,8
v1.1,19,3,25.756167258,8
v1.1,20,1,27.245734784,8
v1.1,20,2,40.647719485,8
v1.1,20,3,3.405525422,8
v1.1,21,1,33.603515562,8
v1.1,21,2,37.107898327,8
v1.1,21,3,4.270217653,8
v1.1,22,1,93.774823118,8
v1.1,22,2,73.939936664,8
v1.1,22,3,31.045657179,8
v1.1,23,1,87.41368008,8
v1.1,23,2,66.239453622,8
v1.1,23,3,250.491312002,8
v1.1,24,1,42.912651481,8
v1.1,24,2,121.973540323,8
v1.1,24,3,92.986958313,8
v1.1,25,1,104.279798035,8
v1.1,25,2,97.960352246,8
v1.1,25,3,289.291612772,8
v1.1,4,1,0.002035658,8
v1.1,5,1,0.006773664,8
v1.1,6,1,0.010780993,8
v1.1,6,2,0.013865461,8
v1.1,7,1,0.009404386,8
v1.1,7,2,0.060119504,8
v1.1,8,1,0.12327181,8
v1.1,8,2,0.092594643,8
v1.1,9,1,0.167989627,8
v1.1,9,2,0.237339174,8
v1.1,9,3,0.386616045,8
v1.1,10,1,0.770519347,8
v1.1,10,2,0.434357098,8
v1.1,10,3,0.474421238,8
v1.1,11,1,0.644118693,8
v1.1,11,2,1.912323679,8
v1.1,11,3,1.453675734,8
v1.1,12,1,0.925238944,8
v1.1,12,2,1.312597941,8
v1.1,12,3,4.53074917,8
v1.1,13,1,1.543852798,8
v1.1,13,2,1.553707605,8
v1.1,13,3,3.993762134,8
v1.1,14,1,2.13437665,8
v1.1,14,2,10.51080388,8
v1.1,14,3,2.74489129,8
v1.1,15,1,4.83365157,8
v1.1,15,2,6.458210754,8
v1.1,15,3,8.20750773,8
v1.1,16,1,8.833092353,8
v1.1,16,2,7.231558623,8
v1.1,16,3,11.560187704,8
v1.1,17,1,5.369384968,8
v1.1,17,2,14.058330348,8
v1.1,17,3,23.641360135,8
v1.1,18,1,7.43590586,8
v1.1,18,2,30.02023701,8
v1.1,18,3,56.562955196,8
v1.1,19,1,12.566084203,8
v1.1,19,2,49.722033152,8
v1.1,19,3,48.041229552,8
v1.1,20,1,22.281277945,8
v1.1,20,2,11.326894289,8
v1.1,20,3,78.884444525,8
v1.1,21,1,39.95599795,8
v1.1,21,2,45.928544448,8
v1.1,21,3,37.053713886,8
v1.1,22,1,71.108498806,8
v1.1,22,2,22.116828852,8
v1.1,22,3,112.679408645,8
v1.1,23,1,175.498871229,8
v1.1,23,2,7.691496834,8
v1.1,23,3,113.581040636,8
v1.1,24,1,99.694717028,8
v1.1,24,2,201.522618057,8
v1.1,24,3,84.164408989,8
v1.1,25,1,108.144141852,8
v1.1,25,2,290.636836736,8
v1.1,25,3,13.213345273,8
v1.1,4,1,0.00193614,8
v1.1,5,1,0.005009011,8
v1.1,6,1,0.012171177,8
v1.1,6,2,0.004328546,8
v1.1,7,1,0.038204955,8
v1.1,7,2,0.067256943,8
v1.1,8,1,0.139523951,8
v1.1,8,2,0.158827214,8
v1.1,9,1,0.248577354,8
v1.1,9,2,0.507805736,8
v1.1,9,3,1.076223006,8
v1.1,10,1,0.331557103,8
v1.1,10,2,0.934991301,8
v1.1,10,3,0.545476078,8
v1.1,11,1,1.104839203,8
v1.1,11,2,1.574889789,8
v1.1,11,3,2.870031039,8
v1.1,12,1,2.195929679,8
v1.1,12,2,2.72207586,8
v1.1,12,3,0.752757343,8
v1.1,13,1,1.142929615,8
v1.1,13,2,3.990474118,8
v1.1,13,3,3.324670135,8
v1.1,14,1,3.135406725,8
v1.1,14,2,5.681176994,8
v1.1,14,3,3.191939929,8
v1.1,15,1,8.761042635,8
v1.1,15,2,6.850988399,8
v1.1,15,3,6.03170588,8
v1.1,16,1,14.772073016,8
v1.1,16,2,5.776904259,8
v1.1,16,3,1.789991237,8
v1.1,17,1,8.041109911,8
v1.1,17,2,10.065543613,8
v1.1,17,3,16.151178283,8
v1.1,18,1,6.501819334,8
v1.1,18,2,23.530754594,8
v1.1,18,3,49.876542463,8
v1.1,19,1,21.613080644,8
v1.1,19,2,37.097356765,8
v1.1,19,3,12.521581317,8
v1.1,20,1,47.957464925,8
v1.1,20,2,21.904236912,8
v1.1,20,3,54.722086452,8
v1.1,21,1,49.640727014,8
v1.1,21,2,30.993347756,8
v1.1,21,3,67.489147682,8
v1.1,22,1,150.308121696,8
v1.1,22,2,135.047446606,8
v1.1,22,3,94.940434067,8
v1.1,23,1,55.785611086,8
v1.1,23,2,127.49164944,8
v1.1,23,3,16.129670996,8
v1.1,24,1,35.819392289,8
v1.1,24,2,69.314282736,8
v1.1,24,3,37.224040083,8
v1.1,25,1,116.378973398,8
v1.1,25,2,82.931072944,8
v1.1,25,3,8.721650455,8
v1.1,4,1,0.001245921,8
v1.1,5,1,0.005333878,8
v1.1,6,1,0.010353829,8
v1.1,6,2,0.016183482,8
v1.1,7,1,0.052771371,8
v1.1,7,2,0.06320834,8
v1.1,8,1,0.06867651,8
v1.1,8,2,0.056693767,8
v1.1,9,1,0.287558574,8
v1.1,9,2,0.157806403,8
v1.1,9,3,0.150515987,8
v1.1,10,1,0.769710744,8
v1.1,10,2,0.282693021,8
v1.1,10,3,1.925658229,8
v1.1,11,1,1.036316619,8
v1.1,11,2,2.485990489,8
v1.1,11,3,0.143282871,8
v1.1,12,1,2.099642284,8
v1.1,12,2,3.111945436,8
v1.1,12,3,5.835795623,8
v1.1,13,1,1.424750617,8
v1.1,13,2,1.737199415,8
v1.1,13,3,2.839168037,8
v1.1,14,1,4.802396765,8
v1.1,14,2,18.245167879,8
v1.1,14,3,2.18950424,8
v1.1,15,1,0.763112273,8
v1.1,15,2,3.930445413,8
v1.1,15,3,3.174743369,8
v1.1,16,1,0.818757393,8
v1.1,16,2,13.362562676,8
v1.1,16,3,8.188452378,8
v1.1,17,1,0.790307679,8
v1.1,17,2,1.107408347,8
v1.1,17,3,32.450426739,8
v1.1,18,1,13.233362598,8
v1.1,18,2,10.059712914,8
v1.1,18,3,41.87018589,8
v1.1,19,1,14.292902619,8
v1.1,19,2,26.681687555,8
v1.1,19,3,85.706084053,8
v1.1,20,1,32.10407275,8
v1.1,20,2,39.478263262,8
v1.1,20,3,116.483588806,8
v1.1,21,1,51.019767237,8
v1.1,21,2,33.287851415,8
v1.1,21,3,121.157243449,8
v1.1,22,1,66.905905449,8
v1.1,22,2,87.978788311,8
v1.1,22,3,161.788548329,8
v1.1,23,1,166.331946222,8
v1.1,23,2,122.624433343,8
v1.1,23,3,46.454226237,8
v1.1,24,1,119.209620523,8
v1.1,24,2,14.764711296,8
v1.1,24,3,177.149130471,8
v1.1,25,1,42.982768884,8
v1.1,25,2,310.836581463,8
v1.1,25,3,211.007790045,8
v1.1,4,1,0.003095504,8
v1.1,5,1,0.006538034,8
v1.1,6,1,0.019325747,8
v1.1,6,2,0.043191049,8
v1.1,7,1,0.076713358,8
v1.1,7,2,0.06864707,8
v1.1,8,1,0.221083204,8
v1.1,8,2,0.114772505,8
v1.1,9,1,0.202958603,8
v1.1,9,2,0.377340217,8
v1.1,9,3,0.401203234,8
v1.1,10,1,0.566782192,8
v1.1,10,2,0.750286208,8
v1.1,10,3,0.637119315,8
v1.1,11,1,0.827168769,8
v1.1,11,2,0.995225872,8
v1.1,11,3,1.563790559,8
v1.1,12,1,2.171697604,8
v1.1,12,2,1.398204062,8
v1.1,12,3,3.607321756,8
v1.1,13,1,3.950356713,8
v1.1,13,2,4.143021811,8
v1.1,13,3,3.933041761,8
v1.1,14,1,6.419090269,8
v1.1,14,2,7.254375729,8
v1.1,14,3,6.583125127,8
v1.1,15,1,6.602190352,8
v1.1,15,2,4.781780215,8
v1.1,15,3,10.565917398,8
v1.1,16,1,4.822059408,8
v1.1,16,2,15.596863761,8
v1.1,16,3,13.549561231,8
v1.1,17,1,10.272466634,8
v1.1,17,2,4.49041798,8
v1.1,17,3,15.677453724,8
v1.1,18,1,14.112593202,8
v1.1,18,2,18.621847531,8
v1.1,18,3,70.617695881,8
v1.1,19,1,8.845469347,8
v1.1,19,2,32.259273166,8
v1.1,19,3,50.435451395,8
v1.1,20,1,34.439827284,8
v1.1,20,2,38.592820664,8
v1.1,20,3,56.033041951,8
v1.1,21,1,28.062903814,8
v1.1,21,2,113.883597721,8
v1.1,21,3,24.83333285,8
v1.1,22,1,67.351626684,8
v1.1,22,2,73.218947895,8
v1.1,22,3,58.583025522,8
v1.1,23,1,17.500515352,8
v1.1,23,2,74.662710773,8
v1.1,23,3,85.528416093,8
v1.1,24,1,159.549427925,8
v1.1,24,2,243.270491144,8
v1.1,24,3,244.501714201,8
v1.1,25,1,125.095058944,8
v1.1,25,2,141.920444509,8
v1.1,25,3,53.959877639,8
v1.1,4,1,0.002785045,8
v1.1,5,1,0.005240379,8
v1.1,6,1,0.00693272,8
v1.1,6,2,0.010762432,8
v1.1,7,1,0.014174933,8
v1.1,7,2,0.023886107,8
v1.1,8,1,0.098657216,8
v1.1,8,2,0.152864391,8
v1.1,9,1,0.071111062,8
v1.1,9,2,0.524058419,8
v1.1,9,3,0.266536586,8
v1.1,10,1,0.533116149,8
v1.1,10,2,0.630320612,8
v1.1,10,3,0.631454225,8
v1.1,11,1,0.391077785,8
v1.1,11,2,1.207470127,8
v1.1,11,3,1.510117899,8
v1.1,12,1,0.881231299,8
v1.1,12,2,2.862753366,8
v1.1,12,3,1.793942465,8
v1.1,13,1,0.849855782,8
v1.1,13,2,0.285850409,8
v1.1,13,3,0.393300519,8
v1.1,14,1,7.65681757,8
v1.1,14,2,4.541728147,8
v1.1,14,3,6.747981077,8
v1.1,15,1,3.166640564,8
v1.1,15,2,14.561955887,8
v1.1,15,3,6.977669386,8
v1.1,16,1,7.066327363,8
v1.1,16,2,7.63913599,8
v1.1,16,3,4.683562611,8
v1.1,17,1,13.373654245,8
v1.1,17,2,1.237734032,8
v1.1,17,3,12.820457407,8
v1.1,18,1,39.902798013,8
v1.1,18,2,4.590626407,8
v1.1,18,3,56.967552938,8
v1.1,19,1,8.734926557,8
v1.1,19,2,2.262038638,8
v1.1,19,3,78.453218808,8
v1.1,20,1,25.363399537,8
v1.1,20,2,38.705877082,8
v1.1,20,3,84.966413727,8
v1.1,21,1,15.464677824,8
v1.1,21,2,99.134070674,8
v1.1,21,3,65.99608047,8
v1.1,22,1,85.208999432,8
v1.1,22,2,76.937061244,8
v1.1,22,3,94.653652286,8
v1.1,23,1,69.987218923,8
v1.1,23,2,97.267108915,8
v1.1,23,3,91.473328676,8
v1.1,24,1,78.952280428,8
v1.1,24,2,140.777973622,8
v1.1,25,1,129.403140064,8
v1.1,25,2,101.875007575,8
v1.1,25,3,161.270784631,8
v1.1,4,1,0.002767149,8
v1.1,5,1,0.003972622,8
v1.1,6,1,0.010538362,8
v1.1,6,2,0.064885058,8
v1.1,7,1,0.030212496,8
v1.1,7,2,0.203264689,8
v1.1,8,1,0.114508461,8
v1.1,8,2,0.493773082,8
v1.1,9,1,0.384026324,8
v1.1,9,2,0.358959567,8
v1.1,9,3,0.267198958,8
v1.1,10,1,0.320532111,8
v1.1,10,2,0.678116347,8
v1.1,10,3,1.228921266,8
v1.1,11,1,0.534362076,8
v1.1,11,2,0.960929392,8
v1.1,11,3,2.167588301,8
v1.1,12,1,2.032661178,8
v1.1,12,2,1.217005915,8
v1.1,12,3,3.294953171,8
v1.1,13,1,0.831713632,8
v1.1,13,2,3.046525984,8
v1.1,13,3,0.48893268,8
v1.1,14,1,8.708737757,8
v1.1,14,2,1.733246362,8
v1.1,14,3,2.633745893,8
v1.1,15,1,2.310294711,8
v1.1,15,2,1.781257597,8
v1.1,15,3,3.427208321,8
v1.1,16,1,13.644463071,8
v1.1,16,2,20.830297062,8
v1.1,16,3,4.189004122,8
v1.1,17,1,8.575549135,8
v1.1,17,2,40.34728034,8
v1.1,17,3,3.578658439,8
v1.1,18,1,7.201277927,8
v1.1,18,2,27.623525086,8
v1.1,18,3,20.58975931,8
v1.1,19,1,37.673790551,8
v1.1,19,2,32.390844202,8
v1.1,19,3,22.074876451,8
v1.1,20,1,20.748716853,8
v1.1,20,2,20.304652788,8
v1.1,20,3,114.37915433,8
v1.1,21,1,98.359222482,8
v1.1,21,2,89.820685782,8
v1.1,21,3,83.636022577,8
v1.1,22,1,22.626516059,8
v1.1,22,2,29.738377873,8
v1.1,22,3,162.597232588,8
v1.1,23,1,17.342399929,8
v1.1,23,2,163.236278197,8
v1.1,23,3,68.866675446,8
v1.1,24,1,141.014666229,8
v1.1,24,2,215.091419113,8
v1.1,24,3,150.169889597,8
v1.1,25,1,101.177243361,8
v1.1,25,2,45.836343129,8
v1.1,25,3,34.616447344,8
v1.1,4,1,0.001988872,8
v1.1,5,1,0.002935016,8
v1.1,6,1,0.008454539,8
v1.1,6,2,0.016559288,8
v1.1,7,1,0.051180835,8
v1.1,7,2,0.103709623,8
v1.1,8,1,0.474683433,8
v1.1,8,2,0.109370957,8
v1.1,9,1,0.091574644,8
v1.1,9,2,0.162698015,8
v1.1,9,3,0.474405562,8
v1.1,10,1,0.390015303,8
v1.1,10,2,0.078198953,8
v1.1,10,3,1.09157655,8
v1.1,11,1,1.678071814,8
v1.1,11,2,0.701377305,8
v1.1,11,3,1.611274417,8
v1.1,12,1,1.610925289,8
v1.1,12,2,1.158537668,8
v1.1,12,3,3.409480651,8
v1.1,13,1,1.691646094,8
v1.1,13,2,3.874651528,8
v1.1,13,3,4.613799459,8
v1.1,14,1,4.464456965,8
v1.1,14,2,3.193065601,8
v1.1,14,3,5.520250114,8
v1.1,15,1,2.589774074,8
v1.1,15,2,12.003558099,8
v1.1,15,3,14.127820533,8
v1.1,16,1,5.230170146,8
v1.1,16,2,9.492979868,8
v1.1,16,3,1.863683717,8
v1.1,17,1,14.825857212,8
v1.1,17,2,17.363246902,8
v1.1,17,3,23.100566421,8
v1.1,18,1,6.177449929,8
v1.1,18,2,39.744134839,8
v1.1,18,3,1.858541264,8
v1.1,19,1,23.717377144,8
v1.1,19,2,58.879826648,8
v1.1,19,3,66.138782466,8
v1.1,20,1,41.657174433,8
v1.1,20,2,19.652625879,8
v1.1,20,3,111.253280678,8
v1.1,21,1,25.280981854,8
v1.1,21,2,41.767734592,8
v1.1,21,3,73.037016761,8
v1.1,22,1,43.313103383,8
v1.1,22,2,72.286940864,8
v1.1,22,3,170.910215126,8
v1.1,23,1,77.175968474,8
v1.1,23,2,68.472695567,8
v1.1,23,3,40.629120932,8
v1.1,24,1,117.648371857,8
v1.1,24,2,43.283910396,8
v1.1,24,3,230.00093003,8
v1.1,25,1,90.882115208,8
v1.1,25,2,266.119210324,8
v1.1,25,3,282.270731005,8
v1.1,4,1,0.002031144,8
v1.1,5,1,0.012662052,8
v1.1,6,1,0.017149954,8
v1.1,6,2,0.040487684,8
v1.1,7,1,0.056935716,8
v1.1,7,2,0.128141949,8
v1.1,8,1,0.250534714,8
v1.1,8,2,0.099750229,8
v1.1,9,1,0.242633516,8
v1.1,9,2,0.29788892,8
v1.1,9,3,0.601617412,8
v1.1,10,1,0.190441265,8
v1.1,10,2,0.073656897,8
v1.1,10,3,0.836904365,8
v1.1,11,1,0.812011258,8
v1.1,11,2,0.325429602,8
v1.1,11,3,1.363449035,8
v1.1,12,1,0.471462361,8
v1.1,12,2,2.091352643,8
v1.1,12,3,4.296582394,8
v1.1,13,1,1.222153837,8
v1.1,13,2,3.907732065,8
v1.1,13,3,1.54788749,8
v1.1,14,1,2.851162665,8
v1.1,14,2,3.064851136,8
v1.1,14,3,0.433886201,8
v1.1,15,1,2.379520972,8
v1.1,15,2,8.583637486,8
v1.1,15,3,10.112055817,8
v1.1,16,1,3.99504496,8
v1.1,16,2,10.334870643,8
v1.1,16,3,25.545644749,8
v1.1,17,1,19.293014088,8
v1.1,17,2,18.136688494,8
v1.1,17,3,15.817085492,8
v1.1,18,1,20.350970744,8
v1.1,18,2,9.518141425,8
v1.1,18,3,33.963595898,8
v1.1,19,1,37.757962399,8
v1.1,19,2,52.063297192,8
v1.1,19,3,45.049949696,8
v1.1,20,1,9.080631299,8
v1.1,20,2,89.839803473,8
v1.1,20,3,63.412119726,8
v1.1,21,1,31.453804276,8
v1.1,21,2,4.230963022,8
v1.1,21,3,66.904498722,8
v1.1,22,1,57.668834905,8
v1.1,22,2,107.513350686,8
v1.1,22,3,9.318801132,8
v1.1,23,1,23.04023083,8
v1.1,23,2,136.988468389,8
v1.1,23,3,107.380788512,8
v1.1,24,1,59.095582608,8
v1.1,24,2,143.249404638,8
v1.1,24,3,52.801398075,8
v1.1,25,1,35.059968051,8
v1.1,25,2,270.15966149,8
v1.1,25,3,170.878262216,8
v1.1,4,1,0.002728093,8
v1.1,5,1,0.002179129,8
v1.1,6,1,0.007137743,8
v1.1,6,2,0.03178981,8
v1.1,7,1,0.044082967,8
v1.1,7,2,0.161497607,8
v1.1,8,1,0.11659949,8
v1.1,8,2,0.213821141,8
v1.1,9,1,0.298344958,8
v1.1,9,2,0.281522699,8
v1.1,9,3,0.747434504,8
v1.1,10,1,0.470158736,8
v1.1,10,2,0.751148187,8
v1.1,10,3,0.464292041,8
v1.1,11,1,0.216604352,8
v1.1,11,2,0.737988268,8
v1.1,11,3,0.400175293,8
v1.1,12,1,0.156144841,8
v1.1,12,2,0.187432931,8
v1.1,12,3,7.251878187,8
v1.1,13,1,1.433963351,8
v1.1,13,2,1.699605518,8
v1.1,13,3,9.479919485,8
v1.1,14,1,3.54714308,8
v1.1,14,2,4.555703385,8
v1.1,14,3,4.651289569,8
v1.1,15,1,8.991953534,8
v1.1,15,2,7.497469644,8
v1.1,15,3,13.054069791,8
v1.1,16,1,4.998297874,8
v1.1,16,2,7.475538363,8
v1.1,16,3,22.923813042,8
v1.1,17,1,29.80818524,8
v1.1,17,2,4.571176777,8
v1.1,17,3,24.382768188,8
v1.1,18,1,15.075006657,8
v1.1,18,2,13.805577937,8
v1.1,18,3,37.35655288,8
v1.1,19,1,28.787058381,8
v1.1,19,2,7.552141374,8
v1.1,19,3,8.162641325,8
v1.1,20,1,9.066564688,8
v1.1,20,2,62.567360877,8
v1.1,20,3,29.577816919,8
v1.1,21,1,33.992112257,8
v1.1,21,2,16.939416048,8
v1.1,21,3,15.202477679,8
v1.1,22,1,77.554846972,8
v1.1,22,2,181.962074024,8
v1.1,22,3,42.774148862,8
v1.1,23,1,69.117860768,8
v1.1,23,2,117.188923991,8
v1.1,23,3,161.245248544,8
v1.1,24,1,211.161475569,8
v1.1,24,2,74.787863829,8
v1.1,24,3,155.781631811,8
v1.1,25,1,158.812263099,8
v1.1,25,2,174.436855602,8
v1.1,25,3,182.879721043,8
v1.1,4,1,0.001940058,8
v1.1,5,1,0.004568122,8
v1.1,6,1,0.017978826,8
v1.1,6,2,0.019115502,8
v1.1,7,1,0.040942047,8
v1.1,7,2,0.10702152,8
v1.1,8,1,0.10734749,8
v1.1,8,2,0.184220004,8
v1.1,9,1,0.340080547,8
v1.1,9,2,0.654826298,8
v1.1,9,3,0.479401837,8
v1.1,10,1,0.535084845,8
v1.1,10,2,0.630976885,8
v1.1,10,3,1.297181576,8
v1.1,11,1,2.099159811,8
v1.1,11,2,1.558147012,8
v1.1,11,3,2.370633015,8
v1.1,12,1,0.138941681,8
v1.1,12,2,3.201707292,8
v1.1,12,3,2.843983809,8
v1.1,13,1,4.039054408,8
v1.1,13,2,5.120469892,8
v1.1,13,3,5.502653475,8
v1.1,14,1,5.635788627,8
v1.1,14,2,4.833417002,8
v1.1,14,3,5.398223665,8
v1.1,15,1,2.199643541,8
v1.1,15,2,3.030873409,8
v1.1,15,3,10.818494463,8
v1.1,16,1,6.13972379,8
v1.1,16,2,17.59663731,8
v1.1,16,3,5.985386394,8
v1.1,17,1,14.3904995,8
v1.1,17,2,1.80461677,8
v1.1,17,3,19.891156706,8
v1.1,18,1,14.733076645,8
v1.1,18,2,17.992631354,8
v1.1,18,3,29.678844928,8
v1.1,19,1,41.323122052,8
v1.1,19,2,14.557767275,8
v1.1,19,3,99.998083093,8
v1.1,20,1,51.000390643,8
v1.1,20,2,15.699957051,8
v1.1,20,3,12.350921987,8
v1.1,21,1,24.802491208,8
v1.1,21,2,152.854548903,8
v1.1,21,3,28.63680357,8
v1.1,22,1,165.894202456,8
v1.1,22,2,49.109135453,8
v1.1,22,3,70.454345953,8
v1.1,23,1,59.691535478,8
v1.1,23,2,121.364693979,8
v1.1,23,3,73.282043477,8
v1.1,24,1,25.701102896,8
v1.1,24,2,225.940959367,8
v1.1,24,3,12.232447851,8
v1.1,25,1,207.533763421,8
v1.1,25,2,13.112842221,8
v1.1,25,3,322.425990572,8
v1.1,4,1,0.002663958,8
v1.1,5,1,0.007411216,8
v1.1,6,1,0.012123801,8
v1.1,7,1,0.054328665,8
v1.1,7,2,0.041392066,8
v1.1,8,1,0.066727371,8
v1.1,8,2,0.202523787,8
v1.1,9,1,0.238773043,8
v1.1,9,2,0.358905953,8
v1.1,9,3,0.097683966,8
v1.1,10,1,0.153275262,8
v1.1,10,2,0.637120708,8
v1.1,10,3,0.519608669,8
v1.1,11,1,1.325808045,8
v1.1,11,2,1.375659434,8
v1.1,11,3,0.710231109,8
v1.1,12,1,3.082679021,8
v1.1,12,2,1.672913385,8
v1.1,12,3,1.137532836,8
v1.1,13,1,3.966072533,8
v1.1,13,2,4.266336903,8
v1.1,13,3,3.143192366,8
v1.1,14,1,5.655921433,8
v1.1,14,2,6.418154653,8
v1.1,14,3,4.436882701,8
v1.1,15,1,3.976907996,8
v1.1,15,2,6.598659594,8
v1.1,15,3,5.516108027,8
v1.1,16,1,5.700388387,8
v1.1,16,2,6.307072002,8
v1.1,16,3,11.448381812,8
v1.1,17,1,7.70098005,8
v1.1,17,2,19.994550392,8
v1.1,17,3,6.318674732,8
v1.1,18,1,34.988114048,8
v1.1,18,2,13.342465113,8
v1.1,18,3,20.224349359,8
v1.1,19,1,5.849053341,8
v1.1,19,2,30.345204595,8
v1.1,19,3,66.330485043,8
v1.1,20,1,94.778356268,8
v1.1,20,2,38.712898676,8
v1.1,20,3,3.401168596,8
v1.1,21,1,61.184275867,8
v1.1,21,2,61.083175581,8
v1.1,21,3,105.012206245,8
v1.1,22,1,122.625317086,8
v1.1,22,2,137.960121262,8
v1.1,22,3,58.493025452,8
v1.1,23,1,78.885067713,8
v1.1,23,2,97.787290597,8
v1.1,23,3,177.045613583,8
v1.1,24,1,9.076406666,8
v1.1,24,2,39.551239599,8
v1.1,24,3,50.395677444,8
v1.1,25,1,305.321616478,8
v1.1,25,2,165.92435329,8
v1.1,25,3,109.734176273,8
v1.1,4,1,0.002895227,8
v1.1,5,1,0.00611813,8
v1.1,6,1,0.04002092,8
v1.1,6,2,0.026003838,8
v1.1,7,1,0.034789668,8
v1.1,7,2,0.055574847,8
v1.1,8,1,0.127264652,8
v1.1,8,2,0.318792133,8
v1.1,9,1,0.390034371,8
v1.1,9,2,0.429498186,8
v1.1,9,3,1.441651547,8
v1.1,10,1,0.039874982,8
v1.1,10,2,1.657874263,8
v1.1,10,3,0.385924374,8
v1.1,11,1,0.500849868,8
v1.1,11,2,1.647576214,8
v1.1,11,3,1.318616725,8
v1.1,12,1,1.306725979,8
v1.1,12,2,1.595695967,8
v1.1,12,3,1.01240936,8
v1.1,13,1,1.281970685,8
v1.1,13,2,4.724564101,8
v1.1,13,3,2.967559092,8
v1.1,14,1,2.319510527,8
v1.1,14,2,11.377481281,8
v1.1,14,3,10.308392102,8
v1.1,15,1,7.945314643,8
v1.1,15,2,7.710773549,8
v1.1,15,3,4.373075653,8
v1.1,16,1,17.669864103,8
v1.1,16,2,8.168554885,8
v1.1,16,3,10.149127213,8
v1.1,17,1,10.816415178,8
v1.1,17,2,16.77294227,8
v1.1,17,3,12.791980112,8
v1.1,18,1,14.810315027,8
v1.1,18,2,16.969002801,8
v1.1,18,3,28.95421146,8
v1.1,19,1,31.762727454,8
v1.1,19,2,43.63089097,8
v1.1,19,3,26.588828439,8
v1.1,20,1,11.736745545,8
v1.1,20,2,78.998179521,8
v1.1,20,3,47.390455695,8
v1.1,21,1,77.105462035,8
v1.1,21,2,25.771431223,8
v1.1,21,3,72.014011692,8
v1.1,22,1,53.2651643,8
v1.1,22,2,20.072776553,8
v1.1,22,3,106.575929092,8
v1.1,23,1,129.997738103,8
v1.1,23,2,185.325994152,8
v1.1,23,3,50.677553194,8
v1.1,24,1,48.959848129,8
v1.1,24,2,139.253728596,8
v1.1,24,3,251.143410992,8
v1.1,25,1,127.45623535,8
v1.1,25,2,158.49101335,8
v1.1,25,3,361.146198501,8
v1.1,4,1,0.002332905,8
v1.1,5,1,0.004635206,8
v1.1,6,1,0.011962398,8
v1.1,6,2,0.020870336,8
v1.1,7,1,0.014182147,8
v1.1,7,2,0.028543444,8
v1.1,8,1,0.089370697,8
v1.1,8,2,0.193987772,8
v1.1,9,1,0.13271183,8
v1.1,9,2,0.394177507,8
v1.1,10,1,0.531992585,8
v1.1,10,2,1.091184264,8
v1.1,10,3,2.627634237,8
v1.1,11,1,1.317859622,8
v1.1,11,2,1.259346412,8
v1.1,11,3,0.759386571,8
v1.1,12,1,2.788395042,8
v1.1,12,2,0.57822886,8
v1.1,12,3,0.258224504,8
v1.1,13,1,0.847215537,8
v1.1,13,2,7.922548031,8
v1.1,13,3,8.526608991,8
v1.1,14,1,4.243999638,8
v1.1,14,2,12.981111402,8
v1.1,14,3,5.008804093,8
v1.1,15,1,6.390754795,8
v1.1,15,2,14.540590612,8
v1.1,15,3,8.531041711,8
v1.1,16,1,12.024620939,8
v1.1,16,2,5.432489445,8
v1.1,16,3,10.654032313,8
v1.1,17,1,15.800456014,8
v1.1,17,2,15.590417195,8
v1.1,17,3,32.771886457,8
v1.1,18,1,16.940289104,8
v1.1,18,2,14.215505066,8
v1.1,18,3,40.657747416,8
v1.1,19,1,7.794613449,8
v1.1,19,2,14.790858237,8
v1.1,19,3,54.565331782,8
v1.1,20,1,24.442386007,8
v1.1,20,2,96.667900733,8
v1.1,20,3,94.462708411,8
v1.1,21,1,24.739276595,8
v1.1,21,2,36.649098109,8
v1.1,21,3,64.617662961,8
v1.1,22,1,77.734579344,8
v1.1,22,2,51.439840629,8
v1.1,22,3,7.075146174,8
v1.1,23,1,41.334316631,8
v1.1,23,2,108.716534655,8
v1.1,23,3,93.958590976,8
v1.1,24,1,69.934050265,8
v1.1,24,2,61.755870104,8
v1.1,24,3,34.193898911,8
v1.1,25,1,30.347621224,8
v1.1,25,2,101.360015547,8
v1.1,25,3,112.735720689,8
v1.1,4,1,0.002554071,8
v1.1,5,1,0.007553267,8
v1.1,6,1,0.008328579,8
v1.1,6,2,0.007420614,8
v1.1,7,1,0.060135165,8
v1.1,7,2,0.112973504,8
v1.1,8,1,0.124564072,8
v1.1,8,2,0.127231864,8
v1.1,9,1,0.036365771,8
v1.1,9,2,0.187642277,8
v1.1,9,3,0.052502569,8
v1.1,10,1,0.419853905,8
v1.1,10,2,0.757134529,8
v1.1,10,3,1.060535192,8
v1.1,11,1,1.0484395,8
v1.1,11,2,0.13290795,8
v1.1,11,3,1.366186507,8
v1.1,12,1,1.677043946,8
v1.1,12,2,1.968081044,8
v1.1,12,3,1.649416756,8
v1.1,13,1,2.458256012,8
v1.1,13,2,2.132562597,8
v1.1,13,3,0.404733419,8
v1.1,14,1,18.693764637,8
v1.1,14,2,1.171478335,8
v1.1,14,3,4.251051473,8
v1.1,15,1,24.360966778,8
v1.1,15,2,7.833370391,8
v1.1,15,3,3.934540358,8
v1.1,16,1,20.227844023,8
v1.1,16,2,9.226882727,8
v1.1,16,3,18.436598988,8
v1.1,17,1,14.306402704,8
v1.1,17,2,30.031065345,8
v1.1,17,3,37.238810398,8
v1.1,18,1,34.558821053,8
v1.1,18,2,7.55316678,8
v1.1,18,3,17.373551721,8
v1.1,19,1,5.308442585,8
v1.1,19,2,63.828621348,8
v1.1,19,3,41.703186625,8
v1.1,20,1,22.043667923,8
v1.1,20,2,41.473473701,8
v1.1,20,3,18.416993835,8
v1.1,21,1,57.561280083,8
v1.1,21,2,47.778496551,8
v1.1,21,3,33.181331852,8
v1.1,22,1,45.825111464,8
v1.1,22,2,6.696344606,8
v1.1,22,3,118.428730347,8
v1.1,23,1,60.551638231,8
v1.1,23,2,206.640332194,8
v1.1,23,3,54.88019166,8
v1.1,24,1,46.623199076,8
v1.1,24,2,69.627986975,8
v1.1,24,3,138.816429454,8
v1.1,25,1,48.168496872,8
v1.1,25,2,203.809869113,8
v1.1,25,3,165.697879157,8
v1.1,4,1,0.002374566,8
v1.1,5,1,0.004170325,8
v1.1,6,1,0.014089741,8
v1.1,6,2,0.02096622,8
v1.1,7,1,0.016068709,8
v1.1,7,2,0.115826181,8
v1.1,8,1,0.283882776,8
v1.1,8,2,0.146660671,8
v1.1,9,1,0.211230107,8
v1.1,9,2,0.046715429,8
v1.1,9,3,0.343609552,8
v1.1,10,1,0.7946515,8
v1.1,10,2,0.428332592,8
v1.1,10,3,1.931503771,8
v1.1,11,1,0.392469867,8
v1.1,11,2,1.89016928,8
v1.1,11,3,2.017297462,8
v1.1,12,1,0.475002606,8
v1.1,12,2,1.657634759,8
v1.1,12,3,5.87211631,8
v1.1,13,1,0.651049276,8
v1.1,13,2,7.322749166,8
v1.1,13,3,3.627402953,8
v1.1,14,1,3.425343678,8
v1.1,14,2,2.464827865,8
v1.1,14,3,0.431184579,8
v1.1,15,1,6.933607779,8
v1.1,15,2,7.705867779,8
v1.1,15,3,6.745139257,8
v1.1,16,1,8.810851659,8
v1.1,16,2,3.035498918,8
v1.1,16,3,18.053340592,8
v1.1,17,1,6.024156604,8
v1.1,17,2,19.945022669,8
v1.1,17,3,1.783053836,8
v1.1,18,1,12.410241034,8
v1.1,18,2,5.177949872,8
v1.1,18,3,19.215360468,8
v1.1,19,1,12.966392775,8
v1.1,19,2,30.138692361,8
v1.1,19,3,106.089406419,8
v1.1,20,1,24.423629822,8
v1.1,20,2,78.499349889,8
v1.1,20,3,26.962170731,8
v1.1,21,1,42.802562277,8
v1.1,21,2,58.583335732,8
v1.1,21,3,54.044452119,8
v1.1,22,1,94.496903133,8
v1.1,22,2,104.447548736,8
v1.1,22,3,100.643275301,8
v1.1,23,1,97.421479509,8
v1.1,23,2,181.332682211,8
v1.1,23,3,7.321718514,8
v1.1,24,1,30.504933412,8
v1.1,24,2,198.295116936,8
v1.1,24,3,180.360840637,8
v1.1,25,1,153.736024467,8
v1.1,25,2,229.940921621,8
v1.1,25,3,85.648069046,8
v1.1,26,1,214.396612473,5
v1.1,26,2,410.904136367,5
v1.1,26,3,460.062154705,5
v1.1,27,1,187.063167252,5
v1.1,27,2,614.275590345,5
v1.1,27,3,140.235391243,5
v1.1,28,1,179.707788785,5
v1.1,28,2,216.881758976,5
v1.1,28,3,228.161601573,5
v1.1,26,1,205.14509517,5
v1.1,26,2,349.223260878,5
v1.1,5,0,3.886462412,5
v1.1,5,1,0.162155524,5
v1.1,6,0,0.00562643,5
v1.1,6,1,0.038537582,5
v1.1,6,2,0.057715927,5
v1.1,7,0,0.019122866,5
v1.1,7,1,0.049438429,5
v1.1,7,2,0.140927008,5
v1.1,8,0,0.076018495,5
v1.1,8,1,0.090668627,5
v1.1,8,2,0.402247668,5
v1.1,9,0,0.153025017,5
v1.1,9,1,0.478692088,5
v1.1,9,2,0.59083837,5
v1.1,9,3,1.01681628,5
v1.1,10,0,0.199051563,5
v1.1,10,1,0.396323492,5
v1.1,10,2,1.247473844,5
v1.1,10,3,0.953957917,5
v1.1,11,0,0.607995163,5
v1.1,11,1,0.656793967,5
v1.1,11,2,0.768330578,5
v1.1,11,3,1.232524746,5
v1.1,12,0,0.954801564,5
v1.1,12,1,5.724231103,5
v1.1,12,2,1.776303278,5
v1.1,12,3,1.551016502,5
v1.1,13,0,1.719673703,5
v1.1,13,1,3.676561514,5
v1.1,13,2,4.330104434,5
v1.1,13,3,0.716548257,5
v1.1,14,0,1.109452173,5
v1.1,14,1,5.59592833,5
v1.1,14,2,5.792224535,5
v1.1,14,3,6.965919586,5
v1.1,15,0,5.295503701,5
v1.1,15,1,9.412635275,5
v1.1,15,2,6.751475223,5
v1.1,15,3,14.291429951,5
v1.1,16,0,11.353252394,5
v1.1,16,1,1.106927836,5
v1.1,16,2,11.82838314,5
v1.1,16,3,26.828753373,5
v1.1,17,0,8.076430718,5
v1.1,17,1,35.019399634,5
v1.1,17,2,38.08238183,5
v1.1,17,3,58.320761322,5
v1.1,18,0,4.393745533,5
v1.1,18,1,39.445181468,5
v1.1,18,2,54.492424162,5
v1.1,18,3,28.57245879,5
v1.1,19,0,14.268487724,5
v1.1,19,1,39.776167774,5
v1.1,19,2,12.641080797,5
v1.1,19,3,69.794268638,5
v1.1,20,0,30.01230249,5
v1.1,20,1,21.127111412,5
v1.1,20,2,69.771335713,5
v1.1,20,3,14.925237823,5
v1.1,21,0,8.132329864,5
v1.1,21,1,53.082140686,5
v1.1,21,2,18.298742309,5
v1.1,21,3,149.236398636,5
v1.1,22,0,43.082323739,5
v1.1,22,1,90.540424853,5
v1.1,22,2,104.908306233,5
v1.1,22,3,58.99288496,5
v1.1,23,0,72.188597985,5
v1.1,23,1,169.978185375,5
v1.1,23,2,180.297944235,5
v1.1,23,3,57.995193962,5
v1.1,24,0,64.14860095,5
v1.1,24,1,26.67604061,5
v1.1,24,2,317.925366971,5
v1.1,24,3,217.542523951,5
v1.1,25,0,31.663430012,5
v1.1,25,1,319.00533599,5
v1.1,25,2,65.808421127,5
v1.1,25,3,105.496856439,5
v1.1,26,0,287.516465628,5
v1.1,26,1,396.409901106,5
v1.1,26,2,417.35131148,5
v1.1,26,3,192.840970918,5
v1.1,27,0,183.873739554,5
v1.1,27,1,227.971504304,5
v1.1,27,2,546.70139725,5
v1.1,27,3,102.876247538,5
v1.1,28,0,293.242708917,5
v1.1,28,1,199.952817327,5
v1.1,28,2,603.811425021,5
v1.1,28,3,196.125441141,5
v1.1,29,0,172.137019885,5
v1.1,29,1,204.789484896,5
v1.1,29,2,884.142570068,5
v1.1,29,3,249.751922817,5
v1.1,30,0,559.562030134,5
v1.1,30,1,111.330877603,5
v1.1,30,2,872.930223674,5
v1.1,30,3,424.067682173,5
v1.1,5,0,0.002875619,5
v1.1,5,1,0.006525192,5
v1.1,6,0,0.005647405,5
v1.1,6,1,0.094192498,5
v1.1,6,2,0.016492056,5
v1.1,7,0,0.015339544,5
v1.1,7,1,0.037873264,5
v1.1,7,2,0.067824567,5
v1.1,8,0,0.078401289,5
v1.1,8,1,0.246740901,5
v1.1,8,2,0.262108493,5
v1.1,9,0,0.021048259,5
v1.1,9,1,0.101392786,5
v1.1,9,2,0.214731535,5
v1.1,9,3,1.129383075,5
v1.1,10,0,0.385911561,5
v1.1,10,1,0.755854301,5
v1.1,10,2,0.839086976,5
v1.1,10,3,0.441047456,5
v1.1,11,0,0.858351724,5
v1.1,11,1,2.420153181,5
v1.1,11,2,1.753306208,5
v1.1,11,3,0.634792704,5
v1.1,12,0,1.8638057,5
v1.1,12,1,0.19875464,5
v1.1,12,2,2.007185253,5
v1.1,12,3,3.940395913,5
v1.1,13,0,1.093245908,5
v1.1,13,1,4.387937004,5
v1.1,13,2,14.210508914,5
v1.1,13,3,0.605217815,5
v1.1,14,0,6.489601462,5
v1.1,14,1,5.646372471,5
v1.1,14,2,4.906913458,5
v1.1,14,3,8.258803317,5
v1.1,15,0,7.180160235,5
v1.1,15,1,8.481874188,5
v1.1,15,2,8.001225241,5
v1.1,15,3,15.198429983,5
v1.1,16,0,5.850012001,5
v1.1,16,1,12.199836858,5
v1.1,16,2,1.934237038,5
v1.1,16,3,4.231014648,5
v1.1,17,0,11.119008354,5
v1.1,17,1,10.617807998,5
v1.1,17,2,49.730872631,5
v1.1,17,3,17.469449424,5
v1.1,18,0,13.06734102,5
v1.1,18,1,35.239002527,5
v1.1,18,2,39.414513542,5
v1.1,18,3,93.33882293,5
v1.1,19,0,23.645874388,5
v1.1,19,1,40.663762406,5
v1.1,19,2,68.093239912,5
v1.1,19,3,28.348941863,5
v1.1,20,0,42.123260585,5
v1.1,20,1,44.7986067,5
v1.1,20,2,35.745335398,5
v1.1,20,3,25.253695972,5
v1.1,21,0,2.130654323,5
v1.1,21,1,46.738260931,5
v1.1,21,2,97.23906757,5
v1.1,21,3,138.998242233,5
v1.1,22,0,44.117552723,5
v1.1,22,1,60.509817489,5
v1.1,22,2,124.984335593,5
v1.1,22,3,67.888076833,5
v1.1,23,0,91.286423503,5
v1.1,23,1,108.157088967,5
v1.1,23,2,28.870606029,5
v1.1,23,3,98.010570773,5
v1.1,24,0,44.418530143,5
v1.1,24,1,153.618260756,5
v1.1,24,2,173.833891057,5
v1.1,24,3,340.931503191,5
v1.1,25,0,29.195288064,5
v1.1,25,1,201.227276432,5
v1.1,25,2,398.649313017,5
v1.1,25,3,233.806161708,5
v1.1,26,0,224.842589737,5
v1.1,26,1,366.78058603,5
v1.1,26,2,60.228287673,5
v1.1,26,3,109.390908582,5
v1.1,27,0,53.922457495,5
v1.1,27,1,130.667514914,5
v1.1,27,2,612.848074297,5
v1.1,27,3,506.394118483,5
v1.1,28,0,89.393499944,5
v1.1,28,1,180.164407566,5
v1.1,28,2,70.468417495,5
v1.1,28,3,96.016793759,5
v1.1,29,0,52.358364675,5
v1.1,29,1,719.060437135,5
v1.1,29,2,837.234450017,5
v1.1,30,0,437.322072666,5
v1.1,30,1,748.611863386,5
v1.1,30,2,391.828142229,5
v1.1,30,3,796.966528968,5
v1.1,5,0,0.001253946,5
v1.1,5,1,0.004183401,5
v1.1,6,0,0.004637952,5
v1.1,6,1,0.012765564,5
v1.1,6,2,0.03055124,5
v1.1,7,0,0.016849509,5
v1.1,7,1,0.052841106,5
v1.1,7,2,0.011893722,5
v1.1,8,0,0.040900925,5
v1.1,8,1,0.276051241,5
v1.1,8,2,0.185414531,5
v1.1,9,0,0.091923338,5
v1.1,9,1,0.499133336,5
v1.1,9,2,0.186897606,5
v1.1,9,3,0.052257485,5
v1.1,10,0,0.236323096,5
v1.1,10,1,0.518324743,5
v1.1,10,2,1.517661277,5
v1.1,10,3,0.312949591,5
v1.1,11,0,0.783721976,5
v1.1,11,1,0.641069558,5
v1.1,11,2,0.595131047,5
v1.1,11,3,2.062350819,5
v1.1,12,0,0.606045288,5
v1.1,12,1,2.489965122,5
v1.1,12,2,3.107513653,5
v1.1,12,3,6.227008972,5
v1.1,13,0,1.216238886,5
v1.1,13,1,3.283189277,5
v1.1,13,2,7.689927573,5
v1.1,13,3,3.44757837,5
v1.1,14,0,1.265915687,5
v1.1,14,1,2.632266806,5
v1.1,14,2,9.274291547,5
v1.1,14,3,6.232654109,5
v1.1,15,0,6.388282842,5
v1.1,15,1,4.363647813,5
v1.1,15,2,1.142471452,5
v1.1,15,3,1.607773848,5
v1.1,16,0,2.293030208,5
v1.1,16,1,5.456573055,5
v1.1,16,2,27.179025488,5
v1.1,16,3,28.599503603,5
v1.1,17,0,10.328565108,5
v1.1,17,1,11.822995809,5
v1.1,17,2,28.378561243,5
v1.1,17,3,51.804107804,5
v1.1,18,0,48.8709824,5
v1.1,18,1,17.163994399,5
v1.1,18,2,69.811242515,5
v1.1,18,3,26.946070542,5
v1.1,19,0,43.291092621,5
v1.1,19,1,25.338366185,5
v1.1,19,2,41.780208787,5
v1.1,19,3,10.558277445,5
v1.1,20,0,17.474541638,5
v1.1,20,1,26.392461431,5
v1.1,20,2,28.169947301,5
v1.1,20,3,152.852847803,5
v1.1,21,0,27.933523776,5
v1.1,21,1,45.260667189,5
v1.1,21,2,85.265112321,5
v1.1,21,3,83.17387538,5
v1.1,22,0,26.700215664,5
v1.1,22,1,70.925332332,5
v1.1,22,2,24.779080869,5
v1.1,22,3,57.781897947,5
v1.1,23,0,66.399463358,5
v1.1,23,1,152.160171359,5
v1.1,23,2,75.43914785,5
v1.1,23,3,150.912653242,5
v1.1,24,0,94.48016925,5
v1.1,24,1,154.419975679,5
v1.1,24,2,138.782447444,5
v1.1,24,3,28.986561066,5
v1.1,25,0,189.875110341,5
v1.1,25,1,116.849587359,5
v1.1,25,2,13.138720653,5
v1.1,25,3,115.59070027,5
v1.1,26,0,22.079535479,5
v1.1,26,1,432.121804602,5
v1.1,26,2,110.426220264,5
v1.1,26,3,343.056289443,5
v1.1,27,0,133.496531125,5
v1.1,27,1,225.667936692,5
v1.1,27,2,18.69030692,5
v1.1,27,3,583.54609232,5
v1.1,28,0,40.640358512,5
v1.1,28,1,126.6857384,5
v1.1,28,2,470.219375681,5
v1.1,28,3,80.113519895,5
v1.1,29,0,325.703513289,5
v1.1,29,1,439.305175873,5
v1.1,29,2,180.01546166,5
v1.1,29,3,403.871211318,5
v1.1,30,0,475.263517883,5
v1.1,30,1,667.987346845,5
v1.1,30,2,604.271451406,5
v1.1,30,3,36.730597402,5
v1.1,5,0,0.002066803,5
v1.1,5,1,0.002722857,5
v1.1,6,0,0.006432128,5
v1.1,6,1,0.013872453,5
v1.1,6,2,0.037584696,5
v1.1,7,0,0.013554342,5
v1.1,7,1,0.038889064,5
v1.1,7,2,0.085039248,5
v1.1,8,0,0.050760705,5
v1.1,8,1,0.20636572,5
v1.1,8,2,0.058716231,5
v1.1,9,0,0.223198714,5
v1.1,9,1,0.570807648,5
v1.1,9,2,0.495336879,5
v1.1,9,3,0.133378882,5
v1.1,10,0,0.098810962,5
v1.1,10,1,0.736480299,5
v1.1,10,2,0.229998312,5
v1.1,10,3,1.298813341,5
v1.1,11,0,0.576791244,5
v1.1,11,1,1.962204144,5
v1.1,11,2,3.990190905,5
v1.1,11,3,3.366353545,5
v1.1,12,0,1.051040867,5
v1.1,12,1,1.402256195,5
v1.1,12,2,2.293570219,5
v1.1,12,3,2.942155769,5
v1.1,13,0,3.192223176,5
v1.1,13,1,3.459011715,5
v1.1,13,2,1.763132335,5
v1.1,13,3,3.842950371,5
v1.1,14,0,5.192644436,5
v1.1,14,1,3.930371618,5
v1.1,14,2,8.023198514,5
v1.1,14,3,2.749985907,5
v1.1,15,0,1.195273805,5
v1.1,15,1,15.244056247,5
v1.1,15,2,5.585740454,5
v1.1,15,3,3.032780242,5
v1.1,16,0,5.383415986,5
v1.1,16,1,11.041324835,5
v1.1,16,2,17.387249569,5
v1.1,16,3,35.212864486,5
v1.1,17,0,6.787378092,5
v1.1,17,1,26.312868016,5
v1.1,17,2,35.976002467,5
v1.1,17,3,33.718455541,5
v1.1,18,0,12.624752297,5
v1.1,18,1,35.172989308,5
v1.1,18,2,37.089045134,5
v1.1,18,3,14.418457201,5
v1.1,19,0,13.005181448,5
v1.1,19,1,37.393135018,5
v1.1,19,2,66.789446364,5
v1.1,19,3,3.989883538,5
v1.1,20,0,9.214798812,5
v1.1,20,1,24.291452941,5
v1.1,20,2,34.889321734,5
v1.1,20,3,44.320258571,5
v1.1,21,0,50.202022202,5
v1.1,21,1,64.476448935,5
v1.1,21,2,158.173632087,5
v1.1,21,3,141.761091495,5
v1.1,22,0,60.107523751,5
v1.1,22,1,61.758038002,5
v1.1,22,2,26.269358499,5
v1.1,22,3,92.384474995,5
v1.1,23,0,56.08432449,5
v1.1,23,1,111.373167378,5
v1.1,23,2,145.017446601,5
v1.1,23,3,103.821463689,5
v1.1,24,0,172.071587116,5
v1.1,24,1,137.334839189,5
v1.1,24,2,288.944393634,5
v1.1,24,3,214.512370962,5
v1.1,25,0,131.449137751,5
v1.1,25,1,316.458307374,5
v1.1,25,2,349.690541408,5
v1.1,25,3,423.421135362,5
v1.1,26,0,95.277808218,5
v1.1,26,1,45.188414896,5
v1.1,26,2,194.980038577,5
v1.1,26,3,153.583864481,5
v1.1,27,0,385.536278036,5
v1.1,27,1,165.186509047,5
v1.1,27,2,187.51603295,5
v1.1,27,3,181.077244853,5
v1.1,28,0,199.69652831,5
v1.1,28,1,63.705245144,5
v1.1,28,2,142.148420517,5
v1.1,28,3,818.842212254,5
v1.1,29,0,117.309238271,5
v1.1,29,1,640.720606141,5
v1.1,29,2,960.952846946,5
v1.1,29,3,555.791379902,5
v1.1,30,0,111.616161606,5
v1.1,30,1,202.984328223,5
v1.1,30,2,597.099040647,5
v1.1,30,3,893.508917043,5
v1.1,5,0,0.001871027,5
v1.1,5,1,0.003309525,5
v1.1,6,0,0.004236756,5
v1.1,6,1,0.05002478,5
v1.1,6,2,0.014830578,5
v1.1,7,0,0.010916546,5
v1.1,7,1,0.155825573,5
v1.1,7,2,0.085295817,5
v1.1,8,0,0.085746008,5
v1.1,8,1,0.075084843,5
v1.1,8,2,0.159990096,5
v1.1,9,0,0.216049833,5
v1.1,9,1,0.546219474,5
v1.1,9,2,0.291351698,5
v1.1,9,3,0.536509974,5
v1.1,10,0,0.229655989,5
v1.1,10,1,0.465140091,5
v1.1,10,2,0.380101836,5
v1.1,10,3,1.37828068,5
v1.1,11,0,0.445803929,5
v1.1,11,1,1.126749707,5
v1.1,11,2,1.555836536,5
v1.1,11,3,2.260792543,5
v1.1,12,0,0.771457297,5
v1.1,12,1,2.690206823,5
v1.1,12,2,2.348913648,5
v1.1,12,3,2.5118306,5
v1.1,13,0,1.586180852,5
v1.1,13,1,5.728864482,5
v1.1,13,2,2.236770215,5
v1.1,13,3,6.789273172,5
v1.1,14,0,2.501351827,5
v1.1,14,1,14.281957093,5
v1.1,14,2,3.922526813,5
v1.1,14,3,21.843234716,5
v1.1,15,0,5.131890493,5
v1.1,15,1,0.73325717,5
v1.1,15,2,26.02280507,5
v1.1,15,3,5.60329577,5
v1.1,16,0,21.663132322,5
v1.1,16,1,19.889628082,5
v1.1,16,2,32.946988684,5
v1.1,16,3,7.271165291,5
v1.1,17,0,11.258242264,5
v1.1,17,1,31.287980323,5
v1.1,17,2,13.691312086,5
v1.1,17,3,29.544095763,5
v1.1,18,0,13.173751187,5
v1.1,18,1,37.269699655,5
v1.1,18,2,43.678483092,5
v1.1,18,3,9.834136272,5
v1.1,19,0,17.035119972,5
v1.1,19,1,43.538503725,5
v1.1,19,2,80.407722765,5
v1.1,19,3,32.374907208,5
v1.1,20,0,26.577555367,5
v1.1,20,1,81.51532833,5
v1.1,20,2,15.463039509,5
v1.1,20,3,38.496872517,5
v1.1,21,0,40.984014099,5
v1.1,21,1,32.422955502,5
v1.1,21,2,28.677136899,5
v1.1,21,3,59.868392935,5
v1.1,22,0,11.534559749,5
v1.1,22,1,12.423294703,5
v1.1,22,2,223.749343374,5
v1.1,22,3,250.476831422,5
v1.1,23,0,3.441763148,5
v1.1,23,1,50.043216453,5
v1.1,23,2,95.672121917,5
v1.1,23,3,106.061883932,5
v1.1,24,0,75.125648401,5
v1.1,24,1,109.27117214,5
v1.1,24,2,222.249142055,5
v1.1,24,3,72.432531675,5
v1.1,25,0,133.380945125,5
v1.1,25,1,90.472032957,5
v1.1,25,2,182.194433132,5
v1.1,25,3,146.75804059,5
v1.1,26,0,90.520552417,5
v1.1,26,1,181.300526144,5
v1.1,26,2,192.418267325,5
v1.1,26,3,257.23515621,5
v1.1,27,0,116.535163042,5
v1.1,27,1,364.573503595,5
v1.1,27,2,462.951891817,5
v1.1,27,3,449.062873307,5
v1.1,28,0,321.076272975,5
v1.1,28,1,210.774408655,5
v1.1,28,2,475.021659343,5
v1.1,28,3,184.588566537,5
v1.1,29,0,357.763743728,5
v1.1,29,1,195.570245112,5
v1.1,29,2,131.752230823,5
v1.1,29,3,417.401097419,5
v1.1,30,0,395.804164839,5
v1.1,30,1,427.970206241,5
v1.1,30,2,33.246553847,5
v1.1,30,3,585.323000646,5
v1.1,5,0,0.002526596,5
v1.1,5,1,0.00214562,5
v1.1,6,0,0.00606234,5
v1.1,6,1,0.01613988,5
v1.1,6,2,0.010023772,5
v1.1,7,0,0.017075734,5
v1.1,7,1,0.035264541,5
v1.1,7,2,0.044855036,5
v1.1,8,0,0.101592386,5
v1.1,8,1,0.040157553,5
v1.1,8,2,0.427194918,5
v1.1,9,0,0.103877118,5
v1.1,9,1,0.539336669,5
v1.1,9,2,0.234228557,5
v1.1,9,3,0.172213921,5
v1.1,10,0,0.527450394,5
v1.1,10,1,0.253497209,5
v1.1,10,2,1.199682844,5
v1.1,10,3,1.739486119,5
v1.1,11,0,2.168993435,5
v1.1,11,1,3.307185127,5
v1.1,11,2,1.845688075,5
v1.1,11,3,0.982371922,5
v1.1,12,0,0.378801174,5
v1.1,12,1,2.357784069,5
v1.1,12,2,7.741795147,5
v1.1,12,3,2.490843638,5
v1.1,13,0,2.346406126,5
v1.1,13,1,2.028341836,5
v1.1,13,2,9.690912318,5
v1.1,13,3,8.918782286,5
v1.1,14,0,2.083420875,5
v1.1,14,1,7.202478724,5
v1.1,14,2,4.063086882,5
v1.1,14,3,7.228025158,5
v1.1,15,0,5.182167268,5
v1.1,15,1,4.924622094,5
v1.1,15,2,8.38517014,5
v1.1,15,3,17.776537176,5
v1.1,16,0,8.50007269,5
v1.1,16,1,14.520425777,5
v1.1,16,2,52.743170589,5
v1.1,16,3,25.632807778,5
v1.1,17,0,5.878306361,5
v1.1,17,1,12.675550674,5
v1.1,17,2,24.565049315,5
v1.1,17,3,9.794135106,5
v1.1,18,0,14.141035119,5
v1.1,18,1,30.121080193,5
v1.1,18,2,42.351175656,5
v1.1,18,3,43.801870571,5
v1.1,19,0,22.119383261,5
v1.1,19,1,55.361412299,5
v1.1,19,2,35.764604416,5
v1.1,19,3,85.01696804,5
v1.1,20,0,84.644326763,5
v1.1,20,1,66.876888826,5
v1.1,20,2,79.278311031,5
v1.1,20,3,30.859349987,5
v1.1,21,0,30.390939501,5
v1.1,21,1,47.903357142,5
v1.1,21,2,68.790934402,5
v1.1,21,3,97.875560996,5
v1.1,22,0,11.726852923,5
v1.1,22,1,46.853235839,5
v1.1,22,2,80.982283424,5
v1.1,22,3,110.490074538,5
v1.1,23,0,72.911030816,5
v1.1,23,1,141.673970062,5
v1.1,23,2,212.700913753,5
v1.1,23,3,33.756205249,5
v1.1,24,0,43.967798545,5
v1.1,24,1,119.505269096,5
v1.1,24,2,44.187554823,5
v1.1,24,3,120.900377434,5
v1.1,25,0,64.163170259,5
v1.1,25,1,73.700714599,5
v1.1,25,2,94.36766756,5
v1.1,26,0,150.976400607,5
v1.1,26,1,41.043242816,5
v1.1,26,2,152.050835566,5
v1.1,26,3,194.661865347,5
v1.1,27,0,185.923682193,5
v1.1,27,1,56.192062214,5
v1.1,27,2,193.258947209,5
v1.1,27,3,295.852228546,5
v1.1,28,0,203.054411594,5
v1.1,28,1,577.034570979,5
v1.1,28,2,733.312205512,5
v1.1,28,3,180.702463011,5
v1.1,29,0,373.430241999,5
v1.1,29,1,669.509617945,5
v1.1,29,2,202.300396681,5
v1.1,29,3,789.312035592,5
v1.1,30,0,54.414023305,5
v1.1,30,1,394.435629226,5
v1.1,30,2,353.064234895,5
v1.1,30,3,293.245156994,5
v1.1,5,0,0.00142201,5
v1.1,5,1,0.004468432,5
v1.1,6,0,0.005390427,5
v1.1,6,1,0.011436856,5
v1.1,6,2,0.026273098,5
v1.1,7,0,0.015309101,5
v1.1,7,1,0.03086027,5
v1.1,7,2,0.026153162,5
v1.1,8,0,0.069586927,5
v1.1,8,1,0.084235487,5
v1.1,8,2,0.131149796,5
v1.1,9,0,0.190703255,5
v1.1,9,1,0.109716728,5
v1.1,9,2,0.312193966,5
v1.1,9,3,0.215968808,5
v1.1,10,0,0.074034188,5
v1.1,10,1,0.737847991,5
v1.1,10,2,0.759406821,5
v1.1,10,3,2.396271298,5
v1.1,11,0,0.538940245,5
v1.1,11,1,0.388534307,5
v1.1,11,2,1.072075971,5
v1.1,11,3,3.913945706,5
v1.1,12,0,0.47754529,5
v1.1,12,1,0.594581324,5
v1.1,12,2,3.719851881,5
v1.1,12,3,5.233607905,5
v1.1,13,0,3.450386669,5
v1.1,13,1,3.174360657,5
v1.1,13,2,3.576175576,5
v1.1,13,3,2.213960296,5
v1.1,14,0,2.03132684,5
v1.1,14,1,8.842007943,5
v1.1,14,2,6.023224309,5
v1.1,14,3,6.200941836,5
v1.1,15,0,1.502267194,5
v1.1,15,1,7.60306839,5
v1.1,15,2,8.028278674,5
v1.1,15,3,1.360748747,5
v1.1,16,0,8.460791263,5
v1.1,16,1,18.198035904,5
v1.1,16,2,20.313823005,5
v1.1,16,3,22.800546331,5
v1.1,17,0,10.807160467,5
v1.1,17,1,9.631731972,5
v1.1,17,2,22.067327751,5
v1.1,17,3,37.907491243,5
v1.1,18,0,24.38101579,5
v1.1,18,1,40.648437294,5
v1.1,18,2,12.84468852,5
v1.1,18,3,33.787912389,5
v1.1,19,0,16.168925682,5
v1.1,19,1,15.730818321,5
v1.1,19,2,47.596687536,5
v1.1,19,3,42.003837886,5
v1.1,20,0,11.220978201,5
v1.1,20,1,69.002193543,5
v1.1,20,2,114.755639185,5
v1.1,20,3,24.144273892,5
v1.1,21,0,8.977286151,5
v1.1,21,1,85.080122921,5
v1.1,21,2,62.872913911,5
v1.1,21,3,109.479522967,5
v1.1,22,0,11.453065738,5
v1.1,22,1,161.671459736,5
v1.1,22,2,18.402158146,5
v1.1,22,3,110.270610307,5
v1.1,23,0,53.340114886,5
v1.1,23,1,168.034428119,5
v1.1,23,2,254.263279805,5
v1.1,23,3,109.178376147,5
v1.1,24,0,207.52236204,5
v1.1,24,1,63.583587834,5
v1.1,24,2,162.652986026,5
v1.1,24,3,204.609762058,5
v1.1,25,0,42.204307454,5
v1.1,25,1,201.57385335,5
v1.1,25,2,306.059135239,5
v1.1,25,3,265.799765778,5
v1.1,26,0,79.922336005,5
v1.1,26,1,361.051029195,5
v1.1,26,2,77.616009107,5
v1.1,26,3,337.723063426,5
v1.1,27,0,32.329728979,5
v1.1,27,1,571.037453697,5
v1.1,27,2,29.158005728,5
v1.1,27,3,367.906573287,5
v1.1,28,0,180.386412919,5
v1.1,28,1,337.251498942,5
v1.1,28,2,349.483965387,5
v1.1,28,3,303.680595227,5
v1.1,29,0,111.728989154,5
v1.1,29,1,444.807604282,5
v1.1,29,2,104.104151539,5
v1.1,29,3,117.173415582,5
v1.1,30,0,61.10162946,5
v1.1,30,1,173.336324594,5
v1.1,30,2,399.815661212,5
v1.1,30,3,438.766713573,5
v1.1,5,0,0.108153116,5
v1.1,5,1,0.005781797,5
v1.1,6,0,0.004992181,5
v1.1,6,1,0.022767974,5
v1.1,7,0,0.037801802,5
v1.1,7,1,0.096927559,5
v1.1,7,2,0.064064197,5
v1.1,8,0,0.093445256,5
v1.1,8,1,0.21086532,5
v1.1,8,2,0.072509391,5
v1.1,9,0,0.098323082,5
v1.1,9,1,1.107765495,5
v1.1,9,2,0.311655158,5
v1.1,9,3,2.902770557,5
v1.1,10,0,0.719075548,5
v1.1,10,1,0.394266537,5
v1.1,10,2,1.469554981,5
v1.1,10,3,1.294866985,5
v1.1,11,0,0.395054462,5
v1.1,11,1,2.494855111,5
v1.1,11,2,1.587691782,5
v1.1,11,3,0.786553226,5
v1.1,12,0,0.800727079,5
v1.1,12,1,1.553199332,5
v1.1,12,2,3.318048553,5
v1.1,12,3,4.12390645,5
v1.1,13,0,1.563051133,5
v1.1,13,1,7.50414793,5
v1.1,13,2,9.60283809,5
v1.1,13,3,7.502561813,5
v1.1,14,0,6.851031644,5
v1.1,14,1,12.898700039,5
v1.1,14,2,3.399866201,5
v1.1,14,3,10.398863927,5
v1.1,15,0,7.328958262,5
v1.1,15,1,10.225949752,5
v1.1,15,2,13.201331632,5
v1.1,15,3,17.234935694,5
v1.1,16,0,8.867093032,5
v1.1,16,1,15.451358012,5
v1.1,16,2,35.655101028,5
v1.1,16,3,13.974986134,5
v1.1,17,0,10.659774414,5
v1.1,17,1,11.481562569,5
v1.1,17,2,47.038430072,5
v1.1,17,3,37.36161416,5
v1.1,18,0,17.952542254,5
v1.1,18,1,11.69540421,5
v1.1,18,2,47.464862472,5
v1.1,18,3,19.312887372,5
v1.1,19,0,25.662540804,5
v1.1,19,1,52.760006419,5
v1.1,19,2,54.489879525,5
v1.1,19,3,74.343418046,5
v1.1,20,0,20.637041441,5
v1.1,20,1,9.829177417,5
v1.1,20,2,17.202267597,5
v1.1,20,3,23.087552178,5
v1.1,21,0,34.288453676,5
v1.1,21,1,4.414594174,5
v1.1,21,3,51.095178988,5
v1.1,22,0,56.21553783,5
v1.1,22,1,71.643429321,5
v1.1,22,2,202.507912607,5
v1.1,22,3,116.514348817,5
v1.1,23,0,115.631151991,5
v1.1,23,1,59.414978,5
v1.1,23,2,106.226187135,5
v1.1,23,3,35.327663258,5
v1.1,24,0,99.504309728,5
v1.1,24,1,92.092588771,5
v1.1,24,2,358.878534667,5
v1.1,24,3,220.633194053,5
v1.1,25,0,110.385602742,5
v1.1,25,1,126.80584929,5
v1.1,25,2,127.769332095,5
v1.1,25,3,157.636431252,5
v1.1,26,0,290.915445572,5
v1.1,26,1,46.173113714,5
v1.1,26,2,97.314104542,5
v1.1,26,3,213.638818146,5
v1.1,27,0,399.977671069,5
v1.1,27,1,199.536333671,5
v1.1,27,2,214.847005245,5
v1.1,27,3,431.514241513,5
v1.1,28,0,39.867140837,5
v1.1,28,1,560.918831235,5
v1.1,28,2,263.664307253,5
v1.1,28,3,810.872981815,5
v1.1,29,0,46.726542704,5
v1.1,29,1,446.818326684,5
v1.1,29,2,330.400767249,5
v1.1,29,3,721.761691037,5
v1.1,30,0,317.972674632,5
v1.1,30,1,203.12360906,5
v1.1,30,2,456.498248326,5
v1.1,30,3,717.826024233,5
v1.1,5,0,0.001785535,5
v1.1,5,1,0.003737076,5
v1.1,6,0,0.006004659,5
v1.1,6,1,0.010569328,5
v1.1,6,2,0.056166917,5
v1.1,7,0,0.016509811,5
v1.1,7,1,0.028837221,5
v1.1,7,2,0.126760555,5
v1.1,8,0,0.098606758,5
v1.1,8,1,0.102487174,5
v1.1,8,2,0.206017927,5
v1.1,9,0,0.17405523,5
v1.1,9,1,0.316422406,5
v1.1,9,2,0.659222173,5
v1.1,9,3,0.944596664,5
v1.1,10,0,0.211155255,5
v1.1,10,1,0.427151591,5
v1.1,10,2,0.705953361,5
v1.1,10,3,0.78307428,5
v1.1,11,0,0.58400461,5
v1.1,11,1,2.390318359,5
v1.1,11,2,2.928209515,5
v1.1,11,3,0.972043111,5
v1.1,12,0,1.448326622,5
v1.1,12,1,1.217670277,5
v1.1,12,2,6.227459357,5
v1.1,12,3,5.298393841,5
v1.1,13,0,0.59741488,5
v1.1,13,1,0.834310045,5
v1.1,13,2,0.648696743,5
v1.1,13,3,5.358506344,5
v1.1,14,0,2.690369002,5
v1.1,14,1,1.796646516,5
v1.1,14,2,5.899811851,5
v1.1,14,3,0.685932805,5
v1.1,15,0,4.898115615,5
v1.1,15,1,4.94941962,5
v1.1,15,2,9.013137443,5
v1.1,15,3,12.829290735,5
v1.1,16,0,3.29216708,5
v1.1,16,1,1.215034073,5
v1.1,16,2,4.921233602,5
v1.1,16,3,11.011020049,5
v1.1,17,0,2.583901459,5
v1.1,17,1,10.218089713,5
v1.1,17,2,20.481687502,5
v1.1,17,3,20.457947248,5
v1.1,18,0,17.704588292,5
v1.1,18,1,1.178631224,5
v1.1,18,2,18.393967426,5
v1.1,18,3,10.289860335,5
v1.1,19,0,39.908491654,5
v1.1,19,1,39.873832828,5
v1.1,19,2,46.384523431,5
v1.1,19,3,77.292340481,5
v1.1,20,0,33.731769649,5
v1.1,20,1,40.049627812,5
v1.1,20,2,98.146299382,5
v1.1,20,3,30.466398953,5
v1.1,21,0,81.529447749,5
v1.1,21,1,18.861100254,5
v1.1,21,2,138.773574537,5
v1.1,21,3,202.003235122,5
v1.1,22,0,28.027927267,5
v1.1,22,1,173.469253398,5
v1.1,22,2,6.657130712,5
v1.1,22,3,58.158416007,5
v1.1,23,0,175.734075351,5
v1.1,23,1,25.346957184,5
v1.1,23,2,269.675159802,5
v1.1,23,3,261.465470346,5
v1.1,24,0,124.768976828,5
v1.1,24,1,109.236656728,5
v1.1,24,2,293.96222036,5
v1.1,24,3,284.066651335,5
v1.1,25,0,70.507911473,5
v1.1,25,1,231.13803371,5
v1.1,25,2,156.014969306,5
v1.1,25,3,313.814758451,5
v1.1,26,0,154.042220653,5
v1.1,26,1,237.133029938,5
v1.1,26,2,65.726812758,5
v1.1,26,3,352.342619316,5
v1.1,27,0,110.451795406,5
v1.1,27,1,100.764681703,5
v1.1,27,2,386.667148285,5
v1.1,27,3,420.35489592,5
v1.1,28,0,137.827647274,5
v1.1,28,1,159.444712411,5
v1.1,28,2,708.639928494,5
v1.1,28,3,446.659968641,5
v1.1,29,0,183.377469632,5
v1.1,29,1,765.998110338,5
v1.1,29,2,248.297889234,5
v1.1,29,3,538.66447044,5
v1.1,30,0,229.872671504,5
v1.1,30,1,186.516062124,5
v1.1,30,2,890.157823023,5
v1.1,30,3,158.831990843,5
v1.1,5,0,0.001993573,5
v1.1,5,1,0.004022126,5
v1.1,6,0,0.006890154,5
v1.1,6,1,0.011231391,5
v1.1,7,0,0.017031039,5
v1.1,7,1,0.085752325,5
v1.1,7,2,0.177418093,5
v1.1,8,0,0.036065618,5
v1.1,8,1,0.18531936,5
v1.1,8,2,0.078726054,5
v1.1,9,0,0.135645715,5
v1.1,9,1,0.614744153,5
v1.1,9,2,0.077436854,5
v1.1,9,3,0.25531474,5
v1.1,10,0,0.34768252,5
v1.1,10,1,0.509255212,5
v1.1,10,2,1.56226281,5
v1.1,10,3,0.391427206,5
v1.1,11,0,0.596472825,5
v1.1,11,1,1.587188066,5
v1.1,11,2,1.002375341,5
v1.1,11,3,1.377578444,5
v1.1,12,0,1.998452217,5
v1.1,12,1,0.933676755,5
v1.1,12,2,2.65427829,5
v1.1,12,3,2.883037208,5
v1.1,13,0,2.198456881,5
v1.1,13,1,2.657181316,5
v1.1,13,2,2.45662574,5
v1.1,13,3,9.912855968,5
v1.1,14,0,12.98777353,5
v1.1,14,1,4.826240108,5
v1.1,14,2,11.567294417,5
v1.1,14,3,7.638581366,5
v1.1,15,0,4.044621207,5
v1.1,15,1,26.130971619,5
v1.1,15,2,24.212502724,5
v1.1,15,3,27.142960493,5
v1.1,16,0,5.280384057,5
v1.1,16,1,22.258361342,5
v1.1,16,2,19.465190926,5
v1.1,16,3,4.322170923,5
v1.1,17,0,20.366310215,5
v1.1,17,1,3.373576178,5
v1.1,17,2,46.123691091,5
v1.1,17,3,25.487447362,5
v1.1,18,0,19.284536004,5
v1.1,18,1,82.664488014,5
v1.1,18,2,25.639633371,5
v1.1,18,3,40.093125526,5
v1.1,19,0,28.410077804,5
v1.1,19,1,45.952948554,5
v1.1,19,2,47.524246497,5
v1.1,19,3,10.949026493,5
v1.1,20,0,18.840120565,5
v1.1,20,1,36.761936508,5
v1.1,20,2,79.543584157,5
v1.1,20,3,65.64172373,5
v1.1,21,0,14.960009886,5
v1.1,21,1,51.196375831,5
v1.1,21,2,114.998157534,5
v1.1,21,3,86.329689178,5
v1.1,22,0,13.179712775,5
v1.1,22,1,166.949995646,5
v1.1,22,2,37.41319327,5
v1.1,22,3,69.981361899,5
v1.1,23,0,43.07011747,5
v1.1,23,1,139.094316187,5
v1.1,23,2,56.350372597,5
v1.1,23,3,135.206741062,5
v1.1,24,0,98.334638249,5
v1.1,24,1,124.615201768,5
v1.1,24,2,365.398899676,5
v1.1,24,3,195.573361875,5
v1.1,25,0,160.610065474,5
v1.1,25,1,90.196829151,5
v1.1,25,2,100.443709884,5
v1.1,25,3,168.863868976,5
v1.1,26,0,89.143047834,5
v1.1,26,1,90.58287133,5
v1.1,26,2,143.384738412,5
v1.1,26,3,22.301810041,5
v1.1,27,0,244.695824884,5
v1.1,27,1,425.885355931,5
v1.1,27,2,333.002298249,5
v1.1,27,3,97.68390574,5
v1.1,28,0,281.909374503,5
v1.1,28,1,211.106855984,5
v1.1,28,2,216.48322149,5
v1.1,28,3,89.779856595,5
v1.1,29,0,129.589014609,5
v1.1,29,1,159.181704847,5
v1.1,29,2,834.973214252,5
v1.1,29,3,1055.14370416,5
v1.1,30,0,118.205922975,5
v1.1,30,1,329.397037978,5
v1.1,30,2,1004.74800376,5
v1.1,30,3,1090.874555742,5
v1.1,5,0,0.00150422,5
v1.1,5,1,0.006026392,5
v1.1,6,0,0.008567749,5
v1.1,6,1,0.009864503,5
v1.1,6,2,0.02133564,5
v1.1,7,0,0.015394845,5
v1.1,7,1,0.024009791,5
v1.1,7,2,0.068464661,5
v1.1,8,0,0.037819825,5
v1.1,8,1,0.19800246,5
v1.1,8,2,0.190454076,5
v1.1,9,0,0.110353957,5
v1.1,9,1,0.145838832,5
v1.1,9,2,0.411451181,5
v1.1,9,3,0.843343745,5
v1.1,10,0,0.220977879,5
v1.1,10,1,0.873215939,5
v1.1,10,2,0.640159756,5
v1.1,10,3,3.783756687,5
v1.1,11,0,0.931110436,5
v1.1,11,1,1.439648972,5
v1.1,11,2,0.47110108,5
v1.1,11,3,2.931428085,5
v1.1,12,0,0.397323356,5
v1.1,12,1,3.860093867,5
v1.1,12,2,3.075002682,5
v1.1,12,3,1.860684745,5
v1.1,13,0,1.505422429,5
v1.1,13,1,5.377624666,5
v1.1,13,2,3.001425366,5
v1.1,13,3,5.621231331,5
v1.1,14,0,1.130394212,5
v1.1,14,1,4.915485258,5
v1.1,14,2,5.66993531,5
v1.1,14,3,5.266742031,5
v1.1,15,0,2.810832862,5
v1.1,15,1,8.02703544,5
v1.1,15,2,22.21113068,5
v1.1,15,3,38.717391288,5
v1.1,16,0,5.759225063,5
v1.1,16,1,20.374883613,5
v1.1,16,2,1.583047659,5
v1.1,16,3,21.335737962,5
v1.1,17,0,11.990705481,5
v1.1,17,1,15.142735159,5
v1.1,17,2,33.467321999,5
v1.1,17,3,2.236009442,5
v1.1,18,0,9.69281849,5
v1.1,18,1,17.465082991,5
v1.1,18,2,39.287439616,5
v1.1,18,3,30.014493354,5
v1.1,19,0,42.949457498,5
v1.1,19,1,63.181904871,5
v1.1,19,2,45.234293915,5
v1.1,19,3,120.296952263,5
v1.1,20,0,33.967760846,5
v1.1,20,1,44.65578691,5
v1.1,20,2,18.576703273,5
v1.1,20,3,87.680896799,5
v1.1,21,0,17.686672796,5
v1.1,21,1,53.709318744,5
v1.1,21,2,117.945989125,5
v1.1,5,0,3.832718847,3
v1.1,5,1,0.158801039,3
v1.1,6,0,0.007960051,3
v1.1,6,1,0.031355832,3
v1.1,6,2,0.051740437,3
v1.1,7,0,0.029867338,3
v1.1,7,1,0.044328898,3
v1.1,7,2,0.196503533,3
v1.1,8,0,0.099918799,3
v1.1,8,1,0.115961681,3
v1.1,8,2,0.511671817,3
v1.1,9,0,0.197615406,3
v1.1,9,1,0.66318495,3
v1.1,9,2,0.813416368,3
v1.1,9,3,1.577480311,3
v1.1,10,0,0.337668734,3
v1.1,10,1,0.705790464,3
v1.1,10,2,2.008185093,3
v1.1,10,3,1.358128095,3
v1.1,11,0,0.871577148,3
v1.1,11,1,0.907226086,3
v1.1,11,2,0.702474015,3
v1.1,11,3,1.766329757,3
v1.1,12,0,1.32931125,3
v1.1,12,1,7.786608423,3
v1.1,12,2,2.470779543,3
v1.1,12,3,2.404123622,3
v1.1,13,0,2.509408073,3
v1.1,13,1,4.953810328,3
v1.1,13,2,6.730354409,3
v1.1,13,3,1.13093549,3
v1.1,14,0,2.189063235,3
v1.1,14,1,8.609078937,3
v1.1,14,2,8.205127922,3
v1.1,14,3,9.782142096,3
v1.1,15,0,7.434315365,3
v1.1,15,1,12.73907827,3
v1.1,15,2,10.012767609,3
v1.1,15,3,20.756687338,3
v1.1,16,0,18.735350898,3
v1.1,16,1,1.515054928,3
v1.1,16,2,19.651636564,3
v1.1,16,3,40.123381583,3
v1.1,17,0,10.404781716,3
v1.1,17,1,44.846657902,3
v1.1,17,2,55.772089982,3
v1.1,17,3,96.548674518,3
v1.1,18,0,6.973405413,3
v1.1,18,1,62.761217632,3
v1.1,18,2,69.538971475,3
v1.1,18,3,35.667086583,3
v1.1,19,0,23.062986549,3
v1.1,19,1,70.000542629,3
v1.1,19,2,21.189516531,3
v1.1,19,3,107.919278195,3
v1.1,20,0,48.217195034,3
v1.1,20,1,32.161228042,3
v1.1,20,2,116.416950539,3
v1.1,20,3,22.143707139,3
v1.1,21,0,12.381843702,3
v1.1,21,1,78.511518493,3
v1.1,21,2,27.282095488,3
v1.1,21,3,234.934043043,3
v1.1,22,0,59.679397723,3
v1.1,22,1,131.177692686,3
v1.1,22,2,179.62584657,3
v1.1,22,3,91.433316052,3
v1.1,23,0,107.286941846,3
v1.1,23,1,253.650693028,3
v1.1,23,2,250.778992812,3
v1.1,23,3,74.908558376,3
v1.1,24,0,93.778596528,3
v1.1,24,1,37.137213294,3
v1.1,24,2,499.984786971,3
v1.1,24,3,346.274248614,3
v1.1,25,0,48.340884458,3
v1.1,25,1,480.040771435,3
v1.1,25,2,87.639039233,3
v1.1,25,3,139.625559523,3
v1.1,26,0,458.655578808,3
v1.1,26,1,592.192941214,3
v1.1,26,2,624.603102681,3
v1.1,26,3,291.442980107,3
v1.1,27,0,291.471524968,3
v1.1,27,1,362.136819733,3
v1.1,27,2,835.119885841,3
v1.1,27,3,166.339627832,3
v1.1,28,0,408.597364667,3
v1.1,28,1,304.879760794,3
v1.1,28,2,871.382489712,3
v1.1,28,3,313.039777548,3
v1.1,29,0,291.462971789,3
v1.1,29,1,313.386918626,3
v1.1,29,2,1205.208823927,3
v1.1,29,3,339.126857878,3
v1.1,30,0,778.827095774,3
v1.1,30,1,160.606647535,3
v1.1,30,2,1300.471803384,3
v1.1,30,3,636.673125816,3
v1.1,5,0,0.003153306,3
v1.1,5,1,0.008886278,3
v1.1,6,0,0.0074568,3
v1.1,6,1,0.030773373,3
v1.1,6,2,0.021388076,3
v1.1,7,0,0.020008199,3
v1.1,7,1,0.049802963,3
v1.1,7,2,0.096466666,3
v1.1,8,0,0.176331834,3
v1.1,8,1,0.341178276,3
v1.1,8,2,0.35200906,3
v1.1,9,0,0.025383699,3
v1.1,9,1,0.129255061,3
v1.1,9,2,0.160585906,3
v1.1,9,3,1.466401775,3
v1.1,10,0,0.607303495,3
v1.1,10,1,1.020235484,3
v1.1,10,2,1.099172174,3
v1.1,10,3,0.478298548,3
v1.1,11,0,1.102161074,3
v1.1,11,1,3.223185598,3
v1.1,11,2,2.523560621,3
v1.1,11,3,1.077282671,3
v1.1,12,0,2.921546318,3
v1.1,12,1,0.289803799,3
v1.1,12,2,3.077244775,3
v1.1,12,3,6.148830623,3
v1.1,13,0,1.79823722,3
v1.1,13,1,6.615820895,3
v1.1,13,2,22.064189683,3
v1.1,13,3,0.935755809,3
v1.1,14,0,9.684569782,3
v1.1,14,1,8.633995946,3
v1.1,14,2,7.254141254,3
v1.1,14,3,12.549802434,3
v1.1,15,0,11.014482973,3
v1.1,15,1,13.113249959,3
v1.1,15,2,12.005963251,3
v1.1,15,3,23.274670291,3
v1.1,16,0,9.198897558,3
v1.1,16,1,18.999739827,3
v1.1,16,2,2.835673901,3
v1.1,16,3,6.598387122,3
v1.1,17,0,16.910866175,3
v1.1,17,1,15.831380497,3
v1.1,17,2,75.718307845,3
v1.1,17,3,26.586089018,3
v1.1,18,0,19.441776959,3
v1.1,18,1,49.094710675,3
v1.1,18,2,57.518886276,3
v1.1,18,3,143.60892247,3
v1.1,19,0,36.502736555,3
v1.1,19,1,61.626710181,3
v1.1,19,2,103.751842632,3
v1.1,19,3,42.763256152,3
v1.1,20,0,62.645748495,3
v1.1,20,1,70.85885954,3
v1.1,20,2,53.241368915,3
v1.1,20,3,39.163641596,3
v1.1,21,0,3.687426399,3
v1.1,21,1,73.356933547,3
v1.1,21,2,150.14183871,3
v1.1,21,3,220.102828342,3
v1.1,22,0,71.747152101,3
v1.1,22,1,93.343660743,3
v1.1,22,2,192.138085303,3
v1.1,22,3,116.542558069,3
v1.1,23,0,142.026232844,3
v1.1,23,1,164.888559625,3
v1.1,23,2,45.003428711,3
v1.1,23,3,141.054222115,3
v1.1,24,0,68.928998974,3
v1.1,24,1,238.657924801,3
v1.1,24,2,273.373761802,3
v1.1,24,3,543.805985613,3
v1.1,25,0,43.742556019,3
v1.1,25,1,309.841042848,3
v1.1,25,2,598.459229327,3
v1.1,25,3,369.672331663,3
v1.1,26,0,342.804417377,3
v1.1,26,1,534.743572546,3
v1.1,26,2,79.677639003,3
v1.1,26,3,170.846322791,3
v1.1,27,0,92.679986181,3
v1.1,27,1,220.306241512,3
v1.1,27,2,980.720319199,3
v1.1,27,3,736.11232613,3
v1.1,28,0,134.609603924,3
v1.1,28,1,272.737151931,3
v1.1,28,2,106.540426382,3
v1.1,28,3,146.000651252,3
v1.1,29,0,81.224003571,3
v1.1,29,1,1087.827628689,3
v1.1,29,2,1244.621040775,3
v1.1,30,0,668.77520617,3
v1.1,30,1,1144.072340041,3
v1.1,30,2,575.876205008,3
v1.1,30,3,1184.127147214,3
v1.1,5,0,0.002127199,3
v1.1,5,1,0.006656975,3
v1.1,6,0,0.006492314,3
v1.1,6,1,0.019667028,3
v1.1,6,2,0.046693985,3
v1.1,7,0,0.025179249,3
v1.1,7,1,0.087036056,3
v1.1,7,2,0.017270892,3
v1.1,8,0,0.120938702,3
v1.1,8,1,0.430758545,3
v1.1,8,2,0.27619559,3
v1.1,9,0,0.148041768,3
v1.1,9,1,0.825495925,3
v1.1,9,2,0.187078846,3
v1.1,9,3,0.077870624,3
v1.1,10,0,0.376104164,3
v1.1,10,1,0.766026046,3
v1.1,10,2,2.223614539,3
v1.1,10,3,0.563000578,3
v1.1,11,0,1.17207543,3
v1.1,11,1,0.968998952,3
v1.1,11,2,0.902110284,3
v1.1,11,3,2.919730238,3
v1.1,12,0,1.036705815,3
v1.1,12,1,3.763478645,3
v1.1,12,2,4.770051676,3
v1.1,12,3,9.455349665,3
v1.1,13,0,1.791149763,3
v1.1,13,1,5.072522183,3
v1.1,13,2,11.759832852,3
v1.1,13,3,5.194463498,3
v1.1,14,0,1.793579189,3
v1.1,14,1,4.022686962,3
v1.1,14,2,14.326050885,3
v1.1,14,3,9.387135843,3
v1.1,15,0,9.687387054,3
v1.1,15,1,6.731687793,3
v1.1,15,2,1.642986397,3
v1.1,15,3,2.31317875,3
v1.1,16,0,3.450679106,3
v1.1,16,1,8.197937131,3
v1.1,16,2,40.530885431,3
v1.1,16,3,43.356503929,3
v1.1,17,0,15.467729797,3
v1.1,17,1,17.737638743,3
v1.1,17,2,42.024548476,3
v1.1,17,3,76.475126323,3
v1.1,18,0,71.99423261,3
v1.1,18,1,24.541214495,3
v1.1,18,2,96.536421638,3
v1.1,18,3,38.247876059,3
v1.1,19,0,65.012854303,3
v1.1,19,1,39.21372775,3
v1.1,19,2,65.138942184,3
v1.1,19,3,17.72090839,3
v1.1,20,0,27.680348958,3
v1.1,20,1,42.740259074,3
v1.1,20,2,47.932195813,3
v1.1,20,3,253.365207813,3
v1.1,21,0,43.983962827,3
v1.1,21,1,77.735979107,3
v1.1,21,2,143.543461685,3
v1.1,21,3,145.317584578,3
v1.1,22,0,39.366245259,3
v1.1,22,1,124.855054979,3
v1.1,22,2,43.687629388,3
v1.1,22,3,93.346860994,3
v1.1,23,0,112.327350614,3
v1.1,23,1,274.538760243,3
v1.1,23,2,120.068918208,3
v1.1,23,3,224.003538614,3
v1.1,24,0,147.178540239,3
v1.1,24,1,240.407414853,3
v1.1,24,2,231.146517221,3
v1.1,24,3,45.114631948,3
v1.1,25,0,307.363490047,3
v1.1,25,1,185.273256919,3
v1.1,25,2,21.086846484,3
v1.1,25,3,169.146249315,3
v1.1,26,0,33.32940406,3
v1.1,26,1,716.262670654,3
v1.1,26,2,193.989901907,3
v1.1,26,3,570.076757214,3
v1.1,27,0,195.488584507,3
v1.1,27,1,353.516570049,3
v1.1,27,2,27.490347151,3
v1.1,27,3,861.273306695,3
v1.1,28,0,61.641834966,3
v1.1,28,1,186.123060569,3
v1.1,28,2,702.971431358,3
v1.1,28,3,125.257263924,3
v1.1,29,0,468.512653291,3
v1.1,29,1,630.972598503,3
v1.1,29,2,265.482580143,3
v1.1,29,3,611.681953314,3
v1.1,30,0,679.1206247,3
v1.1,30,1,906.062708106,3
v1.1,30,2,861.274612546,3
v1.1,30,3,49.952268986,3
v1.1,5,0,0.002182659,3
v1.1,5,1,0.003823531,3
v1.1,6,0,0.007622152,3
v1.1,6,1,0.013096208,3
v1.1,6,2,0.049122503,3
v1.1,7,0,0.017572204,3
v1.1,7,1,0.050547755,3
v1.1,7,2,0.040466146,3
v1.1,8,0,0.128302918,3
v1.1,8,1,0.196298765,3
v1.1,8,2,0.074093023,3
v1.1,9,0,0.311886068,3
v1.1,9,1,0.757496734,3
v1.1,9,2,0.656565986,3
v1.1,9,3,0.087287156,3
v1.1,10,0,0.202470421,3
v1.1,10,1,0.827806193,3
v1.1,10,2,0.253167846,3
v1.1,10,3,1.650902443,3
v1.1,11,0,0.639650778,3
v1.1,11,1,2.285687038,3
v1.1,11,2,5.003073127,3
v1.1,11,3,4.086838323,3
v1.1,12,0,1.307304101,3
v1.1,12,1,1.647276705,3
v1.1,12,2,3.04359271,3
v1.1,12,3,3.664165756,3
v1.1,13,0,4.321881626,3
v1.1,13,1,4.979276511,3
v1.1,13,2,2.535331456,3
v1.1,13,3,5.574915474,3
v1.1,14,0,7.628038005,3
v1.1,14,1,5.081186619,3
v1.1,14,2,10.399665292,3
v1.1,14,3,3.738596214,3
v1.1,15,0,1.532953099,3
v1.1,15,1,19.569911826,3
v1.1,15,2,8.273360545,3
v1.1,15,3,4.438505796,3
v1.1,16,0,8.002220263,3
v1.1,16,1,16.572569872,3
v1.1,16,2,26.923401466,3
v1.1,16,3,53.842557121,3
v1.1,17,0,10.291649449,3
v1.1,17,1,39.994007584,3
v1.1,17,2,55.573945318,3
v1.1,17,3,46.793088871,3
v1.1,18,0,18.282527549,3
v1.1,18,1,50.842976204,3
v1.1,18,2,58.965223014,3
v1.1,18,3,22.781842652,3
v1.1,19,0,18.801167733,3
v1.1,19,1,57.84143086,3
v1.1,19,2,94.532027121,3
v1.1,19,3,5.363981487,3
v1.1,20,0,13.69294256,3
v1.1,20,1,33.834012071,3
v1.1,20,2,51.384004328,3
v1.1,20,3,68.340747123,3
v1.1,21,0,72.975987272,3
v1.1,21,1,98.692987264,3
v1.1,21,2,242.335907067,3
v1.1,21,3,192.230522794,3
v1.1,22,0,75.540377965,3
v1.1,22,1,78.268596163,3
v1.1,22,2,35.675676859,3
v1.1,22,3,136.124365444,3
v1.1,23,0,74.50582873,3
v1.1,23,1,150.844008817,3
v1.1,23,2,195.292058198,3
v1.1,23,3,138.934338322,3
v1.1,24,0,246.372695225,3
v1.1,24,1,191.625193786,3
v1.1,24,2,384.728005628,3
v1.1,24,3,316.692891425,3
v1.1,25,0,179.335031705,3
v1.1,25,1,424.641717756,3
v1.1,25,2,456.857203754,3
v1.1,25,3,571.335826341,3
v1.1,26,0,133.735862749,3
v1.1,26,1,66.130612534,3
v1.1,26,2,274.900709977,3
v1.1,26,3,195.194421723,3
v1.1,27,0,541.507629723,3
v1.1,27,1,241.42424368,3
v1.1,27,2,252.878254463,3
v1.1,27,3,242.243396735,3
v1.1,28,0,272.910056929,3
v1.1,28,1,90.2841402,3
v1.1,28,2,191.079843549,3
v1.1,28,3,1198.775560972,3
v1.1,29,0,183.507701042,3
v1.1,29,1,995.839343173,3
v1.1,29,2,1296.142651697,3
v1.1,29,3,736.521262063,3
v1.1,30,0,149.175573887,3
v1.1,30,1,266.51688595,3
v1.1,30,2,901.789256205,3
v1.1,30,3,1367.315159998,3
v1.1,5,0,0.002865454,3
v1.1,5,1,0.005667239,3
v1.1,6,0,0.00969728,3
v1.1,6,1,0.022200503,3
v1.1,6,2,0.040210386,3
v1.1,7,0,0.026786623,3
v1.1,7,1,0.276159669,3
v1.1,7,2,0.13786791,3
v1.1,8,0,0.134779388,3
v1.1,8,1,0.119666564,3
v1.1,8,2,0.254816294,3
v1.1,9,0,0.325799903,3
v1.1,9,1,0.84301777,3
v1.1,9,2,0.460335873,3
v1.1,9,3,0.811671827,3
v1.1,10,0,0.350788084,3
v1.1,10,1,0.710861263,3
v1.1,10,2,0.498465511,3
v1.1,10,3,2.251697421,3
v1.1,11,0,0.593314718,3
v1.1,11,1,1.805133599,3
v1.1,11,2,2.385356579,3
v1.1,11,3,3.549354649,3
v1.1,12,0,1.206638512,3
v1.1,12,1,4.20320369,3
v1.1,12,2,3.421911122,3
v1.1,12,3,3.8972582,3
v1.1,13,0,2.400341344,3
v1.1,13,1,8.699766929,3
v1.1,13,2,3.27259191,3
v1.1,13,3,9.013524051,3
v1.1,14,0,3.257117822,3
v1.1,14,1,18.589736122,3
v1.1,14,2,4.97906866,3
v1.1,14,3,29.308773336,3
v1.1,15,0,8.027211357,3
v1.1,15,1,1.145343662,3
v1.1,15,2,39.688470729,3
v1.1,15,3,8.699915238,3
v1.1,16,0,32.744541218,3
v1.1,16,1,29.102825387,3
v1.1,16,2,50.325079373,3
v1.1,16,3,11.317162072,3
v1.1,17,0,17.877080077,3
v1.1,17,1,48.392459912,3
v1.1,17,2,20.960017491,3
v1.1,17,3,45.171883119,3
v1.1,18,0,22.003346912,3
v1.1,18,1,55.182124772,3
v1.1,18,2,64.107740489,3
v1.1,18,3,14.299119308,3
v1.1,19,0,26.741100212,3
v1.1,19,1,67.440601637,3
v1.1,19,2,108.914993599,3
v1.1,19,3,44.844128243,3
v1.1,20,0,34.318081029,3
v1.1,20,1,124.408704683,3
v1.1,20,2,24.492400979,3
v1.1,20,3,57.930104681,3
v1.1,21,0,61.414426518,3
v1.1,21,1,49.292849932,3
v1.1,21,2,41.222860994,3
v1.1,21,3,94.386560843,3
v1.1,22,0,18.001632719,3
v1.1,22,1,18.31492634,3
v1.1,22,2,339.215459144,3
v1.1,22,3,391.711928663,3
v1.1,23,0,5.957748482,3
v1.1,23,1,76.762669195,3
v1.1,23,2,148.32680301,3
v1.1,23,3,159.772750389,3
v1.1,24,0,118.97137272,3
v1.1,24,1,165.32937243,3
v1.1,24,2,346.867808855,3
v1.1,24,3,110.055426831,3
v1.1,25,0,214.684554484,3
v1.1,25,1,138.527940172,3
v1.1,25,2,269.900837885,3
v1.1,25,3,232.961705497,3
v1.1,26,0,127.99862321,3
v1.1,26,1,255.853720132,3
v1.1,26,2,290.929270001,3
v1.1,26,3,370.122256839,3
v1.1,27,0,184.05655483,3
v1.1,27,1,551.353907794,3
v1.1,27,2,683.525806221,3
v1.1,27,3,673.946682739,3
v1.1,28,0,493.821197647,3
v1.1,28,1,328.473186605,3
v1.1,28,2,721.412453733,3
v1.1,28,3,267.10722443,3
v1.1,29,0,569.75726034,3
v1.1,29,1,301.683032012,3
v1.1,29,2,195.219116132,3
v1.1,29,3,614.469981291,3
v1.1,30,0,641.571641484,3
v1.1,30,1,655.497265062,3
v1.1,30,2,48.511572471,3
v1.1,30,3,865.712721122,3
v1.1,5,0,0.004200402,3
v1.1,5,1,0.002603149,3
v1.1,6,0,0.008837205,3
v1.1,6,1,0.024208467,3
v1.1,6,2,0.014164834,3
v1.1,7,0,0.026479744,3
v1.1,7,1,0.055502514,3
v1.1,7,2,0.071237469,3
v1.1,8,0,0.075234924,3
v1.1,8,1,0.059413701,3
v1.1,8,2,0.609900532,3
v1.1,9,0,0.162301059,3
v1.1,9,1,0.736541084,3
v1.1,9,2,0.356423801,3
v1.1,9,3,0.176743768,3
v1.1,10,0,0.787066086,3
v1.1,10,1,0.392222346,3
v1.1,10,2,1.76788528,3
v1.1,10,3,2.56416779,3
v1.1,11,0,3.339952926,3
v1.1,11,1,4.834145673,3
v1.1,11,2,2.76944404,3
v1.1,11,3,1.526912413,3
v1.1,12,0,0.477631351,3
v1.1,12,1,3.716716235,3
v1.1,12,2,11.413517066,3
v1.1,12,3,3.540737008,3
v1.1,13,0,3.371136081,3
v1.1,13,1,2.834611938,3
v1.1,13,2,13.752338744,3
v1.1,13,3,11.23733422,3
v1.1,14,0,2.669930507,3
v1.1,14,1,9.894131687,3
v1.1,14,2,6.235778485,3
v1.1,14,3,11.204364951,3
v1.1,15,0,7.891937349,3
v1.1,15,1,7.198060537,3
v1.1,15,2,12.672289066,3
v1.1,15,3,26.734051393,3
v1.1,16,0,12.671832687,3
v1.1,16,1,21.957206133,3
v1.1,16,2,79.112329917,3
v1.1,16,3,37.105102785,3
v1.1,17,0,8.666025167,3
v1.1,17,1,18.401357193,3
v1.1,17,2,36.31768961,3
v1.1,17,3,12.696130515,3
v1.1,18,0,22.442901,3
v1.1,18,1,42.343865211,3
v1.1,18,2,54.523971183,3
v1.1,18,3,65.797757547,3
v1.1,19,0,29.964954855,3
v1.1,19,1,80.030388134,3
v1.1,19,2,48.396047755,3
v1.1,19,3,119.01356324,3
v1.1,20,0,114.61085672,3
v1.1,20,1,88.600192759,3
v1.1,20,2,109.042310612,3
v1.1,20,3,46.890642402,3
v1.1,21,0,41.43463098,3
v1.1,21,1,74.686757258,3
v1.1,21,2,97.304622335,3
v1.1,21,3,146.603064082,3
v1.1,22,0,18.057639163,3
v1.1,22,1,70.71081114,3
v1.1,22,2,113.343446318,3
v1.1,22,3,160.343365035,3
v1.1,23,0,101.441048416,3
v1.1,23,1,210.064768983,3
v1.1,23,2,308.222242387,3
v1.1,23,3,51.390080072,3
v1.1,24,0,65.746939377,3
v1.1,24,1,178.96798735,3
v1.1,24,2,66.663954548,3
v1.1,24,3,174.949018493,3
v1.1,25,0,98.896389698,3
v1.1,25,1,108.241250237,3
v1.1,25,2,140.777136681,3
v1.1,26,0,236.355971105,3
v1.1,26,1,58.623055786,3
v1.1,26,2,227.551213947,3
v1.1,26,3,293.995092978,3
v1.1,27,0,250.022070872,3
v1.1,27,1,86.190906236,3
v1.1,27,2,289.783929119,3
v1.1,27,3,443.158268432,3
v1.1,28,0,313.471763978,3
v1.1,28,1,863.235731784,3
v1.1,5,0,4.298240634,8
v1.1,5,1,0.162200218,8
v1.1,6,0,0.004831592,8
v1.1,6,1,0.020400074,8
v1.1,6,2,0.041443264,8
v1.1,7,0,0.034027624,8
v1.1,7,1,0.042094342,8
v1.1,7,2,0.114478606,8
v1.1,8,0,0.064596746,8
v1.1,8,1,0.073503784,8
v1.1,8,2,0.300888706,8
v1.1,9,0,0.121029925,8
v1.1,9,1,0.437523495,8
v1.1,9,2,0.456150331,8
v1.1,9,3,0.8951405,8
v1.1,10,0,0.192503594,8
v1.1,10,1,0.553449972,8
v1.1,10,2,1.007346503,8
v1.1,10,3,0.708821547,8
v1.1,11,0,0.44979837,8
v1.1,11,1,0.476762418,8
v1.1,11,2,0.395275612,8
v1.1,11,3,0.958848071,8
v1.1,12,0,0.759167036,8
v1.1,12,1,4.585664172,8
v1.1,12,2,1.491722687,8
v1.1,12,3,1.426529493,8
v1.1,13,0,1.549973075,8
v1.1,13,1,2.993735022,8
v1.1,13,2,3.591818233,8
v1.1,13,3,0.438300273,8
v1.1,14,0,0.972975878,8
v1.1,14,1,4.900191451,8
v1.1,14,2,4.704476231,8
v1.1,14,3,5.791431554,8
v1.1,15,0,4.243122384,8
v1.1,15,1,6.976532669,8
v1.1,15,2,5.974517863,8
v1.1,15,3,11.981860486,8
v1.1,16,0,8.826513767,8
v1.1,16,1,0.716245617,8
v1.1,16,2,10.095461454,8
v1.1,5,0,4.017232468,8
v1.1,5,1,0.167183883,8
v1.1,6,0,0.004399686,8
v1.1,6,1,0.015728596,8
v1.1,6,2,0.05986727,8
v1.1,7,0,0.033143608,8
v1.1,7,1,0.03439675,8
v1.1,7,2,0.111553631,8
v1.1,8,0,0.057048207,8
v1.1,8,1,0.06437048,8
v1.1,8,2,0.272231476,8
v1.1,9,0,0.121130373,8
v1.1,9,1,0.376123586,8
v1.1,9,2,0.474878648,8
v1.1,9,3,0.886056337,8
v1.1,10,0,0.208387109,8
v1.1,10,1,0.436942703,8
v1.1,10,2,1.201668292,8
v1.1,10,3,0.900042724,8
v1.1,11,0,0.439781068,8
v1.1,11,1,0.491275202,8
v1.1,11,2,0.389636746,8
v1.1,11,3,0.96399117,8
v1.1,12,0,0.804795974,8
v1.1,12,1,4.568862387,8
v1.1,12,2,1.58985997,8
v1.1,12,3,1.441382451,8
v1.1,13,0,1.640181396,8
v1.1,13,1,2.886845112,8
v1.1,13,2,3.534366224,8
v1.1,13,3,0.402087008,8
v1.1,14,0,0.820389428,8
v1.1,14,1,4.859845492,8
v1.1,14,2,4.589484591,8
v1.1,14,3,5.570875802,8
v1.1,15,0,4.115887931,8
v1.1,15,1,6.349699742,8
v1.1,15,2,5.471005001,8
v1.1,15,3,11.552023949,8
v1.1,16,0,8.997242081,8
v1.1,16,1,1.021456944,8
v1.1,16,2,10.16304992,8
v1.1,16,3,21.686493055,8
v1.1,17,0,5.763212767,8
v1.1,17,1,25.249830368,8
v1.1,17,2,31.864030159,8
v1.1,17,3,49.658317729,8
v1.1,18,0,3.904934353,8
v1.1,18,1,32.713757558,8
v1.1,18,2,34.134922722,8
v1.1,18,3,16.583259796,8
v1.1,19,0,10.249561842,8
v1.1,19,1,32.695672183,8
v1.1,19,2,10.439478957,8
v1.1,19,3,51.326826874,8
v1.1,20,0,22.151229809,8
v1.1,20,1,16.522669512,8
v1.1,20,2,55.634265987,8
v1.1,20,3,12.238048252,8
v1.1,21,0,6.842030043,8
v1.1,21,1,42.109408932,8
v1.1,21,2,14.572158444,8
v1.1,21,3,112.348398038,8
v1.1,22,0,29.462174899,8
v1.1,22,1,67.803252955,8
v1.1,22,2,83.353556789,8
v1.1,22,3,47.00966153,8
v1.1,23,0,55.825135678,8
v1.1,23,1,127.187297852,8
v1.1,23,2,124.918715135,8
v1.1,23,3,39.359317445,8
v1.1,24,0,50.816202144,8
v1.1,24,1,19.223128943,8
v1.1,24,2,242.900629247,8
v1.1,24,3,165.774055594,8
v1.1,25,0,24.430535832,8
v1.1,25,1,242.591382071,8
v1.1,25,2,45.959597171,8
v1.1,25,3,76.566873926,8
v1.1,26,0,222.855915305,8
v1.1,26,1,301.429982683,8
v1.1,26,2,340.31261352,8
v1.1,26,3,158.608997289,8
v1.1,27,0,148.104134967,8
v1.1,27,1,187.841951405,8
v1.1,27,2,423.645769319,8
v1.1,27,3,82.358968655,8
v1.1,28,0,199.345951141,8
v1.1,28,1,147.559820584,8
v1.1,28,2,445.73316344,8
v1.1,28,3,142.336675585,8
v1.1,29,0,129.851855321,8
v1.1,29,1,149.977060213,8
v1.1,29,2,577.34161714,8
v1.1,29,3,158.084156194,8
v1.1,30,0,359.137711672,8
v1.1,30,1,79.418003913,8
v1.1,30,2,616.858330348,8
v1.1,30,3,303.246157216,8
v1.1,5,0,0.002180356,8
v1.1,5,1,0.005371059,8
v1.1,6,0,0.00392636,8
v1.1,6,1,0.014450891,8
v1.1,6,2,0.010383528,8
v1.1,7,0,0.009506311,8
v1.1,7,1,0.059313502,8
v1.1,7,2,0.041264869,8
v1.1,8,0,0.047299693,8
v1.1,8,1,0.104249977,8
v1.1,8,2,0.157660383,8
v1.1,9,0,0.011860445,8
v1.1,9,1,0.057265171,8
v1.1,9,2,0.068873635,8
v1.1,9,3,0.696536738,8
v1.1,10,0,0.27844588,8
v1.1,10,1,0.445221359,8
v1.1,10,2,0.527244755,8
v1.1,10,3,0.286070912,8
v1.1,11,0,0.559835044,8
v1.1,11,1,1.641530659,8
v1.1,11,2,1.332625237,8
v1.1,11,3,0.492688493,8
v1.1,12,0,1.431881098,8
v1.1,12,1,0.15497752,8
v1.1,12,2,1.533230309,8
v1.1,12,3,3.156348398,8
v1.1,13,0,0.864470831,8
v1.1,13,1,3.546174078,8
v1.1,13,2,11.131227411,8
v1.1,13,3,0.474027872,8
v1.1,14,0,5.136364113,8
v1.1,14,1,4.493763607,8
v1.1,14,2,3.802376456,8
v1.1,14,3,6.294196477,8
v1.1,15,0,5.769104678,8
v1.1,15,1,6.875977084,8
v1.1,15,2,6.313456136,8
v1.1,15,3,11.879291011,8
v1.1,16,0,4.802202601,8
v1.1,16,1,9.628742938,8
v1.1,16,2,1.507198581,8
v1.1,16,3,3.379760758,8
v1.1,17,0,8.782662438,8
v1.1,17,1,8.157875833,8
v1.1,17,2,38.944389427,8
v1.1,17,3,14.248109088,8
v1.1,18,0,9.503301947,8
v1.1,18,1,27.463884107,8
v1.1,18,2,31.482771248,8
v1.1,18,3,72.398704263,8
v1.1,19,0,18.966717461,8
v1.1,19,1,32.273099939,8
v1.1,19,2,51.205743528,8
v1.1,19,3,21.32466699,8
v1.1,20,0,37.903075606,8
v1.1,20,1,41.458413302,8
v1.1,20,2,28.840582635,8
v1.1,20,3,20.56040132,8
v1.1,21,0,2.053725933,8
v1.1,21,1,38.918297631,8
v1.1,21,2,71.994964305,8
v1.1,21,3,96.709423227,8
v1.1,22,0,31.822057299,8
v1.1,22,1,45.478602804,8
v1.1,22,2,91.649629367,8
v1.1,22,3,55.242890224,8
v1.1,23,0,69.053736073,8
v1.1,23,1,81.251367583,8
v1.1,23,2,22.618851578,8
v1.1,23,3,72.546152129,8
v1.1,24,0,33.835952956,8
v1.1,24,1,115.667358662,8
v1.1,24,2,130.26511221,8
v1.1,24,3,260.997033241,8
v1.1,25,0,21.975258287,8
v1.1,25,1,154.603539676,8
v1.1,25,2,305.783703778,8
v1.1,25,3,176.97009082,8
v1.1,26,0,164.051838802,8
v1.1,26,1,257.327502224,8
v1.1,26,2,42.462560462,8
v1.1,26,3,77.734668074,8
v1.1,27,0,38.649964535,8
v1.1,27,1,103.465310596,8
v1.1,27,2,442.292769652,8
v1.1,27,3,345.583472778,8
v1.1,28,0,63.564908428,8
v1.1,28,1,136.863438837,8
v1.1,28,2,55.283604604,8
v1.1,28,3,72.781253801,8
v1.1,29,0,36.461198898,8
v1.1,29,1,517.356544689,8
v1.1,29,2,596.203315073,8
v1.1,30,0,312.502481709,8
v1.1,30,1,568.35782118,8
v1.1,30,2,310.867112907,8
v1.1,30,3,639.372780854,8
v1.1,5,0,4.010102682,2
v1.1,5,1,0.161639983,2
v1.1,6,0,0.009259729,2
v1.1,6,1,0.073952868,2
v1.1,6,2,0.062804243,2
v1.1,7,0,0.059443184,2
v1.1,7,1,0.076586876,2
v1.1,7,2,0.221020255,2
v1.1,8,0,0.118181983,2
v1.1,8,1,0.141311582,2
v1.1,8,2,0.612135821,2
v1.1,9,0,0.230636794,2
v1.1,9,1,0.789464652,2
v1.1,9,2,0.979342873,2
v1.1,9,3,1.882132672,2
v1.1,10,0,0.415140286,2
v1.1,10,1,0.809775308,2
v1.1,10,2,2.32005679,2
v1.1,10,3,1.654484042,2
v1.1,11,0,1.025468129,2
v1.1,11,1,1.132863244,2
v1.1,11,2,1.247400325,2
v1.1,11,3,2.174964883,2
v1.1,12,0,1.646154416,2
v1.1,12,1,10.03978518,2
v1.1,12,2,3.439442639,2
v1.1,12,3,3.302799998,2
v1.1,13,0,3.490866259,2
v1.1,13,1,6.78425827,2
v1.1,13,2,9.040338029,2
v1.1,13,3,1.326441918,2
v1.1,14,0,2.059069178,2
v1.1,14,1,11.458719184,2
v1.1,14,2,11.058984017,2
v1.1,14,3,13.927004502,2
v1.1,15,0,10.333889123,2
v1.1,15,1,16.655840889,2
v1.1,15,2,13.532130097,2
v1.1,15,3,29.065679432,2
v1.1,16,0,22.011600301,2
v1.1,16,1,2.192174703,2
v1.1,16,2,24.855836704,2
v1.1,16,3,54.9163785,2
v1.1,17,0,14.174370294,2
v1.1,17,1,63.274822014,2
v1.1,17,2,81.42090368,2
v1.1,17,3,114.994873489,2
v1.1,18,0,8.814340064,2
v1.1,18,1,86.66691512,2
v1.1,18,2,84.989335304,2
v1.1,18,3,42.178105176,2
v1.1,19,0,27.514805626,2
v1.1,19,1,83.017001835,2
v1.1,19,2,25.40162504,2
v1.1,19,3,139.504973007,2
v1.1,20,0,55.846153115,2
v1.1,20,1,41.472972658,2
v1.1,20,2,147.955548325,2
v1.1,20,3,30.870996461,2
v1.1,21,0,16.857830029,2
v1.1,21,1,108.292384115,2
v1.1,21,2,36.540695403,2
v1.1,21,3,283.388693446,2
v1.1,22,0,75.604318357,2
v1.1,22,1,172.635708248,2
v1.1,22,2,218.059838664,2
v1.1,22,3,121.666262798,2
v1.1,23,0,146.113787091,2
v1.1,23,1,343.850748538,2
v1.1,23,2,315.251003861,2
v1.1,23,3,104.23709028,2
v1.1,24,0,124.04148967,2
v1.1,24,1,50.214322557,2
v1.1,24,2,671.547838011,2
v1.1,24,3,490.405711129,2
v1.1,25,0,74.852118171,2
v1.1,25,1,646.519673718,2
v1.1,25,2,116.498424022,2
v1.1,25,3,188.496519782,2
v1.1,26,0,596.973039609,2
v1.1,26,1,779.322290742,2
v1.1,26,2,841.273588101,2
v1.1,26,3,391.113897336,2
v1.1,27,0,388.55886386,2
v1.1,27,1,456.784004481,2
v1.1,27,2,1156.759330819,2
v1.1,27,3,221.098246219,2
v1.1,28,0,580.594507579,2
v1.1,28,1,378.644485525,2
v1.1,28,2,1152.058976601,2
v1.1,28,3,363.689300909,2
v1.1,29,0,369.076802911,2
v1.1,29,1,413.814977261,2
v1.1,29,2,1611.900103916,2
v1.1,29,3,448.716935368,2
v1.1,30,0,1037.230205339,2
v1.1,30,1,210.626703628,2
v1.1,30,2,1728.583860291,2
v1.1,30,3,846.497332586,2
v1.1,5,0,0.004088133,2
v1.1,5,1,0.011865509,2
v1.1,6,0,0.011394132,2
v1.1,6,1,0.048521623,2
v1.1,6,2,0.029927753,2
v1.1,7,0,0.028673097,2
v1.1,7,1,0.073102255,2
v1.1,7,2,0.136079453,2
v1.1,8,0,0.223998685,2
v1.1,8,1,0.367194473,2
v1.1,8,2,0.374459479,2
v1.1,9,0,0.039072053,2
v1.1,9,1,0.189729967,2
v1.1,9,2,0.319409988,2
v1.1,9,3,2.00633463,2
v1.1,10,0,0.706724318,2
v1.1,10,1,1.360604687,2
v1.1,10,2,1.482413305,2
v1.1,10,3,0.723360022,2
v1.1,11,0,1.38914668,2
v1.1,11,1,4.528467116,2
v1.1,11,2,3.497604174,2
v1.1,11,3,1.333042374,2
v1.1,12,0,3.956801314,2
v1.1,12,1,0.36752885,2
v1.1,12,2,4.156383759,2
v1.1,12,3,8.414321617,2
v1.1,13,0,2.339572066,2
v1.1,13,1,9.239711427,2
v1.1,13,2,29.371830654,2
v1.1,13,3,1.232695781,2
v1.1,14,0,13.061499003,2
v1.1,14,1,11.726600942,2
v1.1,14,2,9.664347087,2
v1.1,14,3,16.704221717,2
v1.1,15,0,14.873268992,2
v1.1,15,1,17.432707811,2
v1.1,15,2,16.064105099,2
v1.1,15,3,30.669441762,2
v1.1,16,0,12.071706967,2
v1.1,16,1,25.247943337,2
v1.1,16,2,3.685047286,2
v1.1,16,3,8.70859335,2
v1.1,17,0,22.919856457,2
v1.1,17,1,21.176951439,2
v1.1,17,2,99.553798953,2
v1.1,17,3,35.332716704,2
v1.1,18,0,25.871146144,2
v1.1,18,1,71.095271522,2
v1.1,18,2,76.021920086,2
v1.1,18,3,192.670429023,2
v1.1,19,0,51.546406721,2
v1.1,19,1,85.358887502,2
v1.1,19,2,138.900534401,2
v1.1,19,3,59.884576804,2
v1.1,20,0,86.573571341,2
v1.1,20,1,93.059579592,2
v1.1,20,2,71.792367215,2
v1.1,20,3,53.562426346,2
v1.1,21,0,4.638389552,2
v1.1,21,1,100.826261857,2
v1.1,21,2,201.248239623,2
v1.1,21,3,297.475051383,2
v1.1,22,0,91.315762092,2
v1.1,22,1,123.967091013,2
v1.1,22,2,253.904743336,2
v1.1,22,3,142.450703769,2
v1.1,23,0,189.400732985,2
v1.1,23,1,220.609165954,2
v1.1,23,2,59.286333734,2
v1.1,23,3,185.758871168,2
v1.1,24,0,89.653651917,2
v1.1,24,1,324.070589235,2
v1.1,24,2,362.937098552,2
v1.1,24,3,727.947459673,2
v1.1,25,0,60.129422704,2
v1.1,25,1,412.564180091,2
v1.1,25,2,817.451212151,2
v1.1,25,3,475.476886682,2
v1.1,26,0,458.697740126,2
v1.1,26,1,712.045284785,2
v1.1,26,2,105.330239177,2
v1.1,26,3,207.545609649,2
v1.1,27,0,103.797834163,2
v1.1,27,1,270.108464607,2
v1.1,27,2,1229.251493661,2
v1.1,27,3,981.793524876,2
v1.1,28,0,182.494430595,2
v1.1,28,1,364.280151303,2
v1.1,28,2,143.470033066,2
v1.1,28,3,191.64330213,2
v1.1,29,0,105.603768574,2
v1.1,29,1,1477.252173037,2
v1.1,29,2,1673.732020422,2
v1.1,30,0,977.19195548,2
v1.1,30,1,1550.675207568,2
v1.1,30,2,772.017510197,2
v1.1,30,3,1666.732180453,2
v1.1,5,0,3.952658242,4
v1.1,5,1,0.167900791,4
v1.1,6,0,0.006451424,4
v1.1,6,1,0.025019591,4
v1.1,6,2,0.063967279,4
v1.1,7,0,0.04288857,4
v1.1,7,1,0.04608425,4
v1.1,7,2,0.169120273,4
v1.1,8,0,0.081953009,4
v1.1,8,1,0.105259337,4
v1.1,8,2,0.439233775,4
v1.1,9,0,0.179932217,4
v1.1,9,1,0.491939099,4
v1.1,9,2,0.56900615,4
v1.1,9,3,1.244335719,4
v1.1,10,0,0.291331313,4
v1.1,10,1,0.556549572,4
v1.1,10,2,1.609361496,4
v1.1,10,3,1.32466658,4
v1.1,11,0,0.677230918,4
v1.1,11,1,0.740344114,4
v1.1,11,2,0.603560147,4
v1.1,11,3,1.522444004,4
v1.1,12,0,1.157548602,4
v1.1,12,1,6.964204059,4
v1.1,12,2,2.381174048,4
v1.1,12,3,1.88954407,4
v1.1,13,0,2.4060802,4
v1.1,13,1,4.13556693,4
v1.1,13,2,5.660417634,4
v1.1,13,3,0.656320248,4
v1.1,14,0,1.468787393,4
v1.1,14,1,7.949619123,4
v1.1,14,2,7.368664448,4
v1.1,14,3,9.005827483,4
v1.1,15,0,5.424230613,4
v1.1,15,1,9.400067705,4
v1.1,15,2,8.491870699,4
v1.1,15,3,18.604223579,4
v1.1,16,0,13.75081658,4
v1.1,16,1,1.158270078,4
v1.1,16,2,15.970397181,4
v1.1,16,3,35.112476231,4
v1.1,17,0,9.410756116,4
v1.1,17,1,39.185097838,4
v1.1,17,2,50.533412946,4
v1.1,17,3,79.458745928,4
v1.1,18,0,6.253583349,4
v1.1,18,1,53.174692421,4
v1.1,18,2,53.367127139,4
v1.1,18,3,26.656747198,4
v1.1,19,0,21.991843177,4
v1.1,19,1,54.887102254,4
v1.1,19,2,16.511496538,4
v1.1,19,3,88.229121374,4
v1.1,20,0,37.952774457,4
v1.1,20,1,27.05756775,4
v1.1,20,2,93.33170093,4
v1.1,20,3,19.621787076,4
v1.1,21,0,11.328067938,4
v1.1,21,1,69.064771952,4
v1.1,21,2,23.78505135,4
v1.1,21,3,180.406564798,4
v1.1,22,0,49.241260444,4
v1.1,22,1,109.743940006,4
v1.1,22,2,145.880164698,4
v1.1,22,3,78.009947283,4
v1.1,23,0,96.654297214,4
v1.1,23,1,217.831270649,4
v1.1,23,2,200.829239987,4
v1.1,23,3,66.834761474,4
v1.1,24,0,83.366509461,4
v1.1,24,1,32.079862571,4
v1.1,24,2,428.980514173,4
v1.1,24,3,296.52797696,4
v1.1,25,0,44.550424514,4
v1.1,25,1,411.279325407,4
v1.1,25,2,76.226563023,4
v1.1,25,3,123.634478381,4
v1.1,26,0,387.44260745,4
v1.1,26,1,499.671780964,4
v1.1,26,2,536.177452587,4
v1.1,26,3,250.737683763,4
v1.1,27,0,247.740093932,4
v1.1,27,1,296.37815217,4
v1.1,27,2,681.26558821,4
v1.1,27,3,137.811883426,4
v1.1,28,0,333.970635706,4
v1.1,28,1,238.927854971,4
v1.1,28,2,742.247628134,4
v1.1,28,3,236.746639597,4
v1.1,29,0,231.502293517,4
v1.1,29,1,263.802980465,4
v1.1,29,2,919.200447063,4
v1.1,29,3,261.493945911,4
v1.1,30,0,568.85517038,4
v1.1,30,1,118.682327831,4
v1.1,30,2,1001.064959914,4
v1.1,30,3,513.321129855,4
v1.1,5,0,0.003120377,4
v1.1,5,1,0.008535868,4
v1.1,6,0,0.005669452,4
v1.1,6,1,0.025948123,4
v1.1,6,2,0.017182371,4
v1.1,7,0,0.015354173,4
v1.1,7,1,0.039018457,4
v1.1,7,2,0.120931365,4
v1.1,8,0,0.075950311,4
v1.1,8,1,0.243179137,4
v1.1,8,2,0.258794391,4
v1.1,9,0,0.074656115,4
v1.1,9,1,0.102945095,4
v1.1,9,2,0.176552794,4
v1.1,9,3,1.146821449,4
v1.1,10,0,0.38660245,4
v1.1,10,1,0.734833802,4
v1.1,10,2,0.782364578,4
v1.1,10,3,0.404483502,4
v1.1,11,0,0.831068873,4
v1.1,11,1,2.424870119,4
v1.1,11,2,1.917485118,4
v1.1,11,3,0.716493244,4
v1.1,12,0,2.229534713,4
v1.1,12,1,0.208986574,4
v1.1,12,2,2.27443793,4
v1.1,12,3,4.566110816,4
v1.1,13,0,1.316793354,4
v1.1,13,1,5.312889503,4
v1.1,13,2,18.347868002,4
v1.1,13,3,0.81230072,4
v1.1,14,0,9.027945337,4
v1.1,14,1,8.05677946,4
v1.1,14,2,6.824804378,4
v1.1,14,3,11.901572087,4
v1.1,15,0,10.601383045,4
v1.1,15,1,12.632818404,4
v1.1,15,2,10.951360668,4
v1.1,15,3,19.874103142,4
v1.1,16,0,7.376601117,4
v1.1,16,1,16.630027007,4
v1.1,16,2,2.623848919,4
v1.1,16,3,6.090060154,4
v1.1,17,0,15.004720983,4
v1.1,17,1,12.441643617,4
v1.1,17,2,56.020745427,4
v1.1,17,3,19.57449018,4
v1.1,18,0,13.125096372,4
v1.1,18,1,38.531289737,4
v1.1,18,2,45.535205489,4
v1.1,18,3,107.193291682,4
v1.1,19,0,28.826807619,4
v1.1,19,1,52.995879744,4
v1.1,19,2,87.955565956,4
v1.1,19,3,36.266042417,4
v1.1,20,0,55.476099018,4
v1.1,20,1,59.778738678,4
v1.1,20,2,45.513251052,4
v1.1,20,3,32.928370308,4
v1.1,21,0,2.976826646,4
v1.1,21,1,63.413358088,4
v1.1,21,2,125.668881747,4
v1.1,21,3,181.934008715,4
v1.1,22,0,58.848989979,4
v1.1,22,1,78.699205597,4
v1.1,22,2,165.379486513,4
v1.1,22,3,90.510557914,4
v1.1,23,0,122.156996504,4
v1.1,23,1,125.035152045,4
v1.1,23,2,33.545561634,4
v1.1,23,3,107.97430808,4
v1.1,24,0,50.063618693,4
v1.1,24,1,175.385188196,4
v1.1,24,2,226.533377794,4
v1.1,24,3,456.573928598,4
v1.1,25,0,37.555527015,4
v1.1,25,1,262.905835989,4
v1.1,25,2,524.078718683,4
v1.1,25,3,304.037910773,4
v1.1,26,0,294.36963771,4
v1.1,26,1,456.780754905,4
v1.1,26,2,70.127760775,4
v1.1,26,3,133.753770563,4
v1.1,27,0,67.131700976,4
v1.1,27,1,172.821247445,4
v1.1,27,2,795.580316632,4
v1.1,27,3,570.632804145,4
v1.1,28,0,99.013748368,4
v1.1,28,1,204.287212345,4
v1.1,28,2,80.010452304,4
v1.1,28,3,107.45232771,4
v1.1,29,0,59.104509071,4
v1.1,29,1,817.491239222,4
v1.1,29,2,1028.449857417,4
v1.1,30,0,552.069677698,4
v1.1,30,1,879.294354063,4
v1.1,30,2,446.873965974,4
v1.1,30,3,1003.21085139,4
v1.1,5,0,3.947858682,8
v1.1,5,1,0.162772792,8
v1.1,6,0,0.005143782,8
v1.1,6,1,0.040143402,8
v1.1,6,2,0.058862912,8
v1.1,7,0,0.016064446,8
v1.1,7,1,0.032096538,8
v1.1,7,2,0.101569664,8
v1.1,8,0,0.055898099,8
v1.1,8,1,0.061350284,8
v1.1,8,2,0.272289551,8
v1.1,9,0,0.115897383,8
v1.1,9,1,0.38932246,8
v1.1,9,2,0.449141655,8
v1.1,9,3,0.86189184,8
v1.1,10,0,0.188534431,8
v1.1,10,1,0.441933574,8
v1.1,10,2,1.187972685,8
v1.1,10,3,0.760459732,8
v1.1,11,0,0.493876753,8
v1.1,11,1,0.520178222,8
v1.1,11,2,0.402770806,8
v1.1,11,3,1.014501743,8
v1.1,12,0,0.804799691,8
v1.1,12,1,4.70648463,8
v1.1,12,2,1.588966653,8
v1.1,12,3,1.512664175,8
v1.1,13,0,1.660406792,8
v1.1,13,1,3.078062141,8
v1.1,13,2,3.625172874,8
v1.1,13,3,0.459976022,8
v1.1,14,0,0.969710654,8
v1.1,14,1,5.049448794,8
v1.1,14,2,5.072533687,8
v1.1,14,3,6.541586004,8
v1.1,15,0,4.39915007,8
v1.1,15,1,7.162443558,8
v1.1,15,2,6.080069227,8
v1.1,15,3,12.53835813,8
v1.1,16,0,9.207847526,8
v1.1,16,1,0.769601618,8
v1.1,16,2,10.777785437,8
v1.1,16,3,22.51092204,8
v1.1,17,0,5.53518085,8
v1.1,17,1,24.776481162,8
v1.1,17,2,30.296148892,8
v1.1,17,3,45.330624548,8
v1.1,18,0,3.696096724,8
v1.1,18,1,31.921277462,8
v1.1,18,2,32.80402657,8
v1.1,18,3,17.014910151,8
v1.1,19,0,10.83559877,8
v1.1,19,1,32.662709751,8
v1.1,19,2,10.399314093,8
v1.1,19,3,51.33754219,8
v1.1,20,0,22.06614221,8
v1.1,20,1,16.179243444,8
v1.1,20,2,55.335104833,8
v1.1,20,3,12.135453885,8
v1.1,21,0,6.764391587,8
v1.1,21,1,40.493484542,8
v1.1,21,2,13.994753344,8
v1.1,21,3,107.534409818,8
v1.1,22,0,29.405421687,8
v1.1,22,1,63.864588044,8
v1.1,22,2,81.143390416,8
v1.1,22,3,45.074941381,8
v1.1,23,0,54.987686327,8
v1.1,23,1,125.63942108,8
v1.1,23,2,118.153786075,8
v1.1,23,3,39.752467983,8
v1.1,24,0,49.167184218,8
v1.1,24,1,19.800277318,8
v1.1,24,2,253.977502117,8
v1.1,24,3,172.466716658,8
v1.1,25,0,25.460980317,8
v1.1,25,1,245.618684601,8
v1.1,25,2,46.698561918,8
v1.1,25,3,73.560360597,8
v1.1,26,0,221.843167288,8
v1.1,26,1,299.186548556,8
v1.1,26,2,331.343180536,8
v1.1,26,3,154.618644415,8
v1.1,27,0,144.57658202,8
v1.1,27,1,183.765580295,8
v1.1,27,2,417.320505666,8
v1.1,27,3,81.033277242,8
v1.1,28,0,203.729947152,8
v1.1,28,1,149.977982332,8
v1.1,28,2,455.539081017,8
v1.1,28,3,135.761095514,8
v1.1,29,0,130.52848567,8
v1.1,29,1,156.783344505,8
v1.1,29,2,594.432015643,8
v1.1,29,3,172.887734899,8
v1.1,30,0,389.327408627,8
v1.1,30,1,72.673763933,8
v1.1,30,2,668.609030411,8
v1.1,30,3,302.264273998,8
v1.1,5,0,0.002265757,8
v1.1,5,1,0.005495407,8
v1.1,6,0,0.003782112,8
v1.1,6,1,0.014606501,8
v1.1,6,2,0.010474839,8
v1.1,7,0,0.009574001,8
v1.1,7,1,0.02361749,8
v1.1,7,2,0.041766881,8
v1.1,8,0,0.048778737,8
v1.1,8,1,0.154564461,8
v1.1,8,2,0.167912375,8
v1.1,9,0,0.012571371,8
v1.1,9,1,0.108973457,8
v1.1,9,2,0.071139407,8
v1.1,9,3,0.70112066,8
v1.1,10,0,0.293294356,8
v1.1,10,1,0.413986559,8
v1.1,10,2,0.501715539,8
v1.1,10,3,0.280980528,8
v1.1,11,0,0.45897826,8
v1.1,11,1,1.469256373,8
v1.1,11,2,1.169137764,8
v1.1,11,3,0.480431649,8
v1.1,12,0,1.409482116,8
v1.1,12,1,0.095521682,8
v1.1,12,2,1.358829208,8
v1.1,12,3,2.744362356,8
v1.1,13,0,0.767897826,8
v1.1,13,1,2.994513769,8
v1.1,13,2,10.578930929,8
v1.1,13,3,0.466268236,8
v1.1,14,0,5.014276551,8
v1.1,14,1,4.712193817,8
v1.1,14,2,3.717240801,8
v1.1,14,3,6.666404431,8
v1.1,15,0,5.693764022,8
v1.1,15,1,6.896051404,8
v1.1,15,2,6.323026933,8
v1.1,15,3,12.19895414,8
v1.1,16,0,5.130593429,8
v1.1,16,1,10.481763107,8
v1.1,16,2,1.649616432,8
v1.1,16,3,3.778209336,8
v1.1,17,0,9.76904563,8
v1.1,17,1,8.869437995,8
v1.1,17,2,40.640914934,8
v1.1,17,3,14.259276242,8
v1.1,18,0,10.779041724,8
v1.1,18,1,29.545728797,8
v1.1,18,2,31.529270848,8
v1.1,18,3,76.473009312,8
v1.1,19,0,20.560878395,8
v1.1,19,1,33.510695953,8
v1.1,19,2,51.282942956,8
v1.1,19,3,22.843050041,8
v1.1,20,0,35.650269293,8
v1.1,20,1,37.065974527,8
v1.1,20,2,28.557412612,8
v1.1,20,3,20.339816707,8
v1.1,21,0,2.0538493,8
v1.1,21,1,38.097172436,8
v1.1,21,2,75.24849934,8
v1.1,21,3,102.127683761,8
v1.1,22,0,35.575013007,8
v1.1,22,1,46.872559438,8
v1.1,22,2,97.861315186,8
v1.1,22,3,53.206875078,8
v1.1,23,0,71.582018389,8
v1.1,23,1,84.613305217,8
v1.1,23,2,22.789841272,8
v1.1,23,3,74.540539694,8
v1.1,24,0,33.703670564,8
v1.1,24,1,119.656698199,8
v1.1,24,2,141.131221313,8
v1.1,24,3,268.682916404,8
v1.1,25,0,22.843812493,8
v1.1,25,1,161.709710391,8
v1.1,25,2,318.848663703,8
v1.1,25,3,187.383302998,8
v1.1,26,0,170.448239613,8
v1.1,26,1,262.189085419,8
v1.1,26,2,42.851002181,8
v1.1,26,3,80.99471792,8
v1.1,27,0,40.852506591,8
v1.1,27,1,93.91922095,8
v1.1,27,2,436.307190303,8
v1.1,27,3,358.628671729,8
v1.1,28,0,69.36847935,8
v1.1,28,1,143.203847216,8
v1.1,28,2,55.726603882,8
v1.1,28,3,77.781299651,8
v1.1,29,0,41.549135977,8
v1.1,29,1,571.085514155,8
v1.1,29,2,651.937390462,8
v1.1,30,0,348.234593874,8
v1.1,30,1,596.085884045,8
v1.1,30,2,310.802055553,8
v1.1,30,3,648.592906645,8
v1.1,5,0,4.132371887,2
v1.1,5,1,0.173720759,2
v1.1,6,0,0.009017883,2
v1.1,6,1,0.041970758,2
v1.1,6,2,0.069222712,2
v1.1,7,0,0.034730851,2
v1.1,7,1,0.075274695,2
v1.1,7,2,0.22175723,2
v1.1,8,0,0.119756062,2
v1.1,8,1,0.135929736,2
v1.1,8,2,0.607578541,2
v1.1,9,0,0.233795488,2
v1.1,9,1,0.796473107,2
v1.1,9,2,0.97468064,2
v1.1,9,3,1.88006436,2
v1.1,10,0,0.411247597,2
v1.1,10,1,0.819418631,2
v1.1,10,2,2.324700543,2
v1.1,10,3,1.650774669,2
v1.1,11,0,1.021738526,2
v1.1,11,1,1.148950494,2
v1.1,11,2,0.914981422,2
v1.1,11,3,2.549000204,2
v1.1,12,0,1.619891517,2
v1.1,12,1,10.167324727,2
v1.1,12,2,3.490279176,2
v1.1,12,3,3.30116642,2
v1.1,13,0,3.551968398,2
v1.1,13,1,7.049945674,2
v1.1,13,2,9.173990434,2
v1.1,13,3,1.352864516,2
v1.1,14,0,2.093746964,2
v1.1,14,1,11.78308126,2
v1.1,14,2,11.414806831,2
v1.1,14,3,14.370283577,2
v1.1,15,0,10.420526467,2
v1.1,15,1,16.449038175,2
v1.1,15,2,13.88473483,2
v1.1,15,3,29.922271883,2
v1.1,16,0,21.589086557,2
v1.1,16,1,1.753900115,2
v1.1,16,2,25.582586428,2
v1.1,16,3,54.279231871,2
v1.1,17,0,13.927909091,2
v1.1,17,1,65.427966711,2
v1.1,17,2,76.355557731,2
v1.1,17,3,114.209746319,2
v1.1,18,0,9.212815007,2
v1.1,18,1,83.6525524,2
v1.1,18,2,84.859727908,2
v1.1,18,3,40.920384066,2
v1.1,19,0,26.310409189,2
v1.1,19,1,80.09730195,2
v1.1,19,2,25.155492206,2
v1.1,19,3,136.014811828,2
v1.1,20,0,55.587980277,2
v1.1,20,1,41.137867603,2
v1.1,20,2,151.439966595,2
v1.1,20,3,30.233047267,2
v1.1,21,0,16.095392677,2
v1.1,21,1,105.870415508,2
v1.1,21,2,37.1766587,2
v1.1,21,3,276.698871532,2
v1.1,22,0,76.627645256,2
v1.1,22,1,170.040362274,2
v1.1,22,2,225.232438507,2
v1.1,22,3,123.453972944,2
v1.1,23,0,151.114304462,2
v1.1,23,1,344.167592673,2
v1.1,23,2,317.095432242,2
v1.1,23,3,104.762182666,2
v1.1,24,0,122.91254843,2
v1.1,24,1,49.806192114,2
v1.1,24,2,667.505244131,2
v1.1,24,3,457.079058134,2
v1.1,25,0,66.757135306,2
v1.1,25,1,634.381230669,2
v1.1,25,2,115.846559175,2
v1.1,25,3,189.354793536,2
v1.1,26,0,594.216441082,2
v1.1,26,1,773.036861344,2
v1.1,26,2,836.152689226,2
v1.1,26,3,383.148356997,2
v1.1,27,0,386.159424022,2
v1.1,27,1,454.684432351,2
v1.1,27,2,1050.304031064,2
v1.1,27,3,199.897526755,2
v1.1,28,0,535.745826139,2
v1.1,28,1,377.437906588,2
v1.1,28,2,1146.740852805,2
v1.1,28,3,361.083685754,2
v1.1,29,0,370.358313125,2
v1.1,29,1,423.452826432,2
v1.1,29,2,1611.414757785,2
v1.1,29,3,451.896447709,2
v1.1,30,0,980.430415044,2
v1.1,30,1,213.118415512,2
v1.1,30,2,1720.283617782,2
v1.1,30,3,845.517865935,2
v1.1,5,0,0.004008534,2
v1.1,5,1,0.011974072,2
v1.1,6,0,0.01021877,2
v1.1,6,1,0.085626055,2
v1.1,6,2,0.029328507,2
v1.1,7,0,0.027862051,2
v1.1,7,1,0.074783417,2
v1.1,7,2,0.12974848,2
v1.1,8,0,0.143570633,2
v1.1,8,1,0.364053965,2
v1.1,8,2,0.439616429,2
v1.1,9,0,0.035918524,2
v1.1,9,1,0.187471191,2
v1.1,9,2,0.231414937,2
v1.1,9,3,1.993657959,2
v1.1,10,0,0.770323208,2
v1.1,10,1,1.309898159,2
v1.1,10,2,1.426965485,2
v1.1,10,3,0.622495854,2
v1.1,11,0,1.44251082,2
v1.1,11,1,4.37758636,2
v1.1,11,2,3.437293005,2
v1.1,11,3,1.266476981,2
v1.1,12,0,3.823041665,2
v1.1,12,1,0.276465712,2
v1.1,12,2,4.208432964,2
v1.1,12,3,8.429107026,2
v1.1,13,0,2.233291883,2
v1.1,13,1,9.148040984,2
v1.1,13,2,29.226008505,2
v1.1,13,3,1.217835473,2
v1.1,14,0,13.000938314,2
v1.1,14,1,11.841756454,2
v1.1,14,2,9.758609327,2
v1.1,14,3,17.127863532,2
v1.1,15,0,15.035321553,2
v1.1,15,1,17.908731867,2
v1.1,15,2,16.373582398,2
v1.1,15,3,31.478824799,2
v1.1,16,0,12.149358751,2
v1.1,16,1,25.400799638,2
v1.1,16,2,3.62679416,2
v1.1,16,3,8.835556536,2
v1.1,17,0,23.205570758,2
v1.1,17,1,21.457054575,2
v1.1,17,2,100.139963698,2
v1.1,17,3,33.818339556,2
v1.1,18,0,22.832346075,2
v1.1,18,1,68.778474504,2
v1.1,18,2,79.175253949,2
v1.1,18,3,186.152194565,2
v1.1,19,0,48.898026752,2
v1.1,19,1,86.233883193,2
v1.1,19,2,137.331104908,2
v1.1,19,3,57.816016979,2
v1.1,20,0,84.392895891,2
v1.1,20,1,92.747064512,2
v1.1,20,2,71.548484562,2
v1.1,20,3,53.100420142,2
v1.1,21,0,4.518847272,2
v1.1,21,1,99.532665595,2
v1.1,21,2,201.221475302,2
v1.1,21,3,297.607060787,2
v1.1,22,0,89.926091252,2
v1.1,22,1,124.958347662,2
v1.1,22,2,255.816908896,2
v1.1,22,3,138.887101509,2
v1.1,23,0,194.058151502,2
v1.1,23,1,220.423807637,2
v1.1,23,2,57.053091576,2
v1.1,23,3,182.409425034,2
v1.1,24,0,91.55924771,2
v1.1,24,1,311.172977969,2
v1.1,24,2,354.843189223,2
v1.1,24,3,713.228085462,2
v1.1,25,0,58.684388049,2
v1.1,25,1,406.334973513,2
v1.1,25,2,802.788001096,2
v1.1,25,3,468.126740845,2
v1.1,26,0,449.822487719,2
v1.1,26,1,694.37333442,2
v1.1,26,2,103.734512384,2
v1.1,26,3,203.315780805,2
v1.1,27,0,102.379015579,2
v1.1,27,1,267.713671099,2
v1.1,27,2,1211.454625284,2
v1.1,27,3,966.446805375,2
v1.1,28,0,179.024782338,2
v1.1,28,1,358.376115609,2
v1.1,28,2,141.348577874,2
v1.1,28,3,189.020524578,2
v1.1,29,0,104.291965194,2
v1.1,29,1,1463.797987481,2
v1.1,29,2,1634.601530623,2
v1.1,30,0,870.045422057,2
v1.1,30,1,1528.934514729,2
v1.1,30,2,762.619144966,2
v1.1,30,3,1597.39233467,2
v1.1,5,0,3.98092551,4
v1.1,5,1,0.167269952,4
v1.1,6,0,0.00632925,4
v1.1,6,1,0.024288754,4
v1.1,6,2,0.062765585,4
v1.1,7,0,0.040515003,4
v1.1,7,1,0.044204655,4
v1.1,7,2,0.153947484,4
v1.1,8,0,0.078451729,4
v1.1,8,1,0.101536463,4
v1.1,8,2,0.4354728,4
v1.1,9,0,0.159223085,4
v1.1,9,1,0.567464474,4
v1.1,9,2,0.662992902,4
v1.1,9,3,1.30717291,4
v1.1,10,0,0.27126796,4
v1.1,10,1,0.533651699,4
v1.1,10,2,1.696190573,4
v1.1,10,3,1.070734426,4
v1.1,11,0,0.683166275,4
v1.1,11,1,0.719416231,4
v1.1,11,2,0.579664913,4
v1.1,11,3,1.436143232,4
v1.1,12,0,1.104137927,4
v1.1,12,1,6.875290695,4
v1.1,12,2,2.301274592,4
v1.1,12,3,2.154944933,4
v1.1,13,0,2.393886323,4
v1.1,13,1,4.389596107,4
v1.1,13,2,5.348530873,4
v1.1,13,3,0.630441706,4
v1.1,14,0,1.355665915,4
v1.1,14,1,7.889409686,4
v1.1,14,2,7.705926932,4
v1.1,14,3,8.889889143,4
v1.1,15,0,6.34354841,4
v1.1,15,1,10.684029701,4
v1.1,15,2,8.733215284,4
v1.1,15,3,18.845459061,4
v1.1,16,0,13.67865733,4
v1.1,16,1,1.081797975,4
v1.1,16,2,16.300292642,4
v1.1,16,3,34.060612653,4
v1.1,17,0,8.813670578,4
v1.1,17,1,41.020494069,4
v1.1,17,2,48.796291544,4
v1.1,17,3,74.698446349,4
v1.1,18,0,5.350089858,4
v1.1,18,1,49.497625317,4
v1.1,18,2,52.874406444,4
v1.1,18,3,25.792907762,4
v1.1,19,0,16.297651034,4
v1.1,19,1,52.258021956,4
v1.1,19,2,15.894476501,4
v1.1,19,3,84.431384435,4
v1.1,20,0,35.370653763,4
v1.1,20,1,25.866651878,4
v1.1,20,2,90.79521645,4
v1.1,20,3,19.231534555,4
v1.1,21,0,10.682369965,4
v1.1,21,1,65.310171744,4
v1.1,21,2,22.901062486,4
v1.1,21,3,169.926018467,4
v1.1,22,0,47.743248292,4
v1.1,22,1,110.592861798,4
v1.1,22,2,137.945712788,4
v1.1,22,3,74.889513421,4
v1.1,23,0,91.75217709,4
v1.1,23,1,209.252150709,4
v1.1,23,2,197.676923578,4
v1.1,23,3,65.281497816,4
v1.1,24,0,78.055806271,4
v1.1,24,1,31.484504799,4
v1.1,24,2,413.407477067,4
v1.1,24,3,287.582630735,4
v1.1,25,0,42.002005834,4
v1.1,25,1,401.04435714,4
v1.1,25,2,74.81595867,4
v1.1,25,3,120.276189551,4
v1.1,26,0,372.501351395,4
v1.1,26,1,491.428178424,4
v1.1,26,2,508.819094575,4
v1.1,26,3,242.083564578,4
v1.1,27,0,244.542769008,4
v1.1,27,1,285.17408902,4
v1.1,27,2,621.451779965,4
v1.1,27,3,116.124461642,4
v1.1,28,0,297.542413077,4
v1.1,28,1,210.167711304,4
v1.1,28,2,631.192549137,4
v1.1,28,3,207.041479978,4
v1.1,29,0,201.967425742,4
v1.1,29,1,238.394327161,4
v1.1,29,2,911.690569585,4
v1.1,29,3,259.539460077,4
v1.1,30,0,605.153250237,4
v1.1,30,1,118.867336206,4
v1.1,30,2,979.863012968,4
v1.1,30,3,499.365991324,4
v1.1,5,0,0.003256293,4
v1.1,5,1,0.008271803,4
v1.1,6,0,0.00575993,4
v1.1,6,1,0.024914669,4
v1.1,6,2,0.016474418,4
v1.1,7,0,0.0148478,4
v1.1,7,1,0.078099716,4
v1.1,7,2,0.073650541,4
v1.1,8,0,0.126213849,4
v1.1,8,1,0.250682167,4
v1.1,8,2,0.257265777,4
v1.1,9,0,0.020568634,4
v1.1,9,1,0.153674945,4
v1.1,9,2,0.126229639,4
v1.1,9,3,1.085541447,4
v1.1,10,0,0.440857961,4
v1.1,10,1,0.73294858,4
v1.1,10,2,0.8431004,4
v1.1,10,3,0.349280522,4
v1.1,11,0,0.758724551,4
v1.1,11,1,2.386385365,4
v1.1,11,2,1.926390369,4
v1.1,11,3,0.769134142,4
v1.1,12,0,2.1599624,4
v1.1,12,1,0.154107815,4
v1.1,12,2,2.289300299,4
v1.1,12,3,4.528631335,4
v1.1,13,0,1.280045132,4
v1.1,13,1,5.021513227,4
v1.1,13,2,16.510928749,4
v1.1,13,3,0.765217066,4
v1.1,14,0,7.242153496,4
v1.1,14,1,6.560965303,4
v1.1,14,2,5.50718215,4
v1.1,14,3,9.458032068,4
v1.1,15,0,8.19002975,4
v1.1,15,1,9.81217204,4
v1.1,15,2,9.117214685,4
v1.1,15,3,17.333562084,4
v1.1,16,0,6.815838458,4
v1.1,16,1,14.112002781,4
v1.1,16,2,2.256772923,4
v1.1,16,3,4.965895893,4
v1.1,17,0,12.79555073,4
v1.1,17,1,11.86964448,4
v1.1,17,2,55.073226363,4
v1.1,17,3,19.479649867,4
v1.1,18,0,12.805731256,4
v1.1,18,1,39.013841631,4
v1.1,18,2,45.527595149,4
v1.1,18,3,106.628394637,4
v1.1,19,0,27.51990562,4
v1.1,19,1,53.218274927,4
v1.1,19,2,86.159789956,4
v1.1,19,3,35.167446116,4
v1.1,20,0,51.122650097,4
v1.1,20,1,57.050191535,4
v1.1,20,2,45.024864912,4
v1.1,20,3,32.675578076,4
v1.1,21,0,2.987254091,4
v1.1,21,1,56.156250326,4
v1.1,21,2,123.513740019,4
v1.1,21,3,181.209400283,4
v1.1,22,0,53.614632869,4
v1.1,22,1,69.928391729,4
v1.1,22,2,141.370174942,4
v1.1,22,3,78.322381364,4
v1.1,23,0,103.234937003,4
v1.1,23,1,120.249299588,4
v1.1,23,2,33.207807699,4
v1.1,23,3,108.761723269,4
v1.1,24,0,51.664315303,4
v1.1,24,1,175.861754831,4
v1.1,24,2,205.210937527,4
v1.1,24,3,404.539593335,4
v1.1,25,0,33.238425366,4
v1.1,25,1,229.384705879,4
v1.1,25,2,453.714350073,4
v1.1,25,3,268.667253964,4
v1.1,26,0,262.423572916,4
v1.1,26,1,398.540724903,4
v1.1,26,2,62.102312705,4
v1.1,26,3,116.714504059,4
v1.1,27,0,56.593070231,4
v1.1,27,1,150.357955055,4
v1.1,27,2,702.333327238,4
v1.1,27,3,608.652246384,4
v1.1,28,0,112.042815107,4
v1.1,28,1,223.984948662,4
v1.1,28,2,91.300000534,4
v1.1,28,3,109.706189476,4
v1.1,29,0,60.065058099,4
v1.1,29,1,822.792890442,4
v1.1,29,2,929.388225068,4
v1.1,30,0,491.399737228,4
v1.1,30,1,859.001307429,4
v1.1,30,2,441.008536157,4
v1.1,30,3,909.886193831,4
v1.1,5,0,3.832057646,8
v1.1,5,1,0.16061303,8
v1.1,6,0,0.026159906,8
v1.1,6,1,0.015403494,8
v1.1,6,2,0.038339595,8
v1.1,7,0,0.026142384,8
v1.1,7,1,0.032612277,8
v1.1,7,2,0.099272289,8
v1.1,8,0,0.050836379,8
v1.1,8,1,0.05630469,8
v1.1,8,2,0.25159413,8
v1.1,9,0,0.098531713,8
v1.1,9,1,0.339873695,8
v1.1,9,2,0.393308967,8
v1.1,9,3,0.786459454,8
v1.1,10,0,0.159363491,8
v1.1,10,1,0.332143585,8
v1.1,10,2,1.046989948,8
v1.1,10,3,0.627800364,8
v1.1,11,0,0.402489692,8
v1.1,11,1,0.431506411,8
v1.1,11,2,0.36022926,8
v1.1,11,3,0.876521881,8
v1.1,12,0,0.717241152,8
v1.1,12,1,4.203019894,8
v1.1,12,2,1.362938778,8
v1.1,12,3,1.281259443,8
v1.1,13,0,1.438975828,8
v1.1,13,1,2.682319396,8
v1.1,13,2,3.333356262,8
v1.1,13,3,0.38109342,8
v1.1,14,0,0.802570402,8
v1.1,14,1,4.470193762,8
v1.1,14,2,4.378577346,8
v1.1,14,3,5.071419635,8
v1.1,15,0,4.020781112,8
v1.1,15,1,6.058734143,8
v1.1,15,2,5.130988325,8
v1.1,15,3,10.851368731,8
v1.1,16,0,8.083839723,8
v1.1,16,1,0.747862644,8
v1.1,16,2,9.972743023,8
v1.1,16,3,20.842885213,8
v1.1,17,0,5.493718229,8
v1.1,17,1,23.459042736,8
v1.1,17,2,30.237934315,8
v1.1,17,3,42.535579658,8
v1.1,18,0,3.53139713,8
v1.1,18,1,32.250837675,8
v1.1,18,2,28.838180988,8
v1.1,18,3,15.202310833,8
v1.1,19,0,9.50093264,8
v1.1,19,1,29.618810879,8
v1.1,19,2,9.547235242,8
v1.1,19,3,45.341852541,8
v1.1,20,0,20.48459291,8
v1.1,20,1,14.447413958,8
v1.1,20,2,49.729232013,8
v1.1,20,3,11.149637126,8
v1.1,21,0,6.134977406,8
v1.1,21,1,36.543664693,8
v1.1,21,2,11.562842705,8
v1.1,21,3,97.729378356,8
v1.1,22,0,27.008528401,8
v1.1,22,1,62.876163134,8
v1.1,22,2,74.959583797,8
v1.1,22,3,41.724106469,8
v1.1,23,0,52.212306914,8
v1.1,23,1,117.198105872,8
v1.1,23,2,110.597855651,8
v1.1,23,3,33.43876325,8
v1.1,24,0,44.221906171,8
v1.1,24,1,17.824085084,8
v1.1,24,2,228.725181804,8
v1.1,24,3,158.560828231,8
v1.1,25,0,24.016475292,8
v1.1,25,1,220.774828709,8
v1.1,25,2,42.487298462,8
v1.1,25,3,71.580891763,8
v1.1,26,0,210.365510915,8
v1.1,26,1,279.676613213,8
v1.1,26,2,299.40482697,8
v1.1,26,3,143.496648737,8
v1.1,27,0,139.028379056,8
v1.1,27,1,159.592293009,8
v1.1,27,2,384.342012029,8
v1.1,27,3,76.660701342,8
v1.1,28,0,186.405669948,8
v1.1,28,1,132.907686123,8
v1.1,28,2,409.334528878,8
v1.1,28,3,142.169452414,8
v1.1,29,0,136.188450686,8
v1.1,29,1,149.848138653,8
v1.1,29,2,583.891665555,8
v1.1,29,3,161.123999251,8
v1.1,30,0,370.00309314,8
v1.1,30,1,80.480624002,8
v1.1,30,2,642.28261175,8
v1.1,30,3,355.428603225,8
v1.1,5,0,0.002615187,8
v1.1,5,1,0.006944549,8
v1.1,6,0,0.004562916,8
v1.1,6,1,0.018509482,8
v1.1,6,2,0.013196095,8
v1.1,7,0,0.011934025,8
v1.1,7,1,0.029080977,8
v1.1,7,2,0.050769104,8
v1.1,8,0,0.059804237,8
v1.1,8,1,0.197282186,8
v1.1,8,2,0.205440528,8
v1.1,9,0,0.014783524,8
v1.1,9,1,0.074873735,8
v1.1,9,2,0.085520945,8
v1.1,9,3,0.858488674,8
v1.1,10,0,0.351204847,8
v1.1,10,1,0.519835256,8
v1.1,10,2,0.625169981,8
v1.1,10,3,0.335337263,8
v1.1,11,0,0.577092011,8
v1.1,11,1,1.804786743,8
v1.1,11,2,1.505547905,8
v1.1,11,3,0.611794299,8
v1.1,12,0,1.656263536,8
v1.1,12,1,0.174447963,8
v1.1,12,2,1.742320582,8
v1.1,12,3,3.428833936,8
v1.1,13,0,0.979266405,8
v1.1,13,1,3.776940898,8
v1.1,13,2,11.794255288,8
v1.1,13,3,0.500764401,8
v1.1,14,0,5.449970728,8
v1.1,14,1,4.797539188,8
v1.1,14,2,4.087814146,8
v1.1,14,3,6.790174878,8
v1.1,15,0,6.280713895,8
v1.1,15,1,7.563538698,8
v1.1,15,2,6.944276723,8
v1.1,15,3,12.488556412,8
v1.1,16,0,4.600545345,8
v1.1,16,1,9.426042709,8
v1.1,16,2,1.372587161,8
v1.1,16,3,3.210366428,8
v1.1,17,0,8.660686986,8
v1.1,17,1,8.09303411,8
v1.1,17,2,38.932915925,8
v1.1,17,3,14.731352553,8
v1.1,18,0,9.763101825,8
v1.1,18,1,28.847964209,8
v1.1,18,2,33.018701032,8
v1.1,18,3,78.767637745,8
v1.1,19,0,20.420161959,8
v1.1,19,1,34.599040267,8
v1.1,19,2,57.041952772,8
v1.1,19,3,22.806181729,8
v1.1,20,0,35.249470334,8
v1.1,20,1,37.295159095,8
v1.1,20,2,29.021267772,8
v1.1,20,3,21.042751315,8
v1.1,21,0,2.102602699,8
v1.1,21,1,39.174414104,8
v1.1,21,2,76.996425062,8
v1.1,21,3,109.978484127,8
v1.1,22,0,36.16023531,8
v1.1,22,1,48.817529392,8
v1.1,22,2,98.119348239,8
v1.1,22,3,54.302946555,8
v1.1,23,0,72.295735473,8
v1.1,23,1,82.882934394,8
v1.1,23,2,22.902266811,8
v1.1,23,3,78.642303111,8
v1.1,24,0,35.647850895,8
v1.1,24,1,125.521240461,8
v1.1,24,2,138.200544495,8
v1.1,24,3,258.833619134,8
v1.1,25,0,21.81453747,8
v1.1,25,1,156.183280883,8
v1.1,25,2,309.28971644,8
v1.1,25,3,180.521082978,8
v1.1,26,0,164.301007669,8
v1.1,26,1,260.841767489,8
v1.1,26,2,41.426976135,8
v1.1,26,3,76.749229718,8
v1.1,27,0,35.656095492,8
v1.1,27,1,97.965945777,8
v1.1,27,2,459.258308901,8
v1.1,27,3,353.648176844,8
v1.1,28,0,65.266722698,8
v1.1,28,1,136.382098171,8
v1.1,28,2,53.647576636,8
v1.1,28,3,68.376887166,8
v1.1,29,0,36.367903362,8
v1.1,29,1,501.483125161,8
v1.1,29,2,607.584977452,8
v1.1,30,0,333.084156253,8
v1.1,30,1,588.884925783,8
v1.1,30,2,299.905503274,8
v1.1,30,3,573.968225672,8
v1.1,5,0,3.957622129,2
v1.1,5,1,0.168329201,2
v1.1,6,0,0.009214717,2
v1.1,6,1,0.042697491,2
v1.1,6,2,0.067220585,2
v1.1,7,0,0.060524545,2
v1.1,7,1,0.077560664,2
v1.1,7,2,0.232389756,2
v1.1,8,0,0.129192089,2
v1.1,8,1,0.149412357,2
v1.1,8,2,0.648684447,2
v1.1,9,0,0.252123263,2
v1.1,9,1,0.838451597,2
v1.1,9,2,1.01694713,2
v1.1,9,3,1.990866062,2
v1.1,10,0,0.42675612,2
v1.1,10,1,0.897242598,2
v1.1,10,2,2.402937915,2
v1.1,10,3,1.667821154,2
v1.1,11,0,1.059342099,2
v1.1,11,1,1.153958758,2
v1.1,11,2,0.92542656,2
v1.1,11,3,2.327786103,2
v1.1,12,0,2.120434419,2
v1.1,12,1,9.974165986,2
v1.1,12,2,3.438119793,2
v1.1,12,3,3.317749927,2
v1.1,13,0,3.584342738,2
v1.1,13,1,6.88109327,2
v1.1,13,2,9.052113577,2
v1.1,13,3,1.020074071,2
v1.1,14,0,2.491398067,2
v1.1,14,1,11.763029491,2
v1.1,14,2,11.161193215,2
v1.1,14,3,14.384186063,2
v1.1,15,0,10.489295764,2
v1.1,15,1,17.037817013,2
v1.1,15,2,13.734581184,2
v1.1,15,3,29.835030191,2
v1.1,16,0,22.90875265,2
v1.1,16,1,2.262851328,2
v1.1,16,2,25.082256972,2
v1.1,16,3,56.591738845,2
v1.1,17,0,14.492100986,2
v1.1,17,1,62.827879685,2
v1.1,17,2,80.4515742,2
v1.1,17,3,113.724277511,2
v1.1,18,0,9.039247839,2
v1.1,18,1,87.248772021,2
v1.1,18,2,85.080316492,2
v1.1,18,3,41.215889135,2
v1.1,19,0,26.854358859,2
v1.1,19,1,80.527852491,2
v1.1,19,2,25.047275768,2
v1.1,19,3,141.458210171,2
v1.1,20,0,55.927154922,2
v1.1,20,1,41.65531799,2
v1.1,20,2,147.619995908,2
v1.1,20,3,30.025445452,2
v1.1,21,0,16.667276584,2
v1.1,21,1,107.448965279,2
v1.1,21,2,36.958382261,2
v1.1,21,3,284.617271869,2
v1.1,22,0,74.535264486,2
v1.1,22,1,171.3649453,2
v1.1,22,2,219.235991177,2
v1.1,22,3,119.179700774,2
v1.1,23,0,152.771767715,2
v1.1,23,1,341.223497285,2
v1.1,23,2,314.905614363,2
v1.1,23,3,104.743617359,2
v1.1,24,0,123.665443857,2
v1.1,24,1,49.777402917,2
v1.1,24,2,671.621255501,2
v1.1,24,3,457.383980512,2
v1.1,25,0,67.218375764,2
v1.1,25,1,634.565298167,2
v1.1,25,2,116.614460429,2
v1.1,25,3,187.934615823,2
v1.1,26,0,597.376005155,2
v1.1,26,1,776.65600794,2
v1.1,26,2,833.84199541,2
v1.1,26,3,390.617118744,2
v1.1,27,0,387.730787997,2
v1.1,27,1,461.835146234,2
v1.1,27,2,1063.814927933,2
v1.1,27,3,200.945101149,2
v1.1,28,0,541.637443237,2
v1.1,28,1,378.926409388,2
v1.1,28,2,1155.27231372,2
v1.1,28,3,363.47870514,2
v1.1,29,0,370.017181741,2
v1.1,29,1,418.204359813,2
v1.1,29,2,1623.754415606,2
v1.1,29,3,451.365812165,2
v1.1,30,0,1036.348920586,2
v1.1,30,1,211.803354647,2
v1.1,30,2,1736.935638337,2
v1.1,30,3,847.473214697,2
v1.1,5,0,0.005725424,2
v1.1,5,1,0.011636471,2
v1.1,6,0,0.010370655,2
v1.1,6,1,0.04949592,2
v1.1,6,2,0.03017563,2
v1.1,7,0,0.028144021,2
v1.1,7,1,0.072431624,2
v1.1,7,2,0.184793924,2
v1.1,8,0,0.144884927,2
v1.1,8,1,0.433660499,2
v1.1,8,2,0.457846494,2
v1.1,9,0,0.037663981,2
v1.1,9,1,0.188939551,2
v1.1,9,2,0.23520007,2
v1.1,9,3,2.031725541,2
v1.1,10,0,0.814025347,2
v1.1,10,1,1.33447455,2
v1.1,10,2,1.440748816,2
v1.1,10,3,0.711002923,2
v1.1,11,0,1.458881759,2
v1.1,11,1,4.548288978,2
v1.1,11,2,3.597585339,2
v1.1,11,3,1.372925983,2
v1.1,12,0,4.018595731,2
v1.1,12,1,0.364696985,2
v1.1,12,2,4.237769745,2
v1.1,12,3,8.624136406,2
v1.1,13,0,2.324870075,2
v1.1,13,1,9.255447744,2
v1.1,13,2,29.713452218,2
v1.1,13,3,1.250476945,2
v1.1,14,0,13.43392337,2
v1.1,14,1,12.054972374,2
v1.1,14,2,9.872294053,2
v1.1,14,3,16.870928632,2
v1.1,15,0,14.879611307,2
v1.1,15,1,17.751301928,2
v1.1,15,2,16.2897408,2
v1.1,15,3,31.574546383,2
v1.1,16,0,12.185585032,2
v1.1,16,1,25.483898217,2
v1.1,16,2,3.677703945,2
v1.1,16,3,8.842396498,2
v1.1,17,0,23.460309532,2
v1.1,17,1,21.472035727,2
v1.1,17,2,101.538231849,2
v1.1,17,3,34.370909469,2
v1.1,18,0,23.000281667,2
v1.1,18,1,68.488639282,2
v1.1,18,2,78.996915311,2
v1.1,18,3,187.204615849,2
v1.1,19,0,49.065330711,2
v1.1,19,1,86.27797798,2
v1.1,19,2,135.426699169,2
v1.1,19,3,57.759336711,2
v1.1,20,0,84.636103347,2
v1.1,20,1,92.633978322,2
v1.1,20,2,71.789791907,2
v1.1,20,3,53.199502892,2
v1.1,21,0,4.668544497,2
v1.1,21,1,100.036977952,2
v1.1,21,2,199.633994322,2
v1.1,21,3,302.113617406,2
v1.1,22,0,90.483245907,2
v1.1,22,1,123.67786817,2
v1.1,22,2,253.885064543,2
v1.1,22,3,143.110290716,2
v1.1,23,0,186.426256259,2
v1.1,23,1,219.137448958,2
v1.1,23,2,59.21086875,2
v1.1,23,3,224.43915216,2
v1.1,24,0,90.273719135,2
v1.1,24,1,318.427854674,2
v1.1,24,2,359.668586182,2
v1.1,24,3,725.620891263,2
v1.1,25,0,60.497963714,2
v1.1,25,1,411.357622432,2
v1.1,25,2,813.999160217,2
v1.1,25,3,474.270169632,2
v1.1,26,0,456.583595638,2
v1.1,26,1,703.633235392,2
v1.1,26,2,104.803587071,2
v1.1,26,3,205.77295757,2
v1.1,27,0,103.326356652,2
v1.1,27,1,269.291323097,2
v1.1,27,2,1220.842031863,2
v1.1,27,3,977.640907167,2
v1.1,28,0,180.08110515,2
v1.1,28,1,360.797711089,2
v1.1,28,2,144.422906885,2
v1.1,28,3,189.824887779,2
v1.1,29,0,104.432706444,2
v1.1,29,1,1476.601359551,2
v1.1,29,2,1677.645543499,2
v1.1,30,0,880.548994509,2
v1.1,30,1,1523.630842036,2
v1.1,30,2,764.932358734,2
v1.1,30,3,1600.423825731,2
v1.1,5,0,3.910180006,4
v1.1,5,1,0.165689498,4
v1.1,6,0,0.005331919,4
v1.1,6,1,0.021734521,4
v1.1,6,2,0.044286007,4
v1.1,7,0,0.033355849,4
v1.1,7,1,0.043527926,4
v1.1,7,2,0.12671541,4
v1.1,8,0,0.073611516,4
v1.1,8,1,0.080880745,4
v1.1,8,2,0.356257055,4
v1.1,9,0,0.133437917,4
v1.1,9,1,0.464645676,4
v1.1,9,2,0.562212113,4
v1.1,9,3,1.108898408,4
v1.1,10,0,0.225685647,4
v1.1,10,1,0.446291997,4
v1.1,10,2,1.490165474,4
v1.1,10,3,0.911432959,4
v1.1,11,0,0.560945432,4
v1.1,11,1,0.618841006,4
v1.1,11,2,0.508124267,4
v1.1,11,3,1.258182215,4
v1.1,12,0,0.933067326,4
v1.1,12,1,5.71229167,4
v1.1,12,2,1.958129176,4
v1.1,12,3,1.864315464,4
v1.1,13,0,2.016898282,4
v1.1,13,1,3.859233883,4
v1.1,13,2,4.698367395,4
v1.1,13,3,0.56138642,4
v1.1,14,0,1.16716443,4
v1.1,14,1,6.722391551,4
v1.1,14,2,6.760026681,4
v1.1,14,3,7.9631539,4
v1.1,15,0,5.333807943,4
v1.1,15,1,9.088166735,4
v1.1,15,2,7.696383161,4
v1.1,15,3,16.378628471,4
v1.1,16,0,11.600338043,4
v1.1,16,1,0.981558513,4
v1.1,16,2,14.485192262,4
v1.1,16,3,29.603279309,4
v1.1,17,0,7.41974857,4
v1.1,17,1,34.764120506,4
v1.1,17,2,43.04529802,4
v1.1,17,3,65.709291843,4
v1.1,18,0,5.07272195,4
v1.1,18,1,45.839223032,4
v1.1,18,2,45.738703564,4
v1.1,18,3,22.963284162,4
v1.1,19,0,14.604316399,4
v1.1,19,1,45.184161889,4
v1.1,19,2,14.962508476,4
v1.1,19,3,80.166480584,4
v1.1,20,0,30.953655702,4
v1.1,20,1,22.786541075,4
v1.1,20,2,80.577855855,4
v1.1,20,3,17.250871596,4
v1.1,21,0,9.384886608,4
v1.1,21,1,59.011880253,4
v1.1,21,2,20.421336198,4
v1.1,21,3,156.049051322,4
v1.1,22,0,41.792072381,4
v1.1,22,1,93.941864422,4
v1.1,22,2,119.566636384,4
v1.1,22,3,66.421413982,4
v1.1,23,0,80.453951884,4
v1.1,23,1,203.083532732,4
v1.1,23,2,203.242797624,4
v1.1,23,3,66.523686055,4
v1.1,24,0,76.468799322,4
v1.1,24,1,31.825184667,4
v1.1,24,2,407.008607822,4
v1.1,24,3,291.452853877,4
v1.1,25,0,44.278860562,4
v1.1,25,1,387.077728239,4
v1.1,25,2,72.193964737,4
v1.1,25,3,119.83044792,4
v1.1,26,0,371.932983051,4
v1.1,26,1,482.075670081,4
v1.1,26,2,498.241926614,4
v1.1,26,3,240.613973655,4
v1.1,27,0,239.647512604,4
v1.1,27,1,283.653343959,4
v1.1,27,2,651.663483627,4
v1.1,27,3,120.93804546,4
v1.1,28,0,306.545478182,4
v1.1,28,1,228.62859605,4
v1.1,28,2,705.51737681,4
v1.1,28,3,230.356411372,4
v1.1,29,0,226.542238459,4
v1.1,29,1,249.481379867,4
v1.1,29,2,988.898690607,4
v1.1,29,3,281.945576278,4
v1.1,30,0,623.903718302,4
v1.1,30,1,128.410014181,4
v1.1,30,2,1043.201285692,4
v1.1,30,3,494.638631987,4
v1.1,5,0,0.003242795,4
v1.1,5,1,0.008215418,4
v1.1,6,0,0.005791198,4
v1.1,6,1,0.025618746,4
v1.1,6,2,0.016838832,4
v1.1,7,0,0.01478114,4
v1.1,7,1,0.038058019,4
v1.1,7,2,0.118879564,4
v1.1,8,0,0.079609287,4
v1.1,8,1,0.263980435,4
v1.1,8,2,0.265802505,4
v1.1,9,0,0.020892828,4
v1.1,9,1,0.16019151,4
v1.1,9,2,0.188455814,4
v1.1,9,3,1.114414439,4
v1.1,10,0,0.40874016,4
v1.1,10,1,0.684116851,4
v1.1,10,2,0.816999886,4
v1.1,10,3,0.356609005,4
v1.1,11,0,0.827956079,4
v1.1,11,1,2.385601092,4
v1.1,11,2,1.946934473,4
v1.1,11,3,0.715448859,4
v1.1,12,0,2.178984907,4
v1.1,12,1,0.216389412,4
v1.1,12,2,2.27749135,4
v1.1,12,3,4.564577842,4
v1.1,13,0,1.260924662,4
v1.1,13,1,5.009766391,4
v1.1,13,2,16.423738481,4
v1.1,13,3,0.761708624,4
v1.1,14,0,7.177379154,4
v1.1,14,1,6.499314446,4
v1.1,14,2,5.539493445,4
v1.1,14,3,9.382527455,4
v1.1,15,0,8.172503765,4
v1.1,15,1,9.704660657,4
v1.1,15,2,9.004645662,4
v1.1,15,3,17.134611176,4
v1.1,16,0,6.705803062,4
v1.1,16,1,14.00763102,4
v1.1,16,2,2.233923374,4
v1.1,16,3,4.933238331,4
v1.1,17,0,12.520457618,4
v1.1,17,1,11.658460269,4
v1.1,17,2,54.986810895,4
v1.1,17,3,19.78460307,4
v1.1,18,0,14.640637864,4
v1.1,18,1,37.904549964,4
v1.1,18,2,50.448648289,4
v1.1,18,3,119.675698508,4
v1.1,19,0,30.801166487,4
v1.1,19,1,53.970019113,4
v1.1,19,2,92.870080599,4
v1.1,19,3,37.698008898,4
v1.1,20,0,56.443349944,4
v1.1,20,1,61.621222432,4
v1.1,20,2,47.167139122,4
v1.1,20,3,35.106207177,4
v1.1,21,0,3.260013155,4
v1.1,21,1,66.7501847,4
v1.1,21,2,130.667694893,4
v1.1,21,3,184.648072259,4
v1.1,22,0,59.692900764,4
v1.1,22,1,82.540801214,4
v1.1,22,2,162.998063791,4
v1.1,22,3,91.692005248,4
v1.1,23,0,120.249929836,4
v1.1,23,1,139.198576714,4
v1.1,23,2,38.84550237,4
v1.1,23,3,126.891031137,4
v1.1,24,0,59.352676069,4
v1.1,24,1,203.05982221,4
v1.1,24,2,240.671233423,4
v1.1,24,3,464.563826553,4
v1.1,25,0,33.285121992,4
v1.1,25,1,258.20220482,4
v1.1,25,2,509.359654388,4
v1.1,25,3,281.771778413,4
v1.1,26,0,283.244397531,4
v1.1,26,1,432.692060867,4
v1.1,26,2,66.615411762,4
v1.1,26,3,129.022769677,4
v1.1,27,0,64.074590389,4
v1.1,27,1,167.730026072,4
v1.1,27,2,763.965981792,4
v1.1,27,3,596.04409488,4
v1.1,28,0,111.32583413,4
v1.1,28,1,231.986596625,4
v1.1,28,2,90.084362223,4
v1.1,28,3,114.801635177,4
v1.1,29,0,61.473215774,4
v1.1,29,1,949.865469173,4
v1.1,29,2,1046.283980062,4
v1.1,30,0,524.68860319,4
v1.1,30,1,966.560853477,4
v1.1,30,2,462.660407282,4
v1.1,30,3,1034.708341072,4
v1.1,5,0,3.932613892,8
v1.1,5,1,0.166057218,8
v1.1,6,0,0.0052531,8
v1.1,6,1,0.037828126,8
v1.1,6,2,0.058306333,8
v1.1,7,0,0.032019743,8
v1.1,7,1,0.033570846,8
v1.1,7,2,0.124742536,8
v1.1,8,0,0.064496645,8
v1.1,8,1,0.065349409,8
v1.1,8,2,0.278333915,8
v1.1,9,0,0.120889823,8
v1.1,9,1,0.40671338,8
v1.1,9,2,0.466644885,8
v1.1,9,3,0.925905059,8
v1.1,10,0,0.35943768,8
v1.1,10,1,0.373125268,8
v1.1,10,2,0.979969832,8
v1.1,10,3,0.709809606,8
v1.1,11,0,0.44814339,8
v1.1,11,1,0.491424997,8
v1.1,11,2,0.393202728,8
v1.1,11,3,0.945304375,8
v1.1,12,0,0.734561828,8
v1.1,12,1,4.478790677,8
v1.1,12,2,1.517770761,8
v1.1,12,3,1.419216151,8
v1.1,13,0,1.582300724,8
v1.1,13,1,2.901583714,8
v1.1,13,2,3.416670546,8
v1.1,13,3,0.416340046,8
v1.1,14,0,0.871107682,8
v1.1,14,1,4.871617153,8
v1.1,14,2,4.687325795,8
v1.1,14,3,5.688498365,8
v1.1,15,0,4.043694639,8
v1.1,15,1,6.712575246,8
v1.1,15,2,5.829229699,8
v1.1,15,3,11.849249938,8
v1.1,16,0,8.777649138,8
v1.1,16,1,0.760289154,8
v1.1,16,2,10.375838403,8
v1.1,16,3,21.805668402,8
v1.1,17,0,5.601796139,8
v1.1,17,1,25.88031218,8
v1.1,17,2,32.317339391,8
v1.1,17,3,49.146604714,8
v1.1,18,0,3.815539567,8
v1.1,18,1,34.314419674,8
v1.1,18,2,34.01547185,8
v1.1,18,3,17.035315317,8
v1.1,19,0,10.76485879,8
v1.1,19,1,33.258423784,8
v1.1,19,2,10.948324036,8
v1.1,19,3,52.863190853,8
v1.1,20,0,22.964081496,8
v1.1,20,1,16.891031608,8
v1.1,20,2,57.316207872,8
v1.1,20,3,12.657516782,8
v1.1,21,0,7.106403735,8
v1.1,21,1,42.961208508,8
v1.1,21,2,14.800162794,8
v1.1,21,3,114.285896437,8
v1.1,22,0,30.290391921,8
v1.1,22,1,68.649609934,8
v1.1,22,2,83.604702859,8
v1.1,22,3,46.591564523,8
v1.1,23,0,56.917732026,8
v1.1,23,1,126.374650452,8
v1.1,23,2,122.665549957,8
v1.1,23,3,40.322566662,8
v1.1,24,0,49.967769504,8
v1.1,24,1,21.241336406,8
v1.1,24,2,252.061229987,8
v1.1,24,3,181.331694149,8
v1.1,25,0,27.098549608,8
v1.1,25,1,254.660925058,8
v1.1,25,2,48.081426499,8
v1.1,25,3,77.830337394,8
v1.1,26,0,227.558142121,8
v1.1,26,1,313.093428724,8
v1.1,26,2,351.126400286,8
v1.1,26,3,152.385062428,8
v1.1,27,0,145.579323149,8
v1.1,27,1,180.754860916,8
v1.1,27,2,426.941070426,8
v1.1,27,3,83.287424253,8
v1.1,28,0,197.047063605,8
v1.1,28,1,144.517188693,8
v1.1,28,2,439.922450829,8
v1.1,28,3,158.002044547,8
v1.1,29,0,145.663702425,8
v1.1,29,1,171.472216865,8
v1.1,29,2,657.773898485,8
v1.1,29,3,189.683185517,8
v1.1,30,0,383.156234749,8
v1.1,30,1,84.420018465,8
v1.1,30,2,746.891929157,8
v1.1,30,3,377.739034411,8
v1.1,5,0,0.0029662,8
v1.1,5,1,0.006902612,8
v1.1,6,0,0.004874127,8
v1.1,6,1,0.066499864,8
v1.1,6,2,0.013086764,8
v1.1,7,0,0.012175251,8
v1.1,7,1,0.029680457,8
v1.1,7,2,0.051083562,8
v1.1,8,0,0.061987543,8
v1.1,8,1,0.193331059,8
v1.1,8,2,0.218635102,8
v1.1,9,0,0.015813247,8
v1.1,9,1,0.145649204,8
v1.1,9,2,0.086534014,8
v1.1,9,3,0.892186122,8
v1.1,10,0,0.296054874,8
v1.1,10,1,0.542083437,8
v1.1,10,2,0.692504585,8
v1.1,10,3,0.279118167,8
v1.1,11,0,0.607704462,8
v1.1,11,1,1.878813326,8
v1.1,11,2,1.480038516,8
v1.1,11,3,0.598203753,8
v1.1,12,0,1.636150229,8
v1.1,12,1,0.115667841,8
v1.1,12,2,1.700953055,8
v1.1,12,3,3.440334703,8
v1.1,13,0,0.971621742,8
v1.1,13,1,3.904648564,8
v1.1,13,2,12.549419874,8
v1.1,13,3,0.526772102,8
v1.1,14,0,5.665530936,8
v1.1,14,1,5.027550162,8
v1.1,14,2,4.230817036,8
v1.1,14,3,6.913324962,8
v1.1,15,0,6.515636803,8
v1.1,15,1,7.587635723,8
v1.1,15,2,7.033754364,8
v1.1,15,3,13.185291535,8
v1.1,16,0,5.338099283,8
v1.1,16,1,11.377251609,8
v1.1,16,2,1.522286147,8
v1.1,16,3,3.503120406,8
v1.1,17,0,9.125728408,8
v1.1,17,1,8.477053879,8
v1.1,17,2,37.284013054,8
v1.1,17,3,12.878039273,8
v1.1,18,0,9.755887176,8
v1.1,18,1,27.568855743,8
v1.1,18,2,31.09112128,8
v1.1,18,3,75.786273853,8
v1.1,19,0,19.889585956,8
v1.1,19,1,34.687190244,8
v1.1,19,2,57.398877464,8
v1.1,19,3,23.126950986,8
v1.1,20,0,35.674670467,8
v1.1,20,1,37.285552564,8
v1.1,20,2,29.300411462,8
v1.1,20,3,21.494193313,8
v1.1,21,0,2.133211284,8
v1.1,21,1,41.821383045,8
v1.1,21,2,77.812989378,8
v1.1,21,3,111.88021796,8
v1.1,22,0,36.856157502,8
v1.1,22,1,49.189355164,8
v1.1,22,2,99.161023438,8
v1.1,22,3,54.10807083,8
v1.1,23,0,73.915489624,8
v1.1,23,1,85.861019252,8
v1.1,23,2,23.11686814,8
v1.1,23,3,80.7552091,8
v1.1,24,0,37.225948261,8
v1.1,24,1,128.345236666,8
v1.1,24,2,147.627232235,8
v1.1,24,3,278.854401117,8
v1.1,25,0,23.510724558,8
v1.1,25,1,162.914406571,8
v1.1,25,2,318.853169477,8
v1.1,25,3,190.938040516,8
v1.1,26,0,175.001736238,8
v1.1,26,1,285.821985609,8
v1.1,26,2,46.604500523,8
v1.1,26,3,86.323287243,8
v1.1,27,0,41.806848438,8
v1.1,27,1,109.459021878,8
v1.1,27,2,494.228180575,8
v1.1,27,3,396.613425055,8
v1.1,28,0,71.486782322,8
v1.1,28,1,151.929442369,8
v1.1,28,2,59.8273992,8
v1.1,28,3,83.041707871,8
v1.1,29,0,43.695942391,8
v1.1,29,1,607.243861385,8
v1.1,29,2,679.433434399,8
v1.1,30,0,344.539437006,8
v1.1,30,1,588.565478353,8
v1.1,30,2,307.360734419,8
v1.1,30,3,644.516088754,8
v1.1,5,0,3.945007571,2
v1.1,5,1,0.161974372,2
v1.1,6,0,0.009189916,2
v1.1,6,1,0.039375644,2
v1.1,6,2,0.061494745,2
v1.1,7,0,0.034075713,2
v1.1,7,1,0.056932717,2
v1.1,7,2,0.283216506,2
v1.1,8,0,0.120921939,2
v1.1,8,1,0.129508326,2
v1.1,8,2,0.621623923,2
v1.1,9,0,0.234185505,2
v1.1,9,1,0.794290988,2
v1.1,9,2,0.975782315,2
v1.1,9,3,1.899245817,2
v1.1,10,0,0.413760118,2
v1.1,10,1,0.799528546,2
v1.1,10,2,2.323180297,2
v1.1,10,3,1.700309605,2
v1.1,11,0,1.194244239,2
v1.1,11,1,1.331547965,2
v1.1,11,2,1.502631084,2
v1.1,11,3,2.411619494,2
v1.1,12,0,1.669311327,2
v1.1,12,1,10.126014866,2
v1.1,12,2,3.387727539,2
v1.1,12,3,3.234721645,2
v1.1,13,0,3.43989769,2
v1.1,13,1,6.75163653,2
v1.1,13,2,8.719041286,2
v1.1,13,3,1.269761613,2
v1.1,14,0,1.985242772,2
v1.1,14,1,11.166600954,2
v1.1,14,2,10.763475578,2
v1.1,14,3,13.640643039,2
v1.1,15,0,9.917835809,2
v1.1,15,1,16.428046352,2
v1.1,15,2,13.372063513,2
v1.1,15,3,28.626353159,2
v1.1,16,0,21.480008692,2
v1.1,16,1,2.120304994,2
v1.1,16,2,24.380304465,2
v1.1,16,3,54.809737278,2
v1.1,17,0,14.119769707,2
v1.1,17,1,61.814699739,2
v1.1,17,2,79.077102659,2
v1.1,17,3,112.724137993,2
v1.1,18,0,8.872035814,2
v1.1,18,1,86.695392869,2
v1.1,18,2,84.520229085,2
v1.1,18,3,40.847912516,2
v1.1,19,0,26.206389265,2
v1.1,19,1,80.116120507,2
v1.1,19,2,24.792425328,2
v1.1,19,3,137.74410112,2
v1.1,20,0,54.580279022,2
v1.1,20,1,40.84364322,2
v1.1,20,2,146.538559602,2
v1.1,20,3,30.07811734,2
v1.1,21,0,16.252382071,2
v1.1,21,1,105.114140408,2
v1.1,21,2,36.583058182,2
v1.1,21,3,282.805289649,2
v1.1,22,0,77.813899235,2
v1.1,22,1,168.979289922,2
v1.1,22,2,215.77971202,2
v1.1,22,3,122.222630808,2
v1.1,23,0,142.790163074,2
v1.1,23,1,334.19996592,2
v1.1,23,2,312.107604224,2
v1.1,23,3,103.651555326,2
v1.1,24,0,121.674807097,2
v1.1,24,1,48.058404101,2
v1.1,24,2,659.436509829,2
v1.1,24,3,449.650694493,2
v1.1,25,0,65.028468174,2
v1.1,25,1,625.441185915,2
v1.1,25,2,113.219355257,2
v1.1,25,3,185.783821482,2
v1.1,26,0,607.852685101,2
v1.1,26,1,847.431757937,2
v1.1,26,2,899.260758091,2
v1.1,26,3,398.964393364,2
v1.1,27,0,385.925948327,2
v1.1,27,1,455.000804683,2
v1.1,27,2,1053.179528524,2
v1.1,27,3,201.085882249,2
v1.1,28,0,532.992601156,2
v1.1,28,1,403.775435702,2
v1.1,28,2,1140.266776829,2
v1.1,28,3,364.310344668,2
v1.1,29,0,361.858379277,2
v1.1,29,1,419.69393643,2
v1.1,29,2,1605.169594977,2
v1.1,29,3,444.407970902,2
v1.1,30,0,1026.374736561,2
v1.1,30,1,207.589557424,2
v1.1,30,2,1715.531143534,2
v1.1,30,3,854.250724647,2
v1.1,5,0,0.00404529,2
v1.1,5,1,0.013760913,2
v1.1,6,0,0.010160342,2
v1.1,6,1,0.047376972,2
v1.1,6,2,0.029840421,2
v1.1,7,0,0.02918284,2
v1.1,7,1,0.072429967,2
v1.1,7,2,0.192819698,2
v1.1,8,0,0.141601132,2
v1.1,8,1,0.440653556,2
v1.1,8,2,0.462179838,2
v1.1,9,0,0.036261556,2
v1.1,9,1,0.195604854,2
v1.1,9,2,0.321904265,2
v1.1,9,3,1.996445472,2
v1.1,10,0,0.796234568,2
v1.1,10,1,1.338656946,2
v1.1,10,2,1.438381108,2
v1.1,10,3,0.717299849,2
v1.1,11,0,1.483386003,2
v1.1,11,1,4.442016897,2
v1.1,11,2,3.556798549,2
v1.1,11,3,1.380567149,2
v1.1,12,0,4.064241691,2
v1.1,12,1,0.367330018,2
v1.1,12,2,4.277401109,2
v1.1,12,3,8.55157271,2
v1.1,13,0,2.323331815,2
v1.1,13,1,9.223845887,2
v1.1,13,2,30.042565897,2
v1.1,13,3,1.24435759,2
v1.1,14,0,13.348775292,2
v1.1,14,1,12.060845632,2
v1.1,14,2,9.804018225,2
v1.1,14,3,17.191137395,2
v1.1,15,0,14.886969641,2
v1.1,15,1,17.608039347,2
v1.1,15,2,16.30773167,2
v1.1,15,3,31.586741809,2
v1.1,16,0,12.212347483,2
v1.1,16,1,25.691034003,2
v1.1,16,2,3.769411444,2
v1.1,16,3,9.647336355,2
v1.1,17,0,20.185993966,2
v1.1,17,1,19.038217951,2
v1.1,17,2,91.725233253,2
v1.1,17,3,31.949184191,2
v1.1,18,0,22.292505964,2
v1.1,18,1,67.358219061,2
v1.1,18,2,74.896739914,2
v1.1,18,3,188.189708301,2
v1.1,19,0,49.274701928,2
v1.1,19,1,82.915924877,2
v1.1,19,2,136.308576629,2
v1.1,19,3,56.804484092,2
v1.1,20,0,83.232669007,2
v1.1,20,1,92.328162981,2
v1.1,20,2,71.477191322,2
v1.1,20,3,52.724008405,2
v1.1,21,0,4.087881546,2
v1.1,21,1,99.628388184,2
v1.1,21,2,207.941085526,2
v1.1,21,3,285.809840885,2
v1.1,22,0,91.297368635,2
v1.1,22,1,119.455318033,2
v1.1,22,2,254.491216351,2
v1.1,22,3,133.834850657,2
v1.1,23,0,184.41627709,2
v1.1,23,1,213.61193426,2
v1.1,23,2,57.889366803,2
v1.1,23,3,181.031532916,2
v1.1,24,0,87.794007751,2
v1.1,24,1,307.051629029,2
v1.1,24,2,356.225476698,2
v1.1,24,3,713.431365738,2
v1.1,25,0,58.648123696,2
v1.1,25,1,404.806597761,2
v1.1,25,2,799.968781173,2
v1.1,25,3,461.161889137,2
v1.1,26,0,448.737064944,2
v1.1,26,1,683.404777565,2
v1.1,26,2,102.517746143,2
v1.1,26,3,203.218701221,2
v1.1,27,0,99.54994184,2
v1.1,27,1,264.399155391,2
v1.1,27,2,1209.095472832,2
v1.1,27,3,962.352189098,2
v1.1,28,0,176.440261986,2
v1.1,28,1,358.459744253,2
v1.1,28,2,143.276578638,2
v1.1,28,3,189.652153811,2
v1.1,29,0,100.650799472,2
v1.1,29,1,1443.985989322,2
v1.1,29,2,1670.810880649,2
v1.1,30,0,859.019796676,2
v1.1,30,1,1515.875761786,2
v1.1,30,2,756.165395171,2
v1.1,30,3,1578.698385593,2
v1.1,5,0,3.936113261,4
v1.1,5,1,0.159281602,4
v1.1,6,0,0.005601403,4
v1.1,6,1,0.022427201,4
v1.1,6,2,0.068201449,4
v1.1,7,0,0.019948436,4
v1.1,7,1,0.031458517,4
v1.1,7,2,0.125930103,4
v1.1,8,0,0.07171967,4
v1.1,8,1,0.083080204,4
v1.1,8,2,0.358776561,4
v1.1,9,0,0.137019551,4
v1.1,9,1,0.463921168,4
v1.1,9,2,0.552703493,4
v1.1,9,3,1.089568337,4
v1.1,10,0,0.227696509,4
v1.1,10,1,0.441122619,4
v1.1,10,2,1.274984595,4
v1.1,10,3,0.908300353,4
v1.1,11,0,0.566034729,4
v1.1,11,1,0.671255471,4
v1.1,11,2,0.716568192,4
v1.1,11,3,1.20030624,4
v1.1,12,0,0.930735422,4
v1.1,12,1,5.680934574,4
v1.1,12,2,1.923426438,4
v1.1,12,3,1.867989383,4
v1.1,13,0,2.020696046,4
v1.1,13,1,3.8001825,4
v1.1,13,2,4.988817783,4
v1.1,13,3,0.795003693,4
v1.1,14,0,1.145535288,4
v1.1,14,1,6.487048032,4
v1.1,14,2,6.672004748,4
v1.1,14,3,8.107167678,4
v1.1,15,0,5.742883243,4
v1.1,15,1,9.281968834,4
v1.1,15,2,7.576360666,4
v1.1,15,3,16.030461917,4
v1.1,16,0,12.246539883,4
v1.1,16,1,1.276787941,4
v1.1,16,2,14.252258499,4
v1.1,16,3,31.046219171,4
v1.1,17,0,8.11435161,4
v1.1,17,1,34.848299563,4
v1.1,17,2,43.851497041,4
v1.1,17,3,68.049696523,4
v1.1,18,0,5.127234499,4
v1.1,18,1,45.000371138,4
v1.1,18,2,46.927889341,4
v1.1,18,3,23.105293195,4
v1.1,19,0,14.564148266,4
v1.1,19,1,45.254026027,4
v1.1,19,2,14.484466676,4
v1.1,19,3,78.846069086,4
v1.1,20,0,30.461448905,4
v1.1,20,1,23.019278169,4
v1.1,20,2,80.164358424,4
v1.1,20,3,17.361692887,4
v1.1,21,0,9.427980891,4
v1.1,21,1,59.448307326,4
v1.1,21,2,20.976184532,4
v1.1,21,3,160.247121561,4
v1.1,22,0,42.853980501,4
v1.1,22,1,95.475778645,4
v1.1,22,2,120.551179498,4
v1.1,22,3,65.832046705,4
v1.1,23,0,80.44912736,4
v1.1,23,1,191.423063077,4
v1.1,23,2,182.863790474,4
v1.1,23,3,61.057357366,4
v1.1,24,0,70.327775548,4
v1.1,24,1,28.471966876,4
v1.1,24,2,395.098272324,4
v1.1,24,3,279.991325855,4
v1.1,25,0,41.218593,4
v1.1,25,1,402.203571431,4
v1.1,25,2,75.770796464,4
v1.1,25,3,123.834167496,4
v1.1,26,0,347.201655514,4
v1.1,26,1,476.810551091,4
v1.1,26,2,473.959533171,4
v1.1,26,3,246.0921662,4
v1.1,27,0,248.571844027,4
v1.1,27,1,279.891660782,4
v1.1,27,2,649.273676395,4
v1.1,27,3,132.253292572,4
v1.1,28,0,343.701674008,4
v1.1,28,1,239.852613598,4
v1.1,28,2,732.184841568,4
v1.1,28,3,237.238376801,4
v1.1,29,0,240.641213633,4
v1.1,29,1,265.158036528,4
v1.1,29,2,1032.436331365,4
v1.1,29,3,260.625896424,4
v1.1,30,0,580.499696257,4
v1.1,30,1,118.550189559,4
v1.1,30,2,982.045508322,4
v1.1,30,3,496.721417514,4
v1.1,5,0,0.00296578,4
v1.1,5,1,0.008270176,4
v1.1,6,0,0.006183749,4
v1.1,6,1,0.025606719,4
v1.1,6,2,0.017226836,4
v1.1,7,0,0.015501362,4
v1.1,7,1,0.038849652,4
v1.1,7,2,0.072974445,4
v1.1,8,0,0.136339498,4
v1.1,8,1,0.195125445,4
v1.1,8,2,0.202328705,4
v1.1,9,0,0.021318371,4
v1.1,9,1,0.103456321,4
v1.1,9,2,0.185101859,4
v1.1,9,3,1.13846832,4
v1.1,10,0,0.39600464,4
v1.1,10,1,0.77550952,4
v1.1,10,2,0.828332597,4
v1.1,10,3,0.366985511,4
v1.1,11,0,0.848239353,4
v1.1,11,1,2.407179813,4
v1.1,11,2,1.941840683,4
v1.1,11,3,0.804126908,4
v1.1,12,0,2.118431264,4
v1.1,12,1,0.225081898,4
v1.1,12,2,2.313355627,4
v1.1,12,3,4.535807788,4
v1.1,13,0,1.272853814,4
v1.1,13,1,4.95441947,4
v1.1,13,2,16.478820691,4
v1.1,13,3,0.708730713,4
v1.1,14,0,7.219315062,4
v1.1,14,1,6.464486433,4
v1.1,14,2,5.47752425,4
v1.1,14,3,9.43044926,4
v1.1,15,0,8.075159169,4
v1.1,15,1,9.805396534,4
v1.1,15,2,8.920599707,4
v1.1,15,3,17.038279646,4
v1.1,16,0,6.680428942,4
v1.1,16,1,13.927591046,4
v1.1,16,2,2.183932934,4
v1.1,16,3,4.963932366,4
v1.1,17,0,12.603971448,4
v1.1,17,1,11.508731886,4
v1.1,17,2,54.161914371,4
v1.1,17,3,19.411326195,4
v1.1,18,0,14.360451209,4
v1.1,18,1,40.152908993,4
v1.1,18,2,44.941255479,4
v1.1,18,3,110.870367819,4
v1.1,19,0,28.846452738,4
v1.1,19,1,46.59788113,4
v1.1,19,2,77.120119441,4
v1.1,19,3,32.71507644,4
v1.1,20,0,47.541719807,4
v1.1,20,1,52.136827038,4
v1.1,20,2,40.173795147,4
v1.1,20,3,29.521296292,4
v1.1,21,0,2.749135586,4
v1.1,21,1,55.281132335,4
v1.1,21,2,111.84754048,4
v1.1,21,3,160.989941685,4
v1.1,22,0,50.888337749,4
v1.1,22,1,68.98689195,4
v1.1,22,2,141.483976366,4
v1.1,22,3,77.875526891,4
v1.1,23,0,103.848958537,4
v1.1,23,1,122.406278487,4
v1.1,23,2,33.457956554,4
v1.1,23,3,109.846769783,4
v1.1,24,0,51.381502239,4
v1.1,24,1,173.953457734,4
v1.1,24,2,206.159727259,4
v1.1,24,3,409.790222854,4
v1.1,25,0,33.195215026,4
v1.1,25,1,229.590004815,4
v1.1,25,2,454.597584277,4
v1.1,25,3,271.045662477,4
v1.1,26,0,255.110498379,4
v1.1,26,1,401.899108094,4
v1.1,26,2,62.145679464,4
v1.1,26,3,117.646186075,4
v1.1,27,0,57.505966479,4
v1.1,27,1,153.229145547,4
v1.1,27,2,711.525870362,4
v1.1,27,3,557.940877368,4
v1.1,28,0,103.016538373,4
v1.1,28,1,207.908137949,4
v1.1,28,2,81.851913863,4
v1.1,28,3,110.589085634,4
v1.1,29,0,60.73389351,4
v1.1,29,1,836.114731576,4
v1.1,29,2,947.427354914,4
v1.1,30,0,497.979336488,4
v1.1,30,1,869.835897338,4
v1.1,30,2,459.017610271,4
v1.1,30,3,929.740531218,4
v1.1,5,0,4.02065794,8
v1.1,5,1,0.162944478,8
v1.1,6,0,0.003907673,8
v1.1,6,1,0.015017659,8
v1.1,6,2,0.049194535,8
v1.1,7,0,0.022616538,8
v1.1,7,1,0.02978257,8
v1.1,7,2,0.079148504,8
v1.1,8,0,0.043661807,8
v1.1,8,1,0.052508227,8
v1.1,8,2,0.200747402,8
v1.1,9,0,0.085087393,8
v1.1,9,1,0.308446906,8
v1.1,9,2,0.383589498,8
v1.1,9,3,0.649245312,8
v1.1,10,0,0.136517292,8
v1.1,10,1,0.269626854,8
v1.1,10,2,0.75852008,8
v1.1,10,3,0.542004015,8
v1.1,11,0,0.331958474,8
v1.1,11,1,0.357311079,8
v1.1,11,2,0.454961653,8
v1.1,11,3,0.70431372,8
v1.1,12,0,0.544583612,8
v1.1,12,1,3.569609531,8
v1.1,12,2,1.100522439,8
v1.1,12,3,1.052640956,8
v1.1,13,0,1.193255749,8
v1.1,13,1,2.126702843,8
v1.1,13,2,2.755122793,8
v1.1,13,3,0.406864427,8
v1.1,14,0,0.91213444,8
v1.1,14,1,3.540710012,8
v1.1,14,2,3.61999868,8
v1.1,14,3,4.462288552,8
v1.1,15,0,3.188199645,8
v1.1,15,1,5.296464907,8
v1.1,15,2,4.7081737,8
v1.1,15,3,9.111874386,8
v1.1,16,0,6.575783401,8
v1.1,16,1,0.636906552,8
v1.1,16,2,8.020410744,8
v1.1,16,3,16.805627122,8
v1.1,17,0,4.404815442,8
v1.1,17,1,20.448173587,8
v1.1,17,2,28.108231146,8
v1.1,17,3,45.01245597,8
v1.1,18,0,3.27874278,8
v1.1,18,1,26.713573527,8
v1.1,18,2,27.42801558,8
v1.1,18,3,13.564208257,8
v1.1,19,0,8.204824722,8
v1.1,19,1,26.554147665,8
v1.1,19,2,9.844243919,8
v1.1,19,3,49.390503107,8
v1.1,20,0,21.147780397,8
v1.1,20,1,15.347474606,8
v1.1,20,2,52.246678584,8
v1.1,20,3,10.951234516,8
v1.1,21,0,6.181441078,8
v1.1,21,1,39.88763531,8
v1.1,21,2,13.801519296,8
v1.1,21,3,102.652463998,8
v1.1,22,0,28.193095873,8
v1.1,22,1,64.626678092,8
v1.1,22,2,78.90700339,8
v1.1,22,3,44.837179963,8
v1.1,23,0,54.811802918,8
v1.1,23,1,139.426728502,8
v1.1,23,2,116.501038641,8
v1.1,23,3,37.814602128,8
v1.1,24,0,46.687166451,8
v1.1,24,1,19.177986702,8
v1.1,24,2,234.524852509,8
v1.1,24,3,170.542756589,8
v1.1,25,0,24.505383705,8
v1.1,25,1,240.127311974,8
v1.1,25,2,44.641162626,8
v1.1,25,3,73.636806101,8
v1.1,26,0,214.347387294,8
v1.1,26,1,263.46626301,8
v1.1,26,2,299.116583829,8
v1.1,26,3,142.552983979,8
v1.1,27,0,126.789896672,8
v1.1,27,1,164.547668215,8
v1.1,27,2,369.601888052,8
v1.1,27,3,70.582081132,8
v1.1,28,0,176.522937907,8
v1.1,28,1,137.430959519,8
v1.1,28,2,420.423654289,8
v1.1,28,3,140.85470406,8
v1.1,29,0,132.81224508,8
v1.1,29,1,152.095490312,8
v1.1,29,2,556.93888625,8
v1.1,29,3,168.140330583,8
v1.1,30,0,377.383805037,8
v1.1,30,1,79.569087834,8
v1.1,30,2,663.141840417,8
v1.1,30,3,304.882256998,8
v1.1,5,0,0.00257685,8
v1.1,5,1,0.005547704,8
v1.1,6,0,0.003723969,8
v1.1,6,1,0.045174561,8
v1.1,6,2,0.010353611,8
v1.1,7,0,0.009504187,8
v1.1,7,1,0.023133714,8
v1.1,7,2,0.040919217,8
v1.1,8,0,0.046435485,8
v1.1,8,1,0.104799631,8
v1.1,8,2,0.157193728,8
v1.1,9,0,0.011822287,8
v1.1,9,1,0.057319918,8
v1.1,9,2,0.069055471,8
v1.1,9,3,0.697832326,8
v1.1,10,0,0.224800905,8
v1.1,10,1,0.447760327,8
v1.1,10,2,0.473802406,8
v1.1,10,3,0.218681967,8
v1.1,11,0,0.536055486,8
v1.1,11,1,1.402911296,8
v1.1,11,2,1.182645403,8
v1.1,11,3,0.457414683,8
v1.1,12,0,1.282022056,8
v1.1,12,1,0.136767296,8
v1.1,12,2,1.33452296,8
v1.1,12,3,2.61408295,8
v1.1,13,0,0.732260632,8
v1.1,13,1,2.915568485,8
v1.1,13,2,9.522939671,8
v1.1,13,3,0.412806993,8
v1.1,14,0,4.305586493,8
v1.1,14,1,3.755780256,8
v1.1,14,2,3.252014267,8
v1.1,14,3,5.464636385,8
v1.1,15,0,4.789493189,8
v1.1,15,1,5.675613064,8
v1.1,15,2,5.298837833,8
v1.1,15,3,10.152190592,8
v1.1,16,0,4.037031603,8
v1.1,16,1,8.364790848,8
v1.1,16,2,1.315310466,8
v1.1,16,3,2.906667205,8
v1.1,17,0,7.554552895,8
v1.1,17,1,7.028821777,8
v1.1,17,2,33.283511468,8
v1.1,17,3,12.007099512,8
v1.1,18,0,7.857807912,8
v1.1,18,1,23.139841536,8
v1.1,18,2,26.878362639,8
v1.1,18,3,63.815309917,8
v1.1,19,0,15.733213385,8
v1.1,19,1,26.844371867,8
v1.1,19,2,44.899265313,8
v1.1,19,3,18.467896169,8
v1.1,20,0,27.648622394,8
v1.1,20,1,28.994283632,8
v1.1,20,2,23.0667154,8
v1.1,20,3,16.934595302,8
v1.1,21,0,1.699912394,8
v1.1,21,1,31.331694606,8
v1.1,21,2,62.399712635,8
v1.1,21,3,90.427489922,8
v1.1,22,0,28.781686654,8
v1.1,22,1,39.107053973,8
v1.1,22,2,79.395732919,8
v1.1,22,3,44.028122862,8
v1.1,23,0,58.819362525,8
v1.1,23,1,69.520881728,8
v1.1,23,2,19.101930153,8
v1.1,23,3,64.597929074,8
v1.1,24,0,29.054076472,8
v1.1,24,1,98.735397315,8
v1.1,24,2,116.501811459,8
v1.1,24,3,227.90174177,8
v1.1,25,0,18.364005923,8
v1.1,25,1,132.098672424,8
v1.1,25,2,260.43161753,8
v1.1,25,3,151.7971751,8
v1.1,26,0,138.846952146,8
v1.1,26,1,226.109826192,8
v1.1,26,2,37.973215676,8
v1.1,26,3,70.202777085,8
v1.1,27,0,34.108742071,8
v1.1,27,1,90.100097247,8
v1.1,27,2,411.286876862,8
v1.1,27,3,317.972383419,8
v1.1,28,0,58.143159963,8
v1.1,28,1,120.331680749,8
v1.1,28,2,48.96738794,8
v1.1,28,3,65.108162863,8
v1.1,29,0,35.260203662,8
v1.1,29,1,476.231512578,8
v1.1,29,2,559.822785848,8
v1.1,30,0,285.873253945,8
v1.1,30,1,491.698806543,8
v1.1,30,2,258.76864177,8
v1.1,30,3,530.423162911,8
v1.1,5,0,4.110618856,2
v1.1,5,1,0.170769453,2
v1.1,6,0,0.009102563,2
v1.1,6,1,0.064214653,2
v1.1,6,2,0.064250183,2
v1.1,7,0,0.053476327,2
v1.1,7,1,0.076629116,2
v1.1,7,2,0.225723037,2
v1.1,8,0,0.124607874,2
v1.1,8,1,0.135766345,2
v1.1,8,2,0.606232368,2
v1.1,9,0,0.237610148,2
v1.1,9,1,0.793735302,2
v1.1,9,2,0.972961347,2
v1.1,9,3,1.889915762,2
v1.1,10,0,0.408848732,2
v1.1,10,1,0.804142034,2
v1.1,10,2,2.295181736,2
v1.1,10,3,1.644366762,2
v1.1,11,0,1.023810636,2
v1.1,11,1,1.141066851,2
v1.1,11,2,1.252540742,2
v1.1,11,3,2.184551585,2
v1.1,12,0,1.634670313,2
v1.1,12,1,10.104358034,2
v1.1,12,2,3.474999871,2
v1.1,12,3,3.337809251,2
v1.1,13,0,3.574086232,2
v1.1,13,1,7.034713872,2
v1.1,13,2,9.12588588,2
v1.1,13,3,1.312713064,2
v1.1,14,0,2.055429549,2
v1.1,14,1,11.638402453,2
v1.1,14,2,11.151192482,2
v1.1,14,3,13.897163692,2
v1.1,15,0,10.115582478,2
v1.1,15,1,16.536962454,2
v1.1,15,2,13.25967894,2
v1.1,15,3,28.491304396,2
v1.1,16,0,21.533468,2
v1.1,16,1,2.163639235,2
v1.1,16,2,24.545513631,2
v1.1,16,3,54.702974279,2
v1.1,17,0,14.539004824,2
v1.1,17,1,62.627024629,2
v1.1,17,2,76.427530757,2
v1.1,17,3,116.440757276,2
v1.1,18,0,9.33604159,2
v1.1,18,1,81.780376141,2
v1.1,18,2,83.620730635,2
v1.1,18,3,41.160611251,2
v1.1,19,0,26.629628554,2
v1.1,19,1,79.768782274,2
v1.1,19,2,24.812545003,2
v1.1,19,3,140.779526515,2
v1.1,20,0,55.580716376,2
v1.1,20,1,41.171663486,2
v1.1,20,2,147.966642159,2
v1.1,20,3,29.976872641,2
v1.1,21,0,16.464575407,2
v1.1,21,1,105.626640719,2
v1.1,21,2,36.560208179,2
v1.1,21,3,282.465243634,2
v1.1,22,0,74.468215565,2
v1.1,22,1,170.157278518,2
v1.1,22,2,217.478254992,2
v1.1,22,3,120.809151632,2
v1.1,23,0,142.485160786,2
v1.1,23,1,337.791741922,2
v1.1,23,2,315.56518348,2
v1.1,23,3,103.60602068,2
v1.1,24,0,121.924636754,2
v1.1,24,1,48.553942113,2
v1.1,24,2,667.032179641,2
v1.1,24,3,453.676462459,2
v1.1,25,0,67.325991097,2
v1.1,25,1,631.22559741,2
v1.1,25,2,115.217946659,2
v1.1,25,3,187.334153004,2
v1.1,26,0,589.854276304,2
v1.1,26,1,771.605806898,2
v1.1,26,2,828.623345392,2
v1.1,26,3,392.794307023,2
v1.1,27,0,365.090334245,2
v1.1,27,1,456.869466605,2
v1.1,27,2,1066.105519801,2
v1.1,27,3,198.849503961,2
v1.1,28,0,540.180301141,2
v1.1,28,1,381.087040679,2
v1.1,28,2,1175.74322148,2
v1.1,28,3,366.432880014,2
v1.1,29,0,344.721836126,2
v1.1,29,1,414.044481934,2
v1.1,29,2,1643.496538011,2
v1.1,29,3,450.001271155,2
v1.1,30,0,990.687575422,2
v1.1,30,1,211.357478236,2
v1.1,30,2,1720.582851895,2
v1.1,30,3,848.793999382,2
v1.1,5,0,0.005406455,2
v1.1,5,1,0.011763362,2
v1.1,6,0,0.010185478,2
v1.1,6,1,0.047719656,2
v1.1,6,2,0.029907336,2
v1.1,7,0,0.027971047,2
v1.1,7,1,0.071819932,2
v1.1,7,2,0.184630864,2
v1.1,8,0,0.142904617,2
v1.1,8,1,0.424614527,2
v1.1,8,2,0.374007415,2
v1.1,9,0,0.037618408,2
v1.1,9,1,0.189125247,2
v1.1,9,2,0.229651442,2
v1.1,9,3,2.019530868,2
v1.1,10,0,0.692040004,2
v1.1,10,1,1.316497495,2
v1.1,10,2,1.478519316,2
v1.1,10,3,0.712649084,2
v1.1,11,0,1.342534074,2
v1.1,11,1,4.208752345,2
v1.1,11,2,3.340186368,2
v1.1,11,3,1.306420879,2
v1.1,12,0,3.857363618,2
v1.1,12,1,0.352613437,2
v1.1,12,2,4.008357115,2
v1.1,12,3,8.127024738,2
v1.1,13,0,2.183691251,2
v1.1,13,1,8.85334198,2
v1.1,13,2,28.430771644,2
v1.1,13,3,1.193393163,2
v1.1,14,0,12.874667037,2
v1.1,14,1,11.553032091,2
v1.1,14,2,9.628262282,2
v1.1,14,3,16.93338661,2
v1.1,15,0,14.528630082,2
v1.1,15,1,17.714062048,2
v1.1,15,2,16.586600302,2
v1.1,15,3,31.641843572,2
v1.1,16,0,12.34167311,2
v1.1,16,1,25.544853031,2
v1.1,16,2,3.884054055,2
v1.1,16,3,8.751135557,2
v1.1,17,0,23.429702406,2
v1.1,17,1,21.417373474,2
v1.1,17,2,101.360353892,2
v1.1,17,3,34.017940044,2
v1.1,18,0,23.211423925,2
v1.1,18,1,69.042152347,2
v1.1,18,2,80.041916518,2
v1.1,18,3,187.321409316,2
v1.1,19,0,48.813178299,2
v1.1,19,1,85.783620667,2
v1.1,19,2,135.820047383,2
v1.1,19,3,58.086483441,2
v1.1,20,0,85.155297609,2
v1.1,20,1,93.308434606,2
v1.1,20,2,72.199546513,2
v1.1,20,3,53.519065855,2
v1.1,21,0,4.748614552,2
v1.1,21,1,102.266000243,2
v1.1,21,2,201.973508463,2
v1.1,21,3,297.973197157,2
v1.1,22,0,89.943723516,2
v1.1,22,1,124.273140266,2
v1.1,22,2,256.352294541,2
v1.1,22,3,142.94273084,2
v1.1,23,0,184.880540396,2
v1.1,23,1,220.103394549,2
v1.1,23,2,59.982847634,2
v1.1,23,3,186.326280734,2
v1.1,24,0,91.626762243,2
v1.1,24,1,310.162261602,2
v1.1,24,2,357.07783399,2
v1.1,24,3,721.634702948,2
v1.1,25,0,59.429367649,2
v1.1,25,1,411.99017615,2
v1.1,25,2,816.630344292,2
v1.1,25,3,473.931901787,2
v1.1,26,0,457.473937441,2
v1.1,26,1,701.113204339,2
v1.1,26,2,105.662290869,2
v1.1,26,3,206.054336099,2
v1.1,27,0,102.027623064,2
v1.1,27,1,281.259453549,2
v1.1,27,2,1229.680854221,2
v1.1,27,3,983.61227327,2
v1.1,28,0,180.505512707,2
v1.1,28,1,362.36716905,2
v1.1,28,2,143.498891539,2
v1.1,28,3,189.62869252,2
v1.1,29,0,105.317119606,2
v1.1,29,1,1492.318969101,2
v1.1,29,2,1672.721708984,2
v1.1,30,0,881.039784594,2
v1.1,30,1,1551.916050528,2
v1.1,30,2,773.836172081,2
v1.1,30,3,1624.678872116,2
v1.1,5,0,3.741710081,4
v1.1,5,1,0.154146302,4
v1.1,6,0,0.005252689,4
v1.1,6,1,0.0460268,4
v1.1,6,2,0.059073952,4
v1.1,7,0,0.019271837,4
v1.1,7,1,0.038309225,4
v1.1,7,2,0.135043746,4
v1.1,8,0,0.070936429,4
v1.1,8,1,0.08788321,4
v1.1,8,2,0.356117777,4
v1.1,9,0,0.135983746,4
v1.1,9,1,0.447688755,4
v1.1,9,2,0.582427326,4
v1.1,9,3,1.092054632,4
v1.1,10,0,0.239428054,4
v1.1,10,1,0.64444962,4
v1.1,10,2,1.225607488,4
v1.1,10,3,0.873838023,4
v1.1,11,0,0.537864629,4
v1.1,11,1,0.604097474,4
v1.1,11,2,0.486609721,4
v1.1,11,3,1.207646625,4
v1.1,12,0,0.9102043,4
v1.1,12,1,5.586268687,4
v1.1,12,2,1.91074586,4
v1.1,12,3,1.795902539,4
v1.1,13,0,1.929003896,4
v1.1,13,1,3.677117846,4
v1.1,13,2,4.518832395,4
v1.1,13,3,0.530983012,4
v1.1,14,0,1.119752692,4
v1.1,14,1,6.462491459,4
v1.1,14,2,6.499429117,4
v1.1,14,3,7.629874572,4
v1.1,15,0,5.171538169,4
v1.1,15,1,8.94413406,4
v1.1,15,2,7.65704741,4
v1.1,15,3,15.505685114,4
v1.1,16,0,11.224461113,4
v1.1,16,1,1.011602544,4
v1.1,16,2,13.827480848,4
v1.1,16,3,29.55973658,4
v1.1,17,0,7.599229914,4
v1.1,17,1,33.345521022,4
v1.1,17,2,42.26413789,4
v1.1,17,3,66.477502963,4
v1.1,18,0,5.084300241,4
v1.1,18,1,44.568412622,4
v1.1,18,2,45.193509718,4
v1.1,18,3,23.104721862,4
v1.1,19,0,16.414461664,4
v1.1,19,1,48.783164819,4
v1.1,19,2,15.395841859,4
v1.1,19,3,76.952177538,4
v1.1,20,0,29.649883314,4
v1.1,20,1,22.287008679,4
v1.1,20,2,79.632772111,4
v1.1,20,3,17.128997401,4
v1.1,21,0,9.322317971,4
v1.1,21,1,57.603421185,4
v1.1,21,2,20.19707769,4
v1.1,21,3,154.663687674,4
v1.1,22,0,41.413607457,4
v1.1,22,1,92.894304682,4
v1.1,22,2,119.289374084,4
v1.1,22,3,66.011388693,4
v1.1,23,0,78.472009246,4
v1.1,23,1,187.250413982,4
v1.1,23,2,180.004760543,4
v1.1,23,3,62.430448333,4
v1.1,24,0,69.943532187,4
v1.1,24,1,27.580100146,4
v1.1,24,2,373.227875722,4
v1.1,24,3,253.976461777,4
v1.1,25,0,37.339617326,4
v1.1,25,1,349.954201161,4
v1.1,25,2,64.948354611,4
v1.1,25,3,110.629238532,4
v1.1,26,0,328.052744375,4
v1.1,26,1,426.796894683,4
v1.1,26,2,481.598236364,4
v1.1,26,3,241.993104206,4
v1.1,27,0,210.173807873,4
v1.1,27,1,255.378767717,4
v1.1,27,2,596.266170338,4
v1.1,27,3,115.337220296,4
v1.1,28,0,300.209217086,4
v1.1,28,1,208.982083696,4
v1.1,28,2,653.131344957,4
v1.1,28,3,205.715317787,4
v1.1,29,0,200.821745404,4
v1.1,29,1,233.186431107,4
v1.1,29,2,914.390819354,4
v1.1,29,3,254.255863106,4
v1.1,30,0,570.784137311,4
v1.1,30,1,117.023718417,4
v1.1,30,2,997.895174848,4
v1.1,30,3,512.382869792,4
v1.1,5,0,0.003016315,4
v1.1,5,1,0.008258626,4
v1.1,6,0,0.005867581,4
v1.1,6,1,0.025543427,4
v1.1,6,2,0.016899,4
v1.1,7,0,0.015469607,4
v1.1,7,1,0.03871527,4
v1.1,7,2,0.073755857,4
v1.1,8,0,0.076120335,4
v1.1,8,1,0.248070173,4
v1.1,8,2,0.260721658,4
v1.1,9,0,0.077752343,4
v1.1,9,1,0.102631031,4
v1.1,9,2,0.1783698,4
v1.1,9,3,1.156424732,4
v1.1,10,0,0.448656375,4
v1.1,10,1,0.730326934,4
v1.1,10,2,0.848096297,4
v1.1,10,3,0.4085607,4
v1.1,11,0,0.804584347,4
v1.1,11,1,2.497400798,4
v1.1,11,2,1.970736971,4
v1.1,11,3,0.791777587,4
v1.1,12,0,2.258999765,4
v1.1,12,1,0.153507356,4
v1.1,12,2,2.285949479,4
v1.1,12,3,4.632940374,4
v1.1,13,0,1.294377138,4
v1.1,13,1,5.096305769,4
v1.1,13,2,16.82770343,4
v1.1,13,3,0.705501477,4
v1.1,14,0,7.433674836,4
v1.1,14,1,6.634784942,4
v1.1,14,2,5.65529899,4
v1.1,14,3,9.578615558,4
v1.1,15,0,8.392719882,4
v1.1,15,1,10.057774039,4
v1.1,15,2,9.195528824,4
v1.1,15,3,17.633374665,4
v1.1,16,0,6.957940098,4
v1.1,16,1,14.234341911,4
v1.1,16,2,2.265511622,4
v1.1,16,3,4.987593517,4
v1.1,17,0,12.978885744,4
v1.1,17,1,12.209021097,4
v1.1,17,2,50.479564799,4
v1.1,17,3,18.135947129,4
v1.1,18,0,13.354468181,4
v1.1,18,1,36.983976603,4
v1.1,18,2,43.092783439,4
v1.1,18,3,108.726603864,4
v1.1,19,0,27.168648368,4
v1.1,19,1,45.852123619,4
v1.1,19,2,74.473671349,4
v1.1,19,3,31.638736456,4
v1.1,20,0,46.180177931,4
v1.1,20,1,50.695113125,4
v1.1,20,2,39.290502652,4
v1.1,20,3,28.651069958,4
v1.1,21,0,2.661270798,4
v1.1,21,1,54.555309862,4
v1.1,21,2,108.876329377,4
v1.1,21,3,160.292524652,4
v1.1,22,0,50.242971156,4
v1.1,22,1,67.885845929,4
v1.1,22,2,139.555904886,4
v1.1,22,3,86.384416205,4
v1.1,23,0,102.937704081,4
v1.1,23,1,122.214987826,4
v1.1,23,2,33.04748553,4
v1.1,23,3,106.475870779,4
v1.1,24,0,48.977978004,4
v1.1,24,1,172.878372972,4
v1.1,24,2,203.767948742,4
v1.1,24,3,405.202918725,4
v1.1,25,0,32.605122779,4
v1.1,25,1,227.880828026,4
v1.1,25,2,451.661246788,4
v1.1,25,3,268.628178944,4
v1.1,26,0,249.243413212,4
v1.1,26,1,395.017450876,4
v1.1,26,2,60.291142905,4
v1.1,26,3,123.081061896,4
v1.1,27,0,57.631861669,4
v1.1,27,1,151.358849979,4
v1.1,27,2,696.940705791,4
v1.1,27,3,547.604066559,4
v1.1,28,0,98.544092516,4
v1.1,28,1,201.615698604,4
v1.1,28,2,79.561178934,4
v1.1,28,3,107.326167067,4
v1.1,29,0,59.573206338,4
v1.1,29,1,814.833917691,4
v1.1,29,2,930.362403203,4
v1.1,30,0,490.484899011,4
v1.1,30,1,854.942396588,4
v1.1,30,2,433.977578489,4
v1.1,30,3,910.4445488,4
v1.1,5,0,3.90178004,8
v1.1,5,1,0.163036771,8
v1.1,6,0,0.004984717,8
v1.1,6,1,0.017905609,8
v1.1,6,2,0.038474446,8
v1.1,7,0,0.027202728,8
v1.1,7,1,0.041880596,8
v1.1,7,2,0.102630722,8
v1.1,8,0,0.058323668,8
v1.1,8,1,0.063211827,8
v1.1,8,2,0.269468628,8
v1.1,9,0,0.11471587,8
v1.1,9,1,0.383412953,8
v1.1,9,2,0.421733165,8
v1.1,9,3,0.828642843,8
v1.1,10,0,0.178751152,8
v1.1,10,1,0.33811411,8
v1.1,10,2,0.954394273,8
v1.1,10,3,0.66154863,8
v1.1,11,0,0.416996803,8
v1.1,11,1,0.649717715,8
v1.1,11,2,0.378683495,8
v1.1,11,3,0.891983074,8
v1.1,12,0,0.688999608,8
v1.1,12,1,4.219976725,8
v1.1,12,2,1.439263225,8
v1.1,12,3,1.370298573,8
v1.1,13,0,1.48014819,8
v1.1,13,1,2.729963554,8
v1.1,13,2,3.571018565,8
v1.1,13,3,0.679451076,8
v1.1,14,0,0.818598906,8
v1.1,14,1,4.521242099,8
v1.1,14,2,4.552664516,8
v1.1,14,3,5.557455174,8
v1.1,15,0,4.049948942,8
v1.1,15,1,6.515682881,8
v1.1,15,2,5.521358071,8
v1.1,15,3,11.394809404,8
v1.1,16,0,8.713907211,8
v1.1,16,1,0.986348183,8
v1.1,16,2,9.937924547,8
v1.1,16,3,21.395125733,8
v1.1,17,0,5.606859432,8
v1.1,17,1,24.357720912,8
v1.1,17,2,30.599244264,8
v1.1,17,3,47.556884807,8
v1.1,18,0,3.611328733,8
v1.1,18,1,30.650695623,8
v1.1,18,2,30.41831498,8
v1.1,18,3,13.653335023,8
v1.1,19,0,8.432081402,8
v1.1,19,1,26.350333274,8
v1.1,19,2,8.849159378,8
v1.1,19,3,42.371398349,8
v1.1,20,0,17.799460676,8
v1.1,20,1,13.251900832,8
v1.1,20,2,46.143879953,8
v1.1,20,3,10.311676103,8
v1.1,21,0,5.534967346,8
v1.1,21,1,34.175691242,8
v1.1,21,2,11.626863157,8
v1.1,21,3,91.711594535,8
v1.1,22,0,23.926583357,8
v1.1,22,1,54.375451877,8
v1.1,22,2,75.047312641,8
v1.1,22,3,43.108163089,8
v1.1,23,0,52.692526314,8
v1.1,23,1,120.074470716,8
v1.1,23,2,114.464101588,8
v1.1,23,3,37.009223269,8
v1.1,24,0,44.398650348,8
v1.1,24,1,18.075260198,8
v1.1,24,2,233.588526757,8
v1.1,24,3,156.765937233,8
v1.1,25,0,22.702473561,8
v1.1,25,1,207.686774689,8
v1.1,25,2,39.487898733,8
v1.1,25,3,63.957255371,8
v1.1,26,0,205.332937451,8
v1.1,26,1,247.989365509,8
v1.1,26,2,277.260086203,8
v1.1,26,3,128.043205277,8
v1.1,27,0,120.842063181,8
v1.1,27,1,150.774472923,8
v1.1,27,2,351.246846139,8
v1.1,27,3,71.083135629,8
v1.1,28,0,170.374614293,8
v1.1,28,1,122.92144681,8
v1.1,28,2,382.85534626,8
v1.1,28,3,124.445119518,8
v1.1,29,0,120.794192462,8
v1.1,29,1,133.636130703,8
v1.1,29,2,524.644923154,8
v1.1,29,3,166.087116386,8
v1.1,30,0,382.885086982,8
v1.1,30,1,78.861220882,8
v1.1,30,2,636.553216313,8
v1.1,30,3,297.918974725,8
v1.1,5,0,0.002240099,8
v1.1,5,1,0.005478131,8
v1.1,6,0,0.003713842,8
v1.1,6,1,0.01429539,8
v1.1,6,2,0.010813705,8
v1.1,7,0,0.009589457,8
v1.1,7,1,0.059305307,8
v1.1,7,2,0.041555127,8
v1.1,8,0,0.093191353,8
v1.1,8,1,0.104520357,8
v1.1,8,2,0.112971815,8
v1.1,9,0,0.061588884,8
v1.1,9,1,0.058082641,8
v1.1,9,2,0.116701014,8
v1.1,9,3,0.685712466,8
v1.1,10,0,0.242508743,8
v1.1,10,1,0.4612613,8
v1.1,10,2,0.484897366,8
v1.1,10,3,0.224467242,8
v1.1,11,0,0.516632259,8
v1.1,11,1,1.387472134,8
v1.1,11,2,1.12989363,8
v1.1,11,3,0.470254555,8
v1.1,12,0,1.288093897,8
v1.1,12,1,0.143672361,8
v1.1,12,2,1.316158098,8
v1.1,12,3,2.674736023,8
v1.1,13,0,0.768268449,8
v1.1,13,1,2.936480649,8
v1.1,13,2,9.640624679,8
v1.1,13,3,0.473371015,8
v1.1,14,0,4.298983083,8
v1.1,14,1,3.857838393,8
v1.1,14,2,3.266042059,8
v1.1,14,3,5.479546906,8
v1.1,15,0,4.795244103,8
v1.1,15,1,5.700202927,8
v1.1,15,2,5.3175403,8
v1.1,15,3,10.112096642,8
v1.1,16,0,4.043763948,8
v1.1,16,1,8.302726914,8
v1.1,16,2,1.273310725,8
v1.1,16,3,2.942589611,8
v1.1,17,0,7.519754614,8
v1.1,17,1,7.01857463,8
v1.1,17,2,32.752808648,8
v1.1,17,3,11.287978675,8
v1.1,18,0,8.370343962,8
v1.1,18,1,24.281814582,8
v1.1,18,2,26.200049576,8
v1.1,18,3,65.478660235,8
v1.1,19,0,16.978915822,8
v1.1,19,1,27.598977137,8
v1.1,19,2,45.793270551,8
v1.1,19,3,19.150784234,8
v1.1,20,0,28.142609765,8
v1.1,20,1,29.331510333,8
v1.1,20,2,23.47647538,8
v1.1,20,3,17.071826102,8
v1.1,21,0,1.722053058,8
v1.1,21,1,31.86101281,8
v1.1,21,2,62.039111241,8
v1.1,21,3,89.857057307,8
v1.1,22,0,29.024775933,8
v1.1,22,1,39.262816625,8
v1.1,22,2,80.516583614,8
v1.1,22,3,44.122561178,8
v1.1,23,0,59.006244896,8
v1.1,23,1,68.321286053,8
v1.1,23,2,18.997251619,8
v1.1,23,3,64.656037996,8
v1.1,24,0,33.208961474,8
v1.1,24,1,115.285779956,8
v1.1,24,2,129.359788609,8
v1.1,24,3,252.854909735,8
v1.1,25,0,21.519594352,8
v1.1,25,1,157.252202848,8
v1.1,25,2,300.452739107,8
v1.1,25,3,180.522686649,8
v1.1,26,0,152.096241428,8
v1.1,26,1,226.670912617,8
v1.1,26,2,38.551336525,8
v1.1,26,3,71.820029348,8
v1.1,27,0,34.355116475,8
v1.1,27,1,89.642811296,8
v1.1,27,2,400.742849312,8
v1.1,27,3,328.880938021,8
v1.1,28,0,58.254708381,8
v1.1,28,1,120.115265772,8
v1.1,28,2,48.363687169,8
v1.1,28,3,65.373776778,8
v1.1,29,0,35.726872375,8
v1.1,29,1,501.126000396,8
v1.1,29,2,557.059456671,8
v1.1,30,0,305.827866084,8
v1.1,30,1,580.777690053,8
v1.1,30,2,291.751118457,8
v1.1,30,3,571.817153796,8
v1.1,5,0,4.213147794,2
v1.1,5,1,0.171736889,2
v1.1,6,0,0.009151696,2
v1.1,6,1,0.070524253,2
v1.1,6,2,0.065016483,2
v1.1,7,0,0.066809523,2
v1.1,7,1,0.057610835,2
v1.1,7,2,0.213655823,2
v1.1,8,0,0.123459544,2
v1.1,8,1,0.141277856,2
v1.1,8,2,0.603930388,2
v1.1,9,0,0.252849688,2
v1.1,9,1,0.887873765,2
v1.1,9,2,0.991659029,2
v1.1,9,3,1.955422119,2
v1.1,10,0,0.412889812,2
v1.1,10,1,0.794583497,2
v1.1,10,2,2.405254125,2
v1.1,10,3,1.743762391,2
v1.1,11,0,1.026267437,2
v1.1,11,1,1.180966513,2
v1.1,11,2,0.954057281,2
v1.1,11,3,2.514159896,2
v1.1,12,0,1.731569929,2
v1.1,12,1,10.386681055,2
v1.1,12,2,3.563132022,2
v1.1,12,3,3.378238028,2
v1.1,13,0,3.712127425,2
v1.1,13,1,7.073734722,2
v1.1,13,2,9.198401503,2
v1.1,13,3,1.307209984,2
v1.1,14,0,2.044241877,2
v1.1,14,1,11.478541562,2
v1.1,14,2,11.079245645,2
v1.1,14,3,14.176522176,2
v1.1,15,0,10.378472902,2
v1.1,15,1,16.597186338,2
v1.1,15,2,13.492873596,2
v1.1,15,3,29.025280456,2
v1.1,16,0,22.507555972,2
v1.1,16,1,2.34700426,2
v1.1,16,2,25.485429167,2
v1.1,16,3,56.728565865,2
v1.1,17,0,14.681985293,2
v1.1,17,1,63.63555423,2
v1.1,17,2,77.592509557,2
v1.1,17,3,118.118107304,2
v1.1,18,0,9.450256688,2
v1.1,18,1,84.925537408,2
v1.1,18,2,84.876955581,2
v1.1,18,3,42.0532077,2
v1.1,19,0,26.761967967,2
v1.1,19,1,80.282235633,2
v1.1,19,2,25.02381176,2
v1.1,19,3,143.598631401,2
v1.1,20,0,56.736453102,2
v1.1,20,1,40.822419281,2
v1.1,20,2,148.40960095,2
v1.1,20,3,31.256857491,2
v1.1,21,0,17.092472453,2
v1.1,21,1,107.6951797,2
v1.1,21,2,37.582651148,2
v1.1,21,3,286.722361349,2
v1.1,22,0,77.313946783,2
v1.1,22,1,175.719087789,2
v1.1,22,2,221.050562164,2
v1.1,22,3,123.083873858,2
v1.1,23,0,145.986884998,2
v1.1,23,1,342.790792197,2
v1.1,23,2,320.381616557,2
v1.1,23,3,105.395003965,2
v1.1,24,0,125.565178119,2
v1.1,24,1,49.815325863,2
v1.1,24,2,668.865597012,2
v1.1,24,3,460.258703549,2
v1.1,25,0,68.100676809,2
v1.1,25,1,643.532700835,2
v1.1,25,2,118.265175747,2
v1.1,25,3,190.522680004,2
v1.1,26,0,603.256275431,2
v1.1,26,1,779.492016091,2
v1.1,26,2,840.866098534,2
v1.1,26,3,388.896056342,2
v1.1,27,0,384.079253058,2
v1.1,27,1,456.994748188,2
v1.1,27,2,1049.803639632,2
v1.1,27,3,205.753438668,2
v1.1,28,0,509.373882584,2
v1.1,28,1,376.122604664,2
v1.1,28,2,1163.851850536,2
v1.1,28,3,364.151834662,2
v1.1,29,0,349.543074822,2
v1.1,29,1,416.990053287,2
v1.1,29,2,1656.007197703,2
v1.1,29,3,455.3730947,2
v1.1,30,0,1003.131238438,2
v1.1,30,1,211.188597888,2
v1.1,30,2,1737.179523381,2
v1.1,30,3,844.787016064,2
v1.1,5,0,0.004059559,2
v1.1,5,1,0.011724187,2
v1.1,6,0,0.010670808,2
v1.1,6,1,0.049092876,2
v1.1,6,2,0.030045429,2
v1.1,7,0,0.028378177,2
v1.1,7,1,0.072546546,2
v1.1,7,2,0.129716897,2
v1.1,8,0,0.200533113,2
v1.1,8,1,0.442615235,2
v1.1,8,2,0.446711885,2
v1.1,9,0,0.036833772,2
v1.1,9,1,0.253520697,2
v1.1,9,2,0.306619055,2
v1.1,9,3,2.072407141,2
v1.1,10,0,0.693281044,2
v1.1,10,1,1.325994644,2
v1.1,10,2,1.440182421,2
v1.1,10,3,0.714829432,2
v1.1,11,0,1.48063518,2
v1.1,11,1,4.548795634,2
v1.1,11,2,3.553768211,2
v1.1,11,3,1.280528641,2
v1.1,12,0,3.952179718,2
v1.1,12,1,0.28600205,2
v1.1,12,2,4.205061951,2
v1.1,12,3,8.413750529,2
v1.1,13,0,2.392026055,2
v1.1,13,1,9.078017869,2
v1.1,13,2,29.593533347,2
v1.1,13,3,1.325050051,2
v1.1,14,0,13.267774763,2
v1.1,14,1,11.949076001,2
v1.1,14,2,9.755855902,2
v1.1,14,3,17.091101597,2
v1.1,15,0,15.245989529,2
v1.1,15,1,17.998874945,2
v1.1,15,2,16.431615589,2
v1.1,15,3,31.652083047,2
v1.1,16,0,12.372880111,2
v1.1,16,1,25.724625751,2
v1.1,16,2,3.679395828,2
v1.1,16,3,8.894295583,2
v1.1,17,0,23.498629598,2
v1.1,17,1,21.792186658,2
v1.1,17,2,102.648376016,2
v1.1,17,3,34.158930569,2
v1.1,18,0,22.950071395,2
v1.1,18,1,68.687209842,2
v1.1,18,2,79.600933859,2
v1.1,18,3,187.426190691,2
v1.1,19,0,49.220491128,2
v1.1,19,1,87.019770748,2
v1.1,19,2,136.982619204,2
v1.1,19,3,59.036932362,2
v1.1,20,0,87.111264436,2
v1.1,20,1,93.044951758,2
v1.1,20,2,71.875773717,2
v1.1,20,3,53.049120854,2
v1.1,21,0,4.644165954,2
v1.1,21,1,100.403962509,2
v1.1,21,2,203.19575487,2
v1.1,21,3,300.928602572,2
v1.1,22,0,90.702093874,2
v1.1,22,1,124.334988538,2
v1.1,22,2,253.117040652,2
v1.1,22,3,142.32929818,2
v1.1,23,0,186.265332041,2
v1.1,23,1,217.762474385,2
v1.1,23,2,59.341919006,2
v1.1,23,3,184.528301799,2
v1.1,24,0,91.393811059,2
v1.1,24,1,311.41016746,2
v1.1,24,2,357.060011342,2
v1.1,24,3,716.574738976,2
v1.1,25,0,59.460118181,2
v1.1,25,1,409.168095723,2
v1.1,25,2,814.1406095,2
v1.1,25,3,472.702596556,2
v1.1,26,0,460.457866184,2
v1.1,26,1,706.965026636,2
v1.1,26,2,105.171275405,2
v1.1,26,3,207.37705827,2
v1.1,27,0,108.243831715,2
v1.1,27,1,288.206001852,2
v1.1,27,2,1274.319662817,2
v1.1,27,3,1014.623863888,2
v1.1,28,0,187.499935499,2
v1.1,28,1,375.591371308,2
v1.1,28,2,150.152007702,2
v1.1,28,3,196.770489512,2
v1.1,29,0,109.589272552,2
v1.1,29,1,1514.353878344,2
v1.1,29,2,1700.037547901,2
v1.1,30,0,904.729133805,2
v1.1,30,1,1574.135096404,2
v1.1,30,2,777.358799638,2
v1.1,30,3,1690.221097613,2
v1.1,5,0,3.901129795,4
v1.1,5,1,0.173300813,4
v1.1,6,0,0.006634294,4
v1.1,6,1,0.025762356,4
v1.1,6,2,0.069138081,4
v1.1,7,0,0.038897684,4
v1.1,7,1,0.050834825,4
v1.1,7,2,0.148000669,4
v1.1,8,0,0.087145742,4
v1.1,8,1,0.103882092,4
v1.1,8,2,0.41589378,4
v1.1,9,0,0.163373015,4
v1.1,9,1,0.534686106,4
v1.1,9,2,0.683668825,4
v1.1,9,3,1.333287966,4
v1.1,10,0,0.286165902,4
v1.1,10,1,0.545613324,4
v1.1,10,2,1.613830446,4
v1.1,10,3,1.100459341,4
v1.1,11,0,0.719560481,4
v1.1,11,1,1.067143669,4
v1.1,11,2,0.585989811,4
v1.1,11,3,1.406713071,4
v1.1,12,0,1.126587255,4
v1.1,12,1,6.94475208,4
v1.1,12,2,2.301308532,4
v1.1,12,3,2.22250451,4
v1.1,13,0,2.448882513,4
v1.1,13,1,4.548529125,4
v1.1,13,2,5.96742015,4
v1.1,13,3,0.952751558,4
v1.1,14,0,1.362326166,4
v1.1,14,1,7.618411206,4
v1.1,14,2,7.823728208,4
v1.1,14,3,9.687415425,4
v1.1,15,0,7.27382219,4
v1.1,15,1,11.136535079,4
v1.1,15,2,8.851365724,4
v1.1,15,3,18.744584086,4
v1.1,16,0,14.993845289,4
v1.1,16,1,1.57512774,4
v1.1,16,2,17.305612822,4
v1.1,16,3,37.340695781,4
v1.1,17,0,9.964983073,4
v1.1,17,1,42.446338043,4
v1.1,17,2,50.794055653,4
v1.1,17,3,79.904494202,4
v1.1,18,0,6.403873515,4
v1.1,18,1,55.374908944,4
v1.1,18,2,56.164315732,4
v1.1,18,3,26.973780672,4
v1.1,19,0,17.170160498,4
v1.1,19,1,53.685231964,4
v1.1,19,2,16.871688128,4
v1.1,19,3,89.739805573,4
v1.1,20,0,37.701266384,4
v1.1,20,1,27.430870363,4
v1.1,20,2,97.402472074,4
v1.1,20,3,20.048054055,4
v1.1,21,0,11.54296171,4
v1.1,21,1,70.10996284,4
v1.1,21,2,23.59669225,4
v1.1,21,3,182.547964019,4
v1.1,22,0,49.853810605,4
v1.1,22,1,113.529169866,4
v1.1,22,2,144.868020059,4
v1.1,22,3,78.657559885,4
v1.1,23,0,94.718662922,4
v1.1,23,1,226.689099442,4
v1.1,23,2,211.13225183,4
v1.1,23,3,70.385399998,4
v1.1,24,0,82.178553254,4
v1.1,24,1,33.139450361,4
v1.1,24,2,438.006479789,4
v1.1,24,3,312.499415048,4
v1.1,25,0,46.405167124,4
v1.1,25,1,430.771122261,4
v1.1,25,2,79.586815149,4
v1.1,25,3,130.042601821,4
v1.1,26,0,395.056053156,4
v1.1,26,1,484.12695053,4
v1.1,26,2,502.321785964,4
v1.1,26,3,246.049082403,4
v1.1,27,0,240.865253178,4
v1.1,27,1,296.183672704,4
v1.1,27,2,673.905174569,4
v1.1,27,3,127.846806231,4
v1.1,28,0,341.225296665,4
v1.1,28,1,231.75646523,4
v1.1,28,2,718.223400434,4
v1.1,28,3,229.094435271,4
v1.1,29,0,225.99111971,4
v1.1,29,1,264.639269592,4
v1.1,29,2,1018.106296558,4
v1.1,29,3,283.871467436,4
v1.1,30,0,652.259731401,4
v1.1,30,1,134.119365721,4
v1.1,30,2,1102.676174846,4
v1.1,30,3,592.852721071,4
v1.1,5,0,0.003446352,4
v1.1,5,1,0.00939299,4
v1.1,6,0,0.007180932,4
v1.1,6,1,0.028780673,4
v1.1,6,2,0.019759239,4
v1.1,7,0,0.018091412,4
v1.1,7,1,0.046076987,4
v1.1,7,2,0.08595809,4
v1.1,8,0,0.185775949,4
v1.1,8,1,0.226769691,4
v1.1,8,2,0.236586883,4
v1.1,9,0,0.024072377,4
v1.1,9,1,0.119630106,4
v1.1,9,2,0.213675245,4
v1.1,9,3,1.374247686,4
v1.1,10,0,0.472104926,4
v1.1,10,1,0.957002432,4
v1.1,10,2,0.954296363,4
v1.1,10,3,0.434413778,4
v1.1,11,0,0.954314846,4
v1.1,11,1,2.817607834,4
v1.1,11,2,2.360622965,4
v1.1,11,3,0.854935235,4
v1.1,12,0,2.762628351,4
v1.1,12,1,0.279431326,4
v1.1,12,2,2.731625162,4
v1.1,12,3,5.500074002,4
v1.1,13,0,1.573363127,4
v1.1,13,1,5.994075287,4
v1.1,13,2,19.987181277,4
v1.1,13,3,0.84306817,4
v1.1,14,0,8.887406855,4
v1.1,14,1,8.317004929,4
v1.1,14,2,6.879015938,4
v1.1,14,3,11.716102865,4
v1.1,15,0,10.433735183,4
v1.1,15,1,12.0822014,4
v1.1,15,2,11.207045269,4
v1.1,15,3,20.884996848,4
v1.1,16,0,8.293929284,4
v1.1,16,1,17.539166902,4
v1.1,16,2,2.653666189,4
v1.1,16,3,5.910755735,4
v1.1,17,0,15.826866966,4
v1.1,17,1,14.637089683,4
v1.1,17,2,67.500096328,4
v1.1,17,3,23.468457305,4
v1.1,18,0,17.689483377,4
v1.1,18,1,49.176080401,4
v1.1,18,2,55.453781584,4
v1.1,18,3,129.481867236,4
v1.1,19,0,33.568597924,4
v1.1,19,1,54.109508896,4
v1.1,19,2,86.761784018,4
v1.1,19,3,36.575448302,4
v1.1,20,0,53.203216725,4
v1.1,20,1,58.778188139,4
v1.1,20,2,43.433235594,4
v1.1,20,3,33.529073067,4
v1.1,21,0,3.116967337,4
v1.1,21,1,63.447947801,4
v1.1,21,2,122.82391883,4
v1.1,21,3,180.358717153,4
v1.1,22,0,58.851075555,4
v1.1,22,1,78.828915872,4
v1.1,22,2,158.361744754,4
v1.1,22,3,87.544953875,4
v1.1,23,0,118.464300828,4
v1.1,23,1,136.390262295,4
v1.1,23,2,37.580718615,4
v1.1,23,3,122.706596322,4
v1.1,24,0,56.979269932,4
v1.1,24,1,194.717869183,4
v1.1,24,2,222.024178313,4
v1.1,24,3,440.440164503,4
v1.1,25,0,38.20855089,4
v1.1,25,1,255.917347023,4
v1.1,25,2,502.263325301,4
v1.1,25,3,298.2921608,4
v1.1,26,0,281.432738036,4
v1.1,26,1,444.691542058,4
v1.1,26,2,68.905091083,4
v1.1,26,3,127.217413617,4
v1.1,27,0,64.16743351,4
v1.1,27,1,170.802917168,4
v1.1,27,2,801.161634654,4
v1.1,27,3,654.889885192,4
v1.1,28,0,119.782371633,4
v1.1,28,1,232.604398622,4
v1.1,28,2,95.741106039,4
v1.1,28,3,122.427124783,4
v1.1,29,0,67.728047474,4
v1.1,29,1,923.742789673,4
v1.1,29,2,1091.844838882,4
v1.1,30,0,525.766529799,4
v1.1,30,1,867.679045545,4
v1.1,30,2,439.186942754,4
v1.1,30,3,920.14498579,4
v1.1,5,0,3.838374115,8
v1.1,5,1,0.167220482,8
v1.1,6,0,0.004767547,8
v1.1,6,1,0.015486524,8
v1.1,6,2,0.055670519,8
v1.1,7,0,0.029546759,8
v1.1,7,1,0.034800548,8
v1.1,7,2,0.105312712,8
v1.1,8,0,0.056712421,8
v1.1,8,1,0.066988472,8
v1.1,8,2,0.272526492,8
v1.1,9,0,0.119542842,8
v1.1,9,1,0.388501479,8
v1.1,9,2,0.434817078,8
v1.1,9,3,0.846395907,8
v1.1,10,0,0.18370304,8
v1.1,10,1,0.355616915,8
v1.1,10,2,0.982078229,8
v1.1,10,3,0.719921697,8
v1.1,11,0,0.447738277,8
v1.1,11,1,0.498620994,8
v1.1,11,2,0.568026013,8
v1.1,11,3,0.880236206,8
v1.1,12,0,0.691877654,8
v1.1,12,1,4.122932718,8
v1.1,12,2,1.362386972,8
v1.1,12,3,1.303659857,8
v1.1,13,0,1.423622149,8
v1.1,13,1,2.612919104,8
v1.1,13,2,3.365128331,8
v1.1,13,3,0.406706603,8
v1.1,14,0,1.108494388,8
v1.1,14,1,4.403615668,8
v1.1,14,2,4.330287149,8
v1.1,14,3,5.435910233,8
v1.1,15,0,4.002752815,8
v1.1,15,1,6.646895226,8
v1.1,15,2,5.721689357,8
v1.1,15,3,9.548022808,8
v1.1,16,0,7.3309755,8
v1.1,16,1,0.667554617,8
v1.1,16,2,8.288977435,8
v1.1,16,3,17.194154669,8
v1.1,17,0,4.572090574,8
v1.1,17,1,20.849050401,8
v1.1,17,2,26.139637824,8
v1.1,17,3,40.863017501,8
v1.1,18,0,3.578468739,8
v1.1,18,1,27.655303078,8
v1.1,18,2,26.771351464,8
v1.1,18,3,15.164405802,8
v1.1,19,0,9.928147244,8
v1.1,19,1,30.777734151,8
v1.1,19,2,8.674023303,8
v1.1,19,3,42.912985235,8
v1.1,20,0,17.923830113,8
v1.1,20,1,13.335706237,8
v1.1,20,2,46.010853405,8
v1.1,20,3,10.311151434,8
v1.1,21,0,5.554182106,8
v1.1,21,1,34.62307041,8
v1.1,21,2,11.707271268,8
v1.1,21,3,92.602719299,8
v1.1,22,0,29.423221679,8
v1.1,22,1,54.603437662,8
v1.1,22,2,67.079775265,8
v1.1,22,3,38.203338153,8
v1.1,23,0,46.101342494,8
v1.1,23,1,119.983980763,8
v1.1,23,2,112.38932625,8
v1.1,23,3,34.62080721,8
v1.1,24,0,40.623589255,8
v1.1,24,1,16.23132346,8
v1.1,24,2,206.56800284,8
v1.1,24,3,148.079113694,8
v1.1,25,0,24.577216948,8
v1.1,25,1,222.782555847,8
v1.1,25,2,40.776236334,8
v1.1,25,3,63.461558672,8
v1.1,26,0,181.758043542,8
v1.1,26,1,245.969127282,8
v1.1,26,2,285.57065602,8
v1.1,26,3,131.827048378,8
v1.1,27,0,120.314135662,8
v1.1,27,1,151.80538836,8
v1.1,27,2,351.800960512,8
v1.1,27,3,70.593740034,8
v1.1,28,0,169.455503585,8
v1.1,28,1,124.119107816,8
v1.1,28,2,367.298666844,8
v1.1,28,3,123.104143147,8
v1.1,29,0,118.977485847,8
v1.1,29,1,144.812982753,8
v1.1,29,2,528.798903184,8
v1.1,29,3,150.388493617,8
v1.1,30,0,326.125498638,8
v1.1,30,1,70.084105569,8
v1.1,30,2,606.593382609,8
v1.1,30,3,297.137719939,8
v1.1,5,0,0.002046787,8
v1.1,5,1,0.00593693,8
v1.1,6,0,0.003599395,8
v1.1,6,1,0.014288669,8
v1.1,6,2,0.010420931,8
v1.1,7,0,0.009335779,8
v1.1,7,1,0.022886749,8
v1.1,7,2,0.075806881,8
v1.1,8,0,0.045964301,8
v1.1,8,1,0.144556007,8
v1.1,8,2,0.158022551,8
v1.1,9,0,0.012248922,8
v1.1,9,1,0.097021743,8
v1.1,9,2,0.069342109,8
v1.1,9,3,0.641865846,8
v1.1,10,0,0.272722487,8
v1.1,10,1,0.428663378,8
v1.1,10,2,0.462100439,8
v1.1,10,3,0.255219004,8
v1.1,11,0,0.475283765,8
v1.1,11,1,1.41242533,8
v1.1,11,2,1.124426882,8
v1.1,11,3,0.448549699,8
v1.1,12,0,1.312274017,8
v1.1,12,1,0.135862439,8
v1.1,12,2,1.309248571,8
v1.1,12,3,2.622600998,8
v1.1,13,0,0.759137808,8
v1.1,13,1,2.928310723,8
v1.1,13,2,9.558419751,8
v1.1,13,3,0.413601132,8
v1.1,14,0,4.251439766,8
v1.1,14,1,3.780494528,8
v1.1,14,2,3.208333445,8
v1.1,14,3,5.460714114,8
v1.1,15,0,4.848396393,8
v1.1,15,1,5.708944858,8
v1.1,15,2,5.287807819,8
v1.1,15,3,10.057547846,8
v1.1,16,0,4.070245141,8
v1.1,16,1,8.366185368,8
v1.1,16,2,1.323840677,8
v1.1,16,3,2.922187365,8
v1.1,17,0,7.477064626,8
v1.1,17,1,6.955591229,8
v1.1,17,2,32.870195465,8
v1.1,17,3,11.838070113,8
v1.1,18,0,7.858739597,8
v1.1,18,1,22.784893537,8
v1.1,18,2,26.61945955,8
v1.1,18,3,64.005973181,8
v1.1,19,0,16.116898875,8
v1.1,19,1,27.630632026,8
v1.1,19,2,46.868032434,8
v1.1,19,3,18.605986517,8
v1.1,20,0,28.068631638,8
v1.1,20,1,29.835526981,8
v1.1,20,2,23.149160812,8
v1.1,20,3,17.302049645,8
v1.1,21,0,1.473510444,8
v1.1,21,1,31.78974223,8
v1.1,21,2,73.013557966,8
v1.1,21,3,98.895207752,8
v1.1,22,0,30.789033022,8
v1.1,22,1,46.605465815,8
v1.1,22,2,89.342174643,8
v1.1,22,3,54.214696017,8
v1.1,23,0,65.893475497,8
v1.1,23,1,80.859083947,8
v1.1,23,2,22.341939234,8
v1.1,23,3,74.157468944,8
v1.1,24,0,34.499378266,8
v1.1,24,1,116.820010887,8
v1.1,24,2,135.858761215,8
v1.1,24,3,239.350676898,8
v1.1,25,0,20.165892066,8
v1.1,25,1,133.280861169,8
v1.1,25,2,295.443171859,8
v1.1,25,3,188.123204179,8
v1.1,26,0,169.262331007,8
v1.1,26,1,273.193262324,8
v1.1,26,2,46.469814899,8
v1.1,26,3,87.862691517,8
v1.1,27,0,41.91725042,8
v1.1,27,1,109.607462437,8
v1.1,27,2,492.484205723,8
v1.1,27,3,395.56323225,8
v1.1,28,0,70.406713185,8
v1.1,28,1,149.901186628,8
v1.1,28,2,60.824121371,8
v1.1,28,3,81.817826554,8
v1.1,29,0,43.057364966,8
v1.1,29,1,600.539580111,8
v1.1,29,2,684.290119312,8
v1.1,30,0,345.088104214,8
v1.1,30,1,602.418863229,8
v1.1,30,2,315.403709672,8
v1.1,30,3,655.412178073,8
v1.1,5,0,4.109421117,2
v1.1,5,1,0.167622352,2
v1.1,6,0,0.009233257,2
v1.1,6,1,0.074625399,2
v1.1,6,2,0.063071942,2
v1.1,7,0,0.035762179,2
v1.1,7,1,0.080494976,2
v1.1,7,2,0.232479642,2
v1.1,8,0,0.120774653,2
v1.1,8,1,0.145725874,2
v1.1,8,2,0.620684328,2
v1.1,9,0,0.242773384,2
v1.1,9,1,0.808938867,2
v1.1,9,2,0.999192055,2
v1.1,9,3,1.923894258,2
v1.1,10,0,0.430452181,2
v1.1,10,1,0.840200895,2
v1.1,10,2,2.406618936,2
v1.1,10,3,1.742499371,2
v1.1,11,0,1.073115599,2
v1.1,11,1,1.181220551,2
v1.1,11,2,1.323233467,2
v1.1,11,3,2.284007616,2
v1.1,12,0,1.735249745,2
v1.1,12,1,10.703909092,2
v1.1,12,2,3.602448058,2
v1.1,12,3,3.454708166,2
v1.1,13,0,3.682495816,2
v1.1,13,1,7.876068785,2
v1.1,13,2,10.291786655,2
v1.1,13,3,1.529921054,2
v1.1,14,0,2.388532815,2
v1.1,14,1,12.651789288,2
v1.1,14,2,11.78340564,2
v1.1,14,3,14.903168512,2
v1.1,15,0,10.709565837,2
v1.1,15,1,17.183739065,2
v1.1,15,2,13.823447675,2
v1.1,15,3,29.606836024,2
v1.1,16,0,22.593627463,2
v1.1,16,1,2.2293491,2
v1.1,16,2,25.420810778,2
v1.1,16,3,57.819338537,2
v1.1,17,0,16.196713103,2
v1.1,17,1,63.25500892,2
v1.1,17,2,80.326533323,2
v1.1,17,3,117.068293726,2
v1.1,18,0,8.986627311,2
v1.1,18,1,88.712081004,2
v1.1,18,2,86.976506142,2
v1.1,18,3,44.57242569,2
v1.1,19,0,28.584277327,2
v1.1,19,1,84.150013923,2
v1.1,19,2,26.004467109,2
v1.1,19,3,147.559339,2
v1.1,20,0,56.938745632,2
v1.1,20,1,42.014957312,2
v1.1,20,2,149.583191046,2
v1.1,20,3,30.771871257,2
v1.1,21,0,17.666889743,2
v1.1,21,1,113.63577116,2
v1.1,21,2,39.716985097,2
v1.1,21,3,300.965994701,2
v1.1,22,0,81.884496861,2
v1.1,22,1,174.456701898,2
v1.1,22,2,226.731356166,2
v1.1,22,3,123.985665343,2
v1.1,23,0,160.275226824,2
v1.1,23,1,347.305490195,2
v1.1,23,2,341.04959752,2
v1.1,23,3,101.963526268,2
v1.1,24,0,128.718542444,2
v1.1,24,1,52.203858697,2
v1.1,24,2,695.677417453,2
v1.1,24,3,473.72087881,2
v1.1,25,0,72.010516074,2
v1.1,25,1,672.70728596,2
v1.1,25,2,122.39275201,2
v1.1,25,3,201.304772723,2
v1.1,26,0,613.075295957,2
v1.1,26,1,803.840125446,2
v1.1,26,2,875.57951669,2
v1.1,26,3,403.546912687,2
v1.1,27,0,407.357371129,2
v1.1,27,1,492.74982741,2
v1.1,27,2,1118.574191846,2
v1.1,27,3,210.297797001,2
v1.1,28,0,579.807349859,2
v1.1,28,1,395.865522405,2
v1.1,28,2,1244.766045989,2
v1.1,28,3,386.30605796,2
v1.1,29,0,399.533171524,2
v1.1,29,1,434.879348479,2
v1.1,29,2,1721.010852439,2
v1.1,29,3,491.927816066,2
v1.1,30,0,1148.137994549,2
v1.1,30,1,240.995821765,2
v1.1,30,2,1855.41369304,2
v1.1,30,3,895.3970568,2
v1.1,5,0,0.004197224,2
v1.1,5,1,0.012276891,2
v1.1,6,0,0.010541413,2
v1.1,6,1,0.100928813,2
v1.1,6,2,0.030397967,2
v1.1,7,0,0.02858985,2
v1.1,7,1,0.073201996,2
v1.1,7,2,0.136280011,2
v1.1,8,0,0.148010451,2
v1.1,8,1,0.453069501,2
v1.1,8,2,0.477583355,2
v1.1,9,0,0.037298752,2
v1.1,9,1,0.194263444,2
v1.1,9,2,0.330065095,2
v1.1,9,3,2.137944905,2
v1.1,10,0,0.793178971,2
v1.1,10,1,1.500686061,2
v1.1,10,2,1.504790743,2
v1.1,10,3,0.647588505,2
v1.1,11,0,1.554082719,2
v1.1,11,1,4.53407589,2
v1.1,11,2,3.649875562,2
v1.1,11,3,1.407701507,2
v1.1,12,0,4.013816076,2
v1.1,12,1,0.286067848,2
v1.1,12,2,4.24878889,2
v1.1,12,3,9.640298021,2
v1.1,13,0,2.740859397,2
v1.1,13,1,11.482766018,2
v1.1,13,2,32.778177992,2
v1.1,13,3,1.40063506,2
v1.1,14,0,17.63168214,2
v1.1,14,1,13.978566734,2
v1.1,14,2,11.011539957,2
v1.1,14,3,18.201152055,2
v1.1,15,0,15.619514894,2
v1.1,15,1,20.688255548,2
v1.1,15,2,17.291299871,2
v1.1,15,3,32.159486931,2
v1.1,16,0,13.63076807,2
v1.1,16,1,26.634731201,2
v1.1,16,2,4.139838211,2
v1.1,16,3,9.124930671,2
v1.1,17,0,24.23751564,2
v1.1,17,1,21.808261927,2
v1.1,17,2,110.585710615,2
v1.1,17,3,37.428917217,2
v1.1,18,0,27.16299514,2
v1.1,18,1,72.634740902,2
v1.1,18,2,81.467138238,2
v1.1,18,3,198.237904242,2
v1.1,19,0,54.845050305,2
v1.1,19,1,90.258457298,2
v1.1,19,2,146.691793432,2
v1.1,19,3,62.800111876,2
v1.1,20,0,90.229946226,2
v1.1,20,1,96.994128516,2
v1.1,20,2,75.969710525,2
v1.1,20,3,55.547663882,2
v1.1,21,0,4.807949237,2
v1.1,21,1,105.404195319,2
v1.1,21,2,213.034099412,2
v1.1,21,3,318.293086444,2
v1.1,22,0,96.726411753,2
v1.1,22,1,135.507680925,2
v1.1,22,2,268.125114184,2
v1.1,22,3,151.560017745,2
v1.1,23,0,197.553423159,2
v1.1,23,1,230.616797071,2
v1.1,23,2,65.435028368,2
v1.1,23,3,194.170883224,2
v1.1,24,0,99.707933108,2
v1.1,24,1,330.121654757,2
v1.1,24,2,377.012899194,2
v1.1,24,3,749.311883266,2
v1.1,25,0,62.113211467,2
v1.1,25,1,439.19491302,2
v1.1,25,2,863.781164993,2
v1.1,25,3,497.514897927,2
v1.1,26,0,488.897454666,2
v1.1,26,1,767.633354316,2
v1.1,26,2,115.039826079,2
v1.1,26,3,219.507729025,2
v1.1,27,0,112.191852053,2
v1.1,27,1,283.014111763,2
v1.1,27,2,1308.08428452,2
v1.1,27,3,1047.55002566,2
v1.1,28,0,197.10015307,2
v1.1,28,1,388.055858136,2
v1.1,28,2,156.319278889,2
v1.1,28,3,203.806208364,2
v1.1,29,0,110.876879422,2
v1.1,29,1,1556.676726576,2
v1.1,29,2,1793.81954565,2
v1.1,30,0,964.363987592,2
v1.1,30,1,1714.238321554,2
v1.1,30,2,829.712405122,2
v1.1,30,3,1699.786117453,2
v1.1,5,0,4.053319535,4
v1.1,5,1,0.173014316,4
v1.1,6,0,0.005769898,4
v1.1,6,1,0.022522312,4
v1.1,6,2,0.062148764,4
v1.1,7,0,0.034005964,4
v1.1,7,1,0.041886294,4
v1.1,7,2,0.137534396,4
v1.1,8,0,0.072800907,4
v1.1,8,1,0.087549453,4
v1.1,8,2,0.399887946,4
v1.1,9,0,0.145160507,4
v1.1,9,1,0.487161751,4
v1.1,9,2,0.571612813,4
v1.1,9,3,1.182075136,4
v1.1,10,0,0.277398713,4
v1.1,10,1,0.548080464,4
v1.1,10,2,1.604082132,4
v1.1,10,3,0.986886427,4
v1.1,11,0,0.82368449,4
v1.1,11,1,0.617998157,4
v1.1,11,2,0.503578316,4
v1.1,11,3,1.271019715,4
v1.1,12,0,0.957845047,4
v1.1,12,1,5.886300624,4
v1.1,12,2,2.012208276,4
v1.1,12,3,1.933270625,4
v1.1,13,0,2.091662834,4
v1.1,13,1,3.910703697,4
v1.1,13,2,5.014507987,4
v1.1,13,3,0.546042237,4
v1.1,14,0,1.378240155,4
v1.1,14,1,8.155665372,4
v1.1,14,2,8.12968068,4
v1.1,14,3,9.715792306,4
v1.1,15,0,6.793047449,4
v1.1,15,1,10.907523442,4
v1.1,15,2,8.914900585,4
v1.1,15,3,19.5349248,4
v1.1,16,0,12.687055526,4
v1.1,16,1,1.062695434,4
v1.1,16,2,17.560915767,4
v1.1,16,3,36.688623221,4
v1.1,17,0,9.874888617,4
v1.1,17,1,41.340837218,4
v1.1,17,2,45.336644191,4
v1.1,17,3,70.34411127,4
v1.1,18,0,6.414423261,4
v1.1,18,1,53.939343353,4
v1.1,18,2,54.285668992,4
v1.1,18,3,26.279517476,4
v1.1,19,0,15.931880589,4
v1.1,19,1,54.759351852,4
v1.1,19,2,17.557842494,4
v1.1,19,3,90.918535913,4
v1.1,20,0,33.344374707,4
v1.1,20,1,24.143898551,4
v1.1,20,2,93.036694078,4
v1.1,20,3,18.164209549,4
v1.1,21,0,10.001637425,4
v1.1,21,1,66.773304431,4
v1.1,21,2,23.764253735,4
v1.1,21,3,187.306272766,4
v1.1,22,0,51.631810229,4
v1.1,22,1,103.595269342,4
v1.1,22,2,126.86784829,4
v1.1,22,3,70.743309956,4
v1.1,23,0,93.903758806,4
v1.1,23,1,222.143901229,4
v1.1,23,2,208.456481058,4
v1.1,23,3,64.98503537,4
v1.1,24,0,76.065681621,4
v1.1,24,1,32.469547951,4
v1.1,24,2,422.140657669,4
v1.1,24,3,306.271437501,4
v1.1,25,0,43.660874498,4
v1.1,25,1,388.682054814,4
v1.1,25,2,69.619688414,4
v1.1,25,3,123.195407832,4
v1.1,26,0,371.737971179,4
v1.1,26,1,480.989919647,4
v1.1,26,2,539.739948288,4
v1.1,26,3,270.384233466,4
v1.1,27,0,255.718466853,4
v1.1,27,1,292.693583719,4
v1.1,27,2,710.741408709,4
v1.1,27,3,138.535101442,4
v1.1,28,0,344.130891543,4
v1.1,28,1,259.656878669,4
v1.1,28,2,748.038951274,4
v1.1,28,3,252.162440087,4
v1.1,29,0,234.498976615,4
v1.1,29,1,300.367462974,4
v1.1,29,2,1109.210869134,4
v1.1,29,3,300.612892462,4
v1.1,30,0,608.119240832,4
v1.1,30,1,129.831844467,4
v1.1,30,2,1200.726363401,4
v1.1,30,3,595.067058834,4
v1.1,5,0,0.003526887,4
v1.1,5,1,0.008905402,4
v1.1,6,0,0.006111746,4
v1.1,6,1,0.084853316,4
v1.1,6,2,0.01771218,4
v1.1,7,0,0.016148916,4
v1.1,7,1,0.105858133,4
v1.1,7,2,0.078233117,4
v1.1,8,0,0.156594542,4
v1.1,8,1,0.295798183,4
v1.1,8,2,0.308780361,4
v1.1,9,0,0.022227205,4
v1.1,9,1,0.188246698,4
v1.1,9,2,0.137363208,4
v1.1,9,3,1.30230266,4
v1.1,10,0,0.519384218,4
v1.1,10,1,0.873720533,4
v1.1,10,2,0.956624836,4
v1.1,10,3,0.441811609,4
v1.1,11,0,0.96576971,4
v1.1,11,1,2.906803884,4
v1.1,11,2,2.350785869,4
v1.1,11,3,0.89868049,4
v1.1,12,0,2.528479038,4
v1.1,12,1,0.250573273,4
v1.1,12,2,2.683960834,4
v1.1,12,3,5.431902161,4
v1.1,13,0,1.451599655,4
v1.1,13,1,5.925141689,4
v1.1,13,2,19.345926989,4
v1.1,13,3,0.851245097,4
v1.1,14,0,9.678360523,4
v1.1,14,1,8.99560668,4
v1.1,14,2,7.370982877,4
v1.1,14,3,12.485342318,4
v1.1,15,0,10.68849879,4
v1.1,15,1,12.048375574,4
v1.1,15,2,11.609378748,4
v1.1,15,3,22.070885143,4
v1.1,16,0,9.600601758,4
v1.1,16,1,19.019422847,4
v1.1,16,2,4.141869967,4
v1.1,16,3,5.702759479,4
v1.1,17,0,13.788803559,4
v1.1,17,1,13.551748895,4
v1.1,17,2,56.644697217,4
v1.1,17,3,20.307525909,4
v1.1,18,0,13.962712386,4
v1.1,18,1,40.916092767,4
v1.1,18,2,50.95613439,4
v1.1,18,3,128.376950986,4
v1.1,19,0,33.071230476,4
v1.1,19,1,59.130042064,4
v1.1,19,2,94.557443778,4
v1.1,19,3,38.856486305,4
v1.1,20,0,61.333582302,4
v1.1,20,1,59.166475689,4
v1.1,20,2,47.128132986,4
v1.1,20,3,36.078381762,4
v1.1,21,0,3.27021636,4
v1.1,21,1,67.437253823,4
v1.1,21,2,129.070344539,4
v1.1,21,3,178.333225028,4
v1.1,22,0,58.416531719,4
v1.1,22,1,78.718150828,4
v1.1,22,2,167.845509331,4
v1.1,22,3,86.696993912,4
v1.1,23,0,126.133525401,4
v1.1,23,1,151.346885071,4
v1.1,23,2,39.881925873,4
v1.1,23,3,133.07297121,4
v1.1,24,0,57.748969905,4
v1.1,24,1,209.493299723,4
v1.1,24,2,231.392295017,4
v1.1,24,3,484.502334121,4
v1.1,25,0,39.745586953,4
v1.1,25,1,261.565894761,4
v1.1,25,2,516.003905747,4
v1.1,25,3,316.73748783,4
v1.1,26,0,304.640773765,4
v1.1,26,1,478.81411644,4
v1.1,26,2,76.239112285,4
v1.1,26,3,143.519993916,4
v1.1,27,0,69.94206781,4
v1.1,27,1,182.221936761,4
v1.1,27,2,825.917711417,4
v1.1,27,3,596.082522623,4
v1.1,28,0,122.899406078,4
v1.1,28,1,245.968443066,4
v1.1,28,2,98.307800995,4
v1.1,28,3,123.116965934,4
v1.1,29,0,71.231008012,4
v1.1,29,1,1002.91880764,4
v1.1,29,2,1040.9417406,4
v1.1,30,0,585.246618813,4
v1.1,30,1,945.758191704,4
v1.1,30,2,472.315110292,4
v1.1,30,3,974.273921034,4
v1.1,5,0,3.84516252,8
v1.1,5,1,0.162061722,8
v1.1,6,0,0.00464982,8
v1.1,6,1,0.031914842,8
v1.1,6,2,0.03887406,8
v1.1,7,0,0.015428449,8
v1.1,7,1,0.040830833,8
v1.1,7,2,0.104907697,8
v1.1,8,0,0.054125062,8
v1.1,8,1,0.057906682,8
v1.1,8,2,0.258827294,8
v1.1,9,0,0.1163059,8
v1.1,9,1,0.347410867,8
v1.1,9,2,0.387552029,8
v1.1,9,3,0.771911375,8
v1.1,10,0,0.169929825,8
v1.1,10,1,0.321440307,8
v1.1,10,2,0.949476506,8
v1.1,10,3,0.658334474,8
v1.1,11,0,0.419733096,8
v1.1,11,1,0.446763582,8
v1.1,11,2,0.390403044,8
v1.1,11,3,1.095996451,8
v1.1,12,0,0.660122911,8
v1.1,12,1,3.640604515,8
v1.1,12,2,1.352316248,8
v1.1,12,3,1.247799256,8
v1.1,13,0,1.385336526,8
v1.1,13,1,2.601562123,8
v1.1,13,2,3.396790165,8
v1.1,13,3,0.423761698,8
v1.1,14,0,1.133699177,8
v1.1,14,1,4.609258251,8
v1.1,14,2,4.543453468,8
v1.1,14,3,5.519582358,8
v1.1,15,0,3.851161033,8
v1.1,15,1,6.462307074,8
v1.1,15,2,5.434906716,8
v1.1,15,3,11.547162688,8
v1.1,16,0,8.875779906,8
v1.1,16,1,1.025912078,8
v1.1,16,2,9.786663872,8
v1.1,16,3,22.188874321,8
v1.1,17,0,5.433885288,8
v1.1,17,1,24.479388386,8
v1.1,17,2,31.167687529,8
v1.1,17,3,49.438195106,8
v1.1,18,0,3.698438086,8
v1.1,18,1,31.554979075,8
v1.1,18,2,29.33314333,8
v1.1,18,3,13.876738756,8
v1.1,19,0,8.463769828,8
v1.1,19,1,26.845889603,8
v1.1,19,2,8.718691743,8
v1.1,19,3,47.162072138,8
v1.1,20,0,22.905927435,8
v1.1,20,1,16.868068082,8
v1.1,20,2,56.263194538,8
v1.1,20,3,11.000525024,8
v1.1,21,0,5.756120979,8
v1.1,21,1,34.569093058,8
v1.1,21,2,11.696225163,8
v1.1,21,3,101.633618875,8
v1.1,22,0,24.104314772,8
v1.1,22,1,56.417467176,8
v1.1,22,2,82.981734454,8
v1.1,22,3,44.88380745,8
v1.1,23,0,55.665386539,8
v1.1,23,1,123.9042569,8
v1.1,23,2,117.154680097,8
v1.1,23,3,38.91362161,8
v1.1,24,0,46.253206389,8
v1.1,24,1,19.013975377,8
v1.1,24,2,218.579699941,8
v1.1,24,3,158.233643919,8
v1.1,25,0,24.091726461,8
v1.1,25,1,207.652814261,8
v1.1,25,2,38.611944727,8
v1.1,25,3,62.513318486,8
v1.1,26,0,193.204677684,8
v1.1,26,1,286.597123294,8
v1.1,26,2,292.229010669,8
v1.1,26,3,129.108554466,8
v1.1,27,0,123.012584621,8
v1.1,27,1,154.264495571,8
v1.1,27,2,360.983459235,8
v1.1,27,3,79.860341691,8
v1.1,28,0,180.873556382,8
v1.1,28,1,138.781133618,8
v1.1,28,2,388.530186822,8
v1.1,28,3,123.487177465,8
v1.1,29,0,126.751699585,8
v1.1,29,1,135.728104588,8
v1.1,29,2,584.920936814,8
v1.1,29,3,167.04457641,8
v1.1,30,0,379.514797241,8
v1.1,30,1,80.43205615,8
v1.1,30,2,679.732288197,8
v1.1,30,3,313.380727192,8
v1.1,5,0,0.002113598,8
v1.1,5,1,0.005495751,8
v1.1,6,0,0.003858817,8
v1.1,6,1,0.014122934,8
v1.1,6,2,0.010464416,8
v1.1,7,0,0.009580514,8
v1.1,7,1,0.02326991,8
v1.1,7,2,0.041132772,8
v1.1,8,0,0.085590685,8
v1.1,8,1,0.157498111,8
v1.1,8,2,0.161932063,8
v1.1,9,0,0.012004841,8
v1.1,9,1,0.057837662,8
v1.1,9,2,0.068709841,8
v1.1,9,3,0.674788422,8
v1.1,10,0,0.24561689,8
v1.1,10,1,0.403494758,8
v1.1,10,2,0.488681576,8
v1.1,10,3,0.27188493,8
v1.1,11,0,0.535581507,8
v1.1,11,1,1.668255173,8
v1.1,11,2,1.32798631,8
v1.1,11,3,0.522675219,8
v1.1,12,0,1.458334769,8
v1.1,12,1,0.107393883,8
v1.1,12,2,1.455245688,8
v1.1,12,3,2.928397379,8
v1.1,13,0,0.857092481,8
v1.1,13,1,3.29014372,8
v1.1,13,2,10.373265989,8
v1.1,13,3,0.460981496,8
v1.1,14,0,4.719358299,8
v1.1,14,1,4.293505946,8
v1.1,14,2,3.541379581,8
v1.1,14,3,6.039110151,8
v1.1,15,0,5.466266086,8
v1.1,15,1,6.393576806,8
v1.1,15,2,6.057806463,8
v1.1,15,3,11.560150564,8
v1.1,16,0,4.009134606,8
v1.1,16,1,8.38894766,8
v1.1,16,2,1.31012043,8
v1.1,16,3,2.857324608,8
v1.1,17,0,7.550956224,8
v1.1,17,1,7.004421096,8
v1.1,17,2,34.924548028,8
v1.1,17,3,12.731869102,8
v1.1,18,0,9.774277052,8
v1.1,18,1,28.814683566,8
v1.1,18,2,31.839150425,8
v1.1,18,3,77.947823571,8
v1.1,19,0,21.073438,8
v1.1,19,1,32.387222343,8
v1.1,19,2,54.751204852,8
v1.1,19,3,22.040346893,8
v1.1,20,0,34.196591003,8
v1.1,20,1,35.677864116,8
v1.1,20,2,27.646643045,8
v1.1,20,3,18.252490691,8
v1.1,21,0,1.802577069,8
v1.1,21,1,32.672049687,8
v1.1,21,2,64.7702172,8
v1.1,21,3,100.571881386,8
v1.1,22,0,34.329735903,8
v1.1,22,1,48.439327703,8
v1.1,22,2,98.548837807,8
v1.1,22,3,53.82680789,8
v1.1,23,0,72.624130093,8
v1.1,23,1,84.325101693,8
v1.1,23,2,22.896292195,8
v1.1,23,3,77.642227773,8
v1.1,24,0,33.607009299,8
v1.1,24,1,119.814897567,8
v1.1,24,2,140.906126463,8
v1.1,24,3,275.786369058,8
v1.1,25,0,22.900195691,8
v1.1,25,1,159.818462117,8
v1.1,25,2,316.125606049,8
v1.1,25,3,174.591377521,8
v1.1,26,0,170.867790377,8
v1.1,26,1,275.396760608,8
v1.1,26,2,45.997444325,8
v1.1,26,3,85.378234669,8
v1.1,27,0,39.92178378,8
v1.1,27,1,93.830716346,8
v1.1,27,2,475.231050297,8
v1.1,27,3,395.450326974,8
v1.1,28,0,66.522751182,8
v1.1,28,1,132.301955309,8
v1.1,28,2,59.604799937,8
v1.1,28,3,83.020816906,8
v1.1,29,0,43.615249458,8
v1.1,29,1,604.327792193,8
v1.1,29,2,699.369646375,8
v1.1,30,0,349.57801836,8
v1.1,30,1,611.159719887,8
v1.1,30,2,297.230029518,8
v1.1,30,3,662.740211874,8
v1.1,5,0,3.877483265,2
v1.1,5,1,0.158275463,2
v1.1,6,0,0.009249949,2
v1.1,6,1,0.0393071,2
v1.1,6,2,0.086006104,2
v1.1,7,0,0.03547426,2
v1.1,7,1,0.056669545,2
v1.1,7,2,0.215529057,2
v1.1,8,0,0.128797651,2
v1.1,8,1,0.138281981,2
v1.1,8,2,0.599231935,2
v1.1,9,0,0.228319334,2
v1.1,9,1,0.763845045,2
v1.1,9,2,0.952468962,2
v1.1,9,3,1.849079744,2
v1.1,10,0,0.402850198,2
v1.1,10,1,0.799211757,2
v1.1,10,2,2.288955811,2
v1.1,10,3,1.605289307,2
v1.1,11,0,1.028274737,2
v1.1,11,1,1.112159441,2
v1.1,11,2,0.885079469,2
v1.1,11,3,2.505104345,2
v1.1,12,0,1.609647243,2
v1.1,12,1,9.901176995,2
v1.1,12,2,3.433561945,2
v1.1,12,3,3.22819078,2
v1.1,13,0,3.457126254,2
v1.1,13,1,6.850862866,2
v1.1,13,2,8.899389093,2
v1.1,13,3,0.971949555,2
v1.1,14,0,2.408817282,2
v1.1,14,1,11.453043276,2
v1.1,14,2,11.001820361,2
v1.1,14,3,14.087329067,2
v1.1,15,0,10.295384571,2
v1.1,15,1,16.683275199,2
v1.1,15,2,13.554195644,2
v1.1,15,3,30.79101938,2
v1.1,16,0,23.98780778,2
v1.1,16,1,2.349360082,2
v1.1,16,2,24.674629176,2
v1.1,16,3,56.416986871,2
v1.1,17,0,15.798385309,2
v1.1,17,1,65.639386745,2
v1.1,17,2,83.209071411,2
v1.1,17,3,115.538979116,2
v1.1,18,0,9.273062686,2
v1.1,18,1,90.899605987,2
v1.1,18,2,88.307020646,2
v1.1,18,3,42.601756583,2
v1.1,19,0,27.236474693,2
v1.1,19,1,84.220809781,2
v1.1,19,2,27.361174425,2
v1.1,19,3,148.596072597,2
v1.1,20,0,59.07555479,2
v1.1,20,1,42.412933255,2
v1.1,20,2,154.955572285,2
v1.1,20,3,31.216044021,2
v1.1,21,0,16.841778668,2
v1.1,21,1,107.607049921,2
v1.1,21,2,37.264025892,2
v1.1,21,3,281.531848833,2
v1.1,22,0,77.152631842,2
v1.1,22,1,176.330871609,2
v1.1,22,2,225.187430284,2
v1.1,22,3,126.375337603,2
v1.1,23,0,147.517985122,2
v1.1,23,1,345.492394904,2
v1.1,23,2,320.762128066,2
v1.1,23,3,110.137962395,2
v1.1,24,0,130.065482509,2
v1.1,24,1,54.797944586,2
v1.1,24,2,677.569868382,2
v1.1,24,3,475.911847962,2
v1.1,25,0,75.279980682,2
v1.1,25,1,648.890950409,2
v1.1,25,2,120.047302206,2
v1.1,25,3,196.747960507,2
v1.1,26,0,611.183785769,2
v1.1,26,1,796.912661556,2
v1.1,26,2,862.592053406,2
v1.1,26,3,401.380163284,2
v1.1,27,0,414.018827712,2
v1.1,27,1,479.304756452,2
v1.1,27,2,1069.307921729,2
v1.1,27,3,204.193384589,2
v1.1,28,0,539.835737134,2
v1.1,28,1,393.99874268,2
v1.1,28,2,1195.227983058,2
v1.1,28,3,371.721874944,2
v1.1,29,0,353.375739454,2
v1.1,29,1,414.313937428,2
v1.1,29,2,1715.842789063,2
v1.1,29,3,463.303869173,2
v1.1,30,0,1002.367695585,2
v1.1,30,1,212.988441614,2
v1.1,30,2,1780.810188316,2
v1.1,30,3,889.919019981,2
v1.1,5,0,0.004003508,2
v1.1,5,1,0.011887276,2
v1.1,6,0,0.010313854,2
v1.1,6,1,0.048040466,2
v1.1,6,2,0.029870982,2
v1.1,7,0,0.028317669,2
v1.1,7,1,0.126389241,2
v1.1,7,2,0.129769707,2
v1.1,8,0,0.205721036,2
v1.1,8,1,0.452252708,2
v1.1,8,2,0.445771078,2
v1.1,9,0,0.035988814,2
v1.1,9,1,0.274865276,2
v1.1,9,2,0.235151654,2
v1.1,9,3,1.967950244,2
v1.1,10,0,0.784735054,2
v1.1,10,1,1.325684418,2
v1.1,10,2,1.407844667,2
v1.1,10,3,0.715397418,2
v1.1,11,0,1.458417816,2
v1.1,11,1,4.353548138,2
v1.1,11,2,3.445357761,2
v1.1,11,3,1.315188513,2
v1.1,12,0,3.921797938,2
v1.1,12,1,0.360488321,2
v1.1,12,2,4.129963598,2
v1.1,12,3,8.247255944,2
v1.1,13,0,2.304017545,2
v1.1,13,1,9.021551971,2
v1.1,13,2,28.954406296,2
v1.1,13,3,1.204258438,2
v1.1,14,0,13.060216989,2
v1.1,14,1,11.89855584,2
v1.1,14,2,9.649601429,2
v1.1,14,3,16.651535449,2
v1.1,15,0,14.745544713,2
v1.1,15,1,18.373040668,2
v1.1,15,2,16.337544214,2
v1.1,15,3,32.259388716,2
v1.1,16,0,12.189248593,2
v1.1,16,1,25.346543381,2
v1.1,16,2,3.73739068,2
v1.1,16,3,8.935783833,2
v1.1,17,0,23.358859696,2
v1.1,17,1,24.085461689,2
v1.1,17,2,103.046629745,2
v1.1,17,3,34.419948702,2
v1.1,18,0,22.864155374,2
v1.1,18,1,68.599179313,2
v1.1,18,2,78.550929058,2
v1.1,18,3,185.666977836,2
v1.1,19,0,52.712943949,2
v1.1,19,1,87.40592337,2
v1.1,19,2,135.639783592,2
v1.1,19,3,58.804901911,2
v1.1,20,0,86.623750282,2
v1.1,20,1,93.050331914,2
v1.1,20,2,72.370043605,2
v1.1,20,3,53.516995248,2
v1.1,21,0,4.723585186,2
v1.1,21,1,101.6494558,2
v1.1,21,2,203.048268179,2
v1.1,21,3,301.642895438,2
v1.1,22,0,91.671617815,2
v1.1,22,1,125.37258407,2
v1.1,22,2,259.239670183,2
v1.1,22,3,152.376964278,2
v1.1,23,0,187.366205473,2
v1.1,23,1,218.038890963,2
v1.1,23,2,59.859672311,2
v1.1,23,3,186.54051357,2
v1.1,24,0,89.44204217,2
v1.1,24,1,324.976956778,2
v1.1,24,2,357.261080078,2
v1.1,24,3,717.972517933,2
v1.1,25,0,59.565069881,2
v1.1,25,1,409.893498524,2
v1.1,25,2,833.243524078,2
v1.1,25,3,484.41709874,2
v1.1,26,0,464.104245925,2
v1.1,26,1,711.795708873,2
v1.1,26,2,105.918436182,2
v1.1,26,3,208.908555934,2
v1.1,27,0,103.716967421,2
v1.1,27,1,270.237557609,2
v1.1,27,2,1236.181551392,2
v1.1,27,3,984.818948152,2
v1.1,28,0,181.008683286,2
v1.1,28,1,362.272869,2
v1.1,28,2,145.488158213,2
v1.1,28,3,190.478224398,2
v1.1,29,0,104.455064509,2
v1.1,29,1,1473.694134524,2
v1.1,29,2,1664.119858603,2
v1.1,30,0,884.152545994,2
v1.1,30,1,1556.017913538,2
v1.1,30,2,788.193192454,2
v1.1,30,3,1651.348432809,2
v1.1,5,0,3.686318942,4
v1.1,5,1,0.15170248,4
v1.1,6,0,0.03476907,4
v1.1,6,1,0.024331226,4
v1.1,6,2,0.050881787,4
v1.1,7,0,0.042950195,4
v1.1,7,1,0.052892134,4
v1.1,7,2,0.169188302,4
v1.1,8,0,0.108118736,4
v1.1,8,1,0.130508412,4
v1.1,8,2,0.535197403,4
v1.1,9,0,0.211437366,4
v1.1,9,1,0.664034416,4
v1.1,9,2,0.72004505,4
v1.1,9,3,1.347243627,4
v1.1,10,0,0.311894886,4
v1.1,10,1,0.556732917,4
v1.1,10,2,1.60185514,4
v1.1,10,3,0.937722484,4
v1.1,11,0,0.573930638,4
v1.1,11,1,0.864020391,4
v1.1,11,2,0.494688665,4
v1.1,11,3,1.185311073,4
v1.1,12,0,0.900276178,4
v1.1,12,1,5.827020051,4
v1.1,12,2,1.91344995,4
v1.1,12,3,1.840230475,4
v1.1,13,0,2.049148258,4
v1.1,13,1,4.243752606,4
v1.1,13,2,5.272519799,4
v1.1,13,3,0.562367057,4
v1.1,14,0,1.237779259,4
v1.1,14,1,7.570886524,4
v1.1,14,2,7.931305322,4
v1.1,14,3,9.446908177,4
v1.1,15,0,6.853105423,4
v1.1,15,1,9.918232495,4
v1.1,15,2,7.758842963,4
v1.1,15,3,18.20559787,4
v1.1,16,0,13.655462988,4
v1.1,16,1,1.130284697,4
v1.1,16,2,17.435153881,4
v1.1,16,3,34.057657885,4
v1.1,17,0,7.521446131,4
v1.1,17,1,37.809533866,4
v1.1,17,2,48.595512544,4
v1.1,17,3,72.622655794,4
v1.1,18,0,5.068793069,4
v1.1,18,1,48.523782364,4
v1.1,18,2,48.557619507,4
v1.1,18,3,25.590993725,4
v1.1,19,0,16.848325378,4
v1.1,19,1,48.126539673,4
v1.1,19,2,15.302285455,4
v1.1,19,3,82.716387142,4
v1.1,20,0,36.339543806,4
v1.1,20,1,25.918482948,4
v1.1,20,2,88.88838429,4
v1.1,20,3,17.310838152,4
v1.1,21,0,9.360271872,4
v1.1,21,1,67.520267828,4
v1.1,21,2,22.970989396,4
v1.1,21,3,181.699024149,4
v1.1,22,0,50.391694992,4
v1.1,22,1,106.987932582,4
v1.1,22,2,124.5035184,4
v1.1,22,3,68.962594474,4
v1.1,23,0,82.014128996,4
v1.1,23,1,193.290314312,4
v1.1,23,2,178.076850859,4
v1.1,23,3,59.717441919,4
v1.1,24,0,70.515215814,4
v1.1,24,1,29.16614656,4
v1.1,24,2,382.467670876,4
v1.1,24,3,260.308341335,4
v1.1,25,0,38.446211317,4
v1.1,25,1,358.201417621,4
v1.1,25,2,68.282779731,4
v1.1,25,3,106.534749778,4
v1.1,26,0,331.358840193,4
v1.1,26,1,435.078385181,4
v1.1,26,2,474.29637513,4
v1.1,26,3,224.146032416,4
v1.1,27,0,219.393294161,4
v1.1,27,1,279.527132619,4
v1.1,27,2,610.177970599,4
v1.1,27,3,117.504675993,4
v1.1,28,0,312.69601428,4
v1.1,28,1,214.858204502,4
v1.1,28,2,666.580400721,4
v1.1,28,3,226.398707245,4
v1.1,29,0,210.977859013,4
v1.1,29,1,238.002682779,4
v1.1,29,2,944.272842357,4
v1.1,29,3,264.578426738,4
v1.1,30,0,605.9405121,4
v1.1,30,1,126.083222155,4
v1.1,30,2,1001.301510402,4
v1.1,30,3,513.004722404,4
v1.1,5,0,0.003285955,4
v1.1,5,1,0.008236108,4
v1.1,6,0,0.005830876,4
v1.1,6,1,0.025608458,4
v1.1,6,2,0.018391686,4
v1.1,7,0,0.01557941,4
v1.1,7,1,0.087825787,4
v1.1,7,2,0.07286982,4
v1.1,8,0,0.134124813,4
v1.1,8,1,0.193497035,4
v1.1,8,2,0.202938033,4
v1.1,9,0,0.02096729,4
v1.1,9,1,0.102932318,4
v1.1,9,2,0.180696603,4
v1.1,9,3,1.152896682,4
v1.1,10,0,0.491966695,4
v1.1,10,1,0.835126494,4
v1.1,10,2,0.86297772,4
v1.1,10,3,0.359091964,4
v1.1,11,0,0.837288024,4
v1.1,11,1,2.459001185,4
v1.1,11,2,1.920297316,4
v1.1,11,3,0.795671947,4
v1.1,12,0,2.276489484,4
v1.1,12,1,0.235349761,4
v1.1,12,2,2.386055837,4
v1.1,12,3,4.514696114,4
v1.1,13,0,1.329666428,4
v1.1,13,1,4.950251877,4
v1.1,13,2,16.693002161,4
v1.1,13,3,0.708690869,4
v1.1,14,0,7.255263107,4
v1.1,14,1,6.609608432,4
v1.1,14,2,5.555369399,4
v1.1,14,3,9.567402594,4
v1.1,15,0,8.55087388,4
v1.1,15,1,9.781503398,4
v1.1,15,2,9.218383235,4
v1.1,15,3,17.439290086,4
v1.1,16,0,6.740436462,4
v1.1,16,1,14.988837489,4
v1.1,16,2,2.519880471,4
v1.1,16,3,5.591246111,4
v1.1,17,0,14.891449881,4
v1.1,17,1,13.621588005,4
v1.1,17,2,60.731637329,4
v1.1,17,3,20.118109232,4
v1.1,18,0,15.335720603,4
v1.1,18,1,47.226345177,4
v1.1,18,2,48.069432306,4
v1.1,18,3,112.838766643,4
v1.1,19,0,28.8813636,4
v1.1,19,1,51.207156832,4
v1.1,19,2,84.532018713,4
v1.1,19,3,33.447677233,4
v1.1,20,0,49.940307607,4
v1.1,20,1,61.868256767,4
v1.1,20,2,46.744009143,4
v1.1,20,3,32.425263876,4
v1.1,21,0,2.789796083,4
v1.1,21,1,59.122806311,4
v1.1,21,2,127.728736093,4
v1.1,21,3,185.905134228,4
v1.1,22,0,53.843845045,4
v1.1,22,1,75.923660129,4
v1.1,22,2,152.132887424,4
v1.1,22,3,79.880865988,4
v1.1,23,0,103.863604203,4
v1.1,23,1,131.361370833,4
v1.1,23,2,34.719305453,4
v1.1,23,3,113.302355644,4
v1.1,24,0,50.057110472,4
v1.1,24,1,175.199700306,4
v1.1,24,2,215.706519734,4
v1.1,24,3,433.072248269,4
v1.1,25,0,38.95109675,4
v1.1,25,1,262.903390063,4
v1.1,25,2,507.346039711,4
v1.1,25,3,288.341740599,4
v1.1,26,0,254.387262524,4
v1.1,26,1,416.347216235,4
v1.1,26,2,62.02630778,4
v1.1,26,3,120.848298381,4
v1.1,27,0,62.845866908,4
v1.1,27,1,160.87857566,4
v1.1,27,2,789.977100257,4
v1.1,27,3,566.217691683,4
v1.1,28,0,101.192036937,4
v1.1,28,1,225.805136161,4
v1.1,28,2,93.635080131,4
v1.1,28,3,129.627740541,4
v1.1,29,0,62.761182128,4
v1.1,29,1,875.370087725,4
v1.1,29,2,1024.171298561,4
v1.1,30,0,513.402492266,4
v1.1,30,1,956.746854181,4
v1.1,30,2,477.358589937,4
v1.1,30,3,997.921901757,4
v1.1,5,0,4.198038154,8
v1.1,5,1,0.180446544,8
v1.1,6,0,0.004379991,8
v1.1,6,1,0.019409472,8
v1.1,6,2,0.042417838,8
v1.1,7,0,0.016140335,8
v1.1,7,1,0.042537973,8
v1.1,7,2,0.108244939,8
v1.1,8,0,0.059467926,8
v1.1,8,1,0.065148401,8
v1.1,8,2,0.271793025,8
v1.1,9,0,0.123361215,8
v1.1,9,1,0.399377263,8
v1.1,9,2,0.459769534,8
v1.1,9,3,0.903450697,8
v1.1,10,0,0.201891015,8
v1.1,10,1,0.372069075,8
v1.1,10,2,1.003744402,8
v1.1,10,3,0.70448989,8
v1.1,11,0,0.531317551,8
v1.1,11,1,0.718396508,8
v1.1,11,2,0.386473247,8
v1.1,11,3,0.920403421,8
v1.1,12,0,0.843036211,8
v1.1,12,1,4.279616451,8
v1.1,12,2,1.461768473,8
v1.1,12,3,1.354282269,8
v1.1,13,0,1.501252386,8
v1.1,13,1,3.091851481,8
v1.1,13,2,3.887919794,8
v1.1,13,3,0.643272545,8
v1.1,14,0,0.957308652,8
v1.1,14,1,4.876451366,8
v1.1,14,2,4.715803636,8
v1.1,14,3,5.993736557,8
v1.1,15,0,4.376249179,8
v1.1,15,1,6.641429115,8
v1.1,15,2,5.073074665,8
v1.1,15,3,9.834455323,8
v1.1,16,0,7.835024401,8
v1.1,16,1,0.993986638,8
v1.1,16,2,9.69940008,8
v1.1,16,3,21.970116013,8
v1.1,17,0,5.871209065,8
v1.1,17,1,25.218563842,8
v1.1,17,2,31.470215524,8
v1.1,17,3,49.025133277,8
v1.1,18,0,3.790933914,8
v1.1,18,1,32.476684504,8
v1.1,18,2,33.676259155,8
v1.1,18,3,15.911916005,8
v1.1,19,0,10.566081357,8
v1.1,19,1,32.08559523,8
v1.1,19,2,10.568353755,8
v1.1,19,3,49.370204293,8
v1.1,20,0,21.850653963,8
v1.1,20,1,16.019864242,8
v1.1,20,2,54.933906971,8
v1.1,20,3,11.971055832,8
v1.1,21,0,6.663555402,8
v1.1,21,1,39.180802188,8
v1.1,21,2,14.230533911,8
v1.1,21,3,107.815642551,8
v1.1,22,0,29.143203949,8
v1.1,22,1,64.262801143,8
v1.1,22,2,80.883072242,8
v1.1,22,3,45.453540797,8
v1.1,23,0,56.940674318,8
v1.1,23,1,129.201659632,8
v1.1,23,2,120.602848784,8
v1.1,23,3,37.634672095,8
v1.1,24,0,48.607052956,8
v1.1,24,1,19.627161268,8
v1.1,24,2,244.73399014,8
v1.1,24,3,171.222280102,8
v1.1,25,0,26.587152935,8
v1.1,25,1,224.826948487,8
v1.1,25,2,44.926610876,8
v1.1,25,3,76.873181181,8
v1.1,26,0,208.545200235,8
v1.1,26,1,295.023528788,8
v1.1,26,2,317.000906331,8
v1.1,26,3,148.239019799,8
v1.1,27,0,139.492392868,8
v1.1,27,1,169.448780651,8
v1.1,27,2,411.687307265,8
v1.1,27,3,86.144100853,8
v1.1,28,0,202.951507445,8
v1.1,28,1,149.374311963,8
v1.1,28,2,440.091252483,8
v1.1,28,3,148.647836946,8
v1.1,29,0,130.159545448,8
v1.1,29,1,147.484635434,8
v1.1,29,2,633.99492632,8
v1.1,29,3,186.764145362,8
v1.1,30,0,393.300584678,8
v1.1,30,1,81.724346841,8
v1.1,30,2,680.338343772,8
v1.1,30,3,367.6869064,8
v1.1,5,0,0.00330975,8
v1.1,5,1,0.006749502,8
v1.1,6,0,0.004743681,8
v1.1,6,1,0.065301466,8
v1.1,6,2,0.012674055,8
v1.1,7,0,0.011919239,8
v1.1,7,1,0.028620116,8
v1.1,7,2,0.04950112,8
v1.1,8,0,0.058922622,8
v1.1,8,1,0.188415315,8
v1.1,8,2,0.211524494,8
v1.1,9,0,0.015178789,8
v1.1,9,1,0.146977309,8
v1.1,9,2,0.086011591,8
v1.1,9,3,0.882046265,8
v1.1,10,0,0.303014211,8
v1.1,10,1,0.613230908,8
v1.1,10,2,0.642785162,8
v1.1,10,3,0.27558273,8
v1.1,11,0,0.595376203,8
v1.1,11,1,1.887289935,8
v1.1,11,2,1.504570139,8
v1.1,11,3,0.587190047,8
v1.1,12,0,1.708856518,8
v1.1,12,1,0.113146026,8
v1.1,12,2,1.746040532,8
v1.1,12,3,3.496343633,8
v1.1,13,0,1.024141692,8
v1.1,13,1,3.873879712,8
v1.1,13,2,12.390791478,8
v1.1,13,3,0.507857735,8
v1.1,14,0,5.483320556,8
v1.1,14,1,4.874200038,8
v1.1,14,2,4.164054967,8
v1.1,14,3,6.916308131,8
v1.1,15,0,6.350233886,8
v1.1,15,1,7.382069692,8
v1.1,15,2,6.840829501,8
v1.1,15,3,12.904968605,8
v1.1,16,0,5.234698785,8
v1.1,16,1,10.928066031,8
v1.1,16,2,1.675829555,8
v1.1,16,3,3.809000943,8
v1.1,17,0,9.884600842,8
v1.1,17,1,9.015259901,8
v1.1,17,2,41.975737093,8
v1.1,17,3,14.111830923,8
v1.1,18,0,11.563240619,8
v1.1,18,1,29.286617599,8
v1.1,18,2,33.149859286,8
v1.1,18,3,79.175608821,8
v1.1,19,0,20.804158549,8
v1.1,19,1,34.65268736,8
v1.1,19,2,57.109664974,8
v1.1,19,3,22.884845807,8
v1.1,20,0,35.202471334,8
v1.1,20,1,36.898071119,8
v1.1,20,2,29.181219844,8
v1.1,20,3,21.349014622,8
v1.1,21,0,2.241299832,8
v1.1,21,1,38.895715106,8
v1.1,21,2,76.630801346,8
v1.1,21,3,111.341637507,8
v1.1,22,0,36.85192445,8
v1.1,22,1,49.843624286,8
v1.1,22,2,99.513378223,8
v1.1,22,3,54.791956274,8
v1.1,23,0,75.366752917,8
v1.1,23,1,84.807994717,8
v1.1,23,2,23.567098108,8
v1.1,23,3,79.235231767,8
v1.1,24,0,36.077029244,8
v1.1,24,1,124.665653521,8
v1.1,24,2,146.443914923,8
v1.1,24,3,272.102715598,8
v1.1,25,0,23.140885709,8
v1.1,25,1,163.893844784,8
v1.1,25,2,326.050684959,8
v1.1,25,3,193.574872046,8
v1.1,26,0,178.264873842,8
v1.1,26,1,286.400505593,8
v1.1,26,2,46.424947522,8
v1.1,26,3,87.391484646,8
v1.1,27,0,42.495398609,8
v1.1,27,1,113.735623081,8
v1.1,27,2,506.72752651,8
v1.1,27,3,396.710826225,8
v1.1,28,0,69.095410065,8
v1.1,28,1,150.903804679,8
v1.1,28,2,60.748795863,8
v1.1,28,3,81.468450617,8
v1.1,29,0,43.744237353,8
v1.1,29,1,607.694516672,8
v1.1,29,2,703.690837089,8
v1.1,30,0,358.239008454,8
v1.1,30,1,627.241124398,8
v1.1,30,2,330.638042131,8
v1.1,30,3,673.078484828,8
v1.1,5,0,4.131020071,2
v1.1,5,1,0.182852167,2
v1.1,6,0,0.009173682,2
v1.1,6,1,0.03980954,2
v1.1,6,2,0.088630936,2
v1.1,7,0,0.033865571,2
v1.1,7,1,0.076249283,2
v1.1,7,2,0.231960301,2
v1.1,8,0,0.117771794,2
v1.1,8,1,0.141619776,2
v1.1,8,2,0.607897793,2
v1.1,9,0,0.23326012,2
v1.1,9,1,0.794491383,2
v1.1,9,2,0.984847789,2
v1.1,9,3,1.879606647,2
v1.1,10,0,0.399858434,2
v1.1,10,1,0.81146394,2
v1.1,10,2,2.341768258,2
v1.1,10,3,1.672422563,2
v1.1,11,0,1.048602041,2
v1.1,11,1,1.490661663,2
v1.1,11,2,0.88485009,2
v1.1,11,3,2.224757336,2
v1.1,12,0,1.69810185,2
v1.1,12,1,10.529450994,2
v1.1,12,2,3.552467659,2
v1.1,12,3,3.388848959,2
v1.1,13,0,3.626826472,2
v1.1,13,1,7.07976255,2
v1.1,13,2,9.010866078,2
v1.1,13,3,1.345425809,2
v1.1,14,0,2.081956772,2
v1.1,14,1,11.741533346,2
v1.1,14,2,11.368961135,2
v1.1,14,3,14.399228163,2
v1.1,15,0,10.426602554,2
v1.1,15,1,16.755074179,2
v1.1,15,2,13.588063327,2
v1.1,15,3,29.026447656,2
v1.1,16,0,21.956551303,2
v1.1,16,1,2.137901071,2
v1.1,16,2,24.603276042,2
v1.1,16,3,55.615445523,2
v1.1,17,0,14.240365427,2
v1.1,17,1,62.130349754,2
v1.1,17,2,79.093280631,2
v1.1,17,3,113.589570599,2
v1.1,18,0,8.906267643,2
v1.1,18,1,85.65944615,2
v1.1,18,2,83.956086464,2
v1.1,18,3,40.832983411,2
v1.1,19,0,26.504777189,2
v1.1,19,1,85.879764457,2
v1.1,19,2,25.045508791,2
v1.1,19,3,139.928287019,2
v1.1,20,0,55.437223693,2
v1.1,20,1,40.760715601,2
v1.1,20,2,147.444782552,2
v1.1,20,3,30.294288209,2
v1.1,21,0,16.542064638,2
v1.1,21,1,106.930179555,2
v1.1,21,2,36.62392458,2
v1.1,21,3,281.864452698,2
v1.1,22,0,74.580277354,2
v1.1,22,1,170.674446177,2
v1.1,22,2,217.841124567,2
v1.1,22,3,122.513532114,2
v1.1,23,0,146.852858476,2
v1.1,23,1,339.337789389,2
v1.1,23,2,322.958049621,2
v1.1,23,3,104.884778383,2
v1.1,24,0,123.677327464,2
v1.1,24,1,49.368250318,2
v1.1,24,2,671.517763505,2
v1.1,24,3,456.492520991,2
v1.1,25,0,66.949127823,2
v1.1,25,1,633.387267819,2
v1.1,25,2,124.990481773,2
v1.1,25,3,187.147589438,2
v1.1,26,0,591.411281817,2
v1.1,26,1,777.821089977,2
v1.1,26,2,846.107106627,2
v1.1,26,3,395.694973776,2
v1.1,27,0,387.960801083,2
v1.1,27,1,467.044697235,2
v1.1,27,2,1063.162415092,2
v1.1,27,3,203.641060083,2
v1.1,28,0,539.810535485,2
v1.1,28,1,379.292242008,2
v1.1,28,2,1151.005537437,2
v1.1,28,3,371.339499013,2
v1.1,29,0,352.787114892,2
v1.1,29,1,425.563170175,2
v1.1,29,2,1688.221850149,2
v1.1,29,3,479.33723669,2
v1.1,30,0,1032.68371804,2
v1.1,30,1,226.193771515,2
v1.1,30,2,1779.826494825,2
v1.1,30,3,869.821236275,2
v1.1,5,0,0.004061621,2
v1.1,5,1,0.012486135,2
v1.1,6,0,0.011165533,2
v1.1,6,1,0.048296909,2
v1.1,6,2,0.029947105,2
v1.1,7,0,0.029349063,2
v1.1,7,1,0.073567609,2
v1.1,7,2,0.187679092,2
v1.1,8,0,0.143141551,2
v1.1,8,1,0.428270813,2
v1.1,8,2,0.446214369,2
v1.1,9,0,0.036594587,2
v1.1,9,1,0.253812718,2
v1.1,9,2,0.230986544,2
v1.1,9,3,2.002151119,2
v1.1,10,0,0.696390782,2
v1.1,10,1,1.328362039,2
v1.1,10,2,1.455936358,2
v1.1,10,3,0.729789593,2
v1.1,11,0,1.46992817,2
v1.1,11,1,4.467845978,2
v1.1,11,2,3.554958255,2
v1.1,11,3,1.3362939,2
v1.1,12,0,4.019191978,2
v1.1,12,1,0.362836611,2
v1.1,12,2,4.229539155,2
v1.1,12,3,8.574337537,2
v1.1,13,0,2.410381498,2
v1.1,13,1,9.252182255,2
v1.1,13,2,32.340733035,2
v1.1,13,3,1.585552688,2
v1.1,14,0,16.292485436,2
v1.1,14,1,13.057543782,2
v1.1,14,2,11.108250254,2
v1.1,14,3,19.186446742,2
v1.1,15,0,15.83217422,2
v1.1,15,1,21.012879376,2
v1.1,15,2,18.573086574,2
v1.1,15,3,32.939210681,2
v1.1,16,0,11.612570148,2
v1.1,16,1,25.005366182,2
v1.1,16,2,3.938497043,2
v1.1,16,3,9.604330284,2
v1.1,17,0,23.183906854,2
v1.1,17,1,20.310554169,2
v1.1,17,2,97.218755465,2
v1.1,17,3,32.490863368,2
v1.1,18,0,25.17929893,2
v1.1,18,1,70.351184698,2
v1.1,18,2,79.093507603,2
v1.1,18,3,197.716084279,2
v1.1,19,0,51.060826313,2
v1.1,19,1,87.777750785,2
v1.1,19,2,139.559294793,2
v1.1,19,3,58.932928453,2
v1.1,20,0,89.072241137,2
v1.1,20,1,94.329986712,2
v1.1,20,2,73.128025152,2
v1.1,20,3,57.829221964,2
v1.1,21,0,4.310444587,2
v1.1,21,1,100.630782935,2
v1.1,21,2,205.425069165,2
v1.1,21,3,304.796748662,2
v1.1,22,0,96.579494262,2
v1.1,22,1,129.832254343,2
v1.1,22,2,258.517968571,2
v1.1,22,3,149.174098408,2
v1.1,23,0,185.355130977,2
v1.1,23,1,223.401788229,2
v1.1,23,2,59.818510997,2
v1.1,23,3,195.235397067,2
v1.1,24,0,99.698465316,2
v1.1,24,1,316.018389778,2
v1.1,24,2,368.198769884,2
v1.1,24,3,745.198981855,2
v1.1,25,0,65.02668914,2
v1.1,25,1,439.379226034,2
v1.1,25,2,820.570692406,2
v1.1,25,3,487.527885046,2
v1.1,26,0,460.264032288,2
v1.1,26,1,718.134962516,2
v1.1,26,2,106.17319159,2
v1.1,26,3,206.859359161,2
v1.1,27,0,102.761186673,2
v1.1,27,1,270.669007856,2
v1.1,27,2,1235.79324061,2
v1.1,27,3,973.18659246,2
v1.1,28,0,197.237843493,2
v1.1,28,1,368.463819294,2
v1.1,28,2,152.936703734,2
v1.1,28,3,196.220713268,2
v1.1,29,0,112.864512172,2
v1.1,29,1,1512.673049049,2
v1.1,29,2,1698.381597754,2
v1.1,30,0,908.903719622,2
v1.1,30,1,1565.599960573,2
v1.1,30,2,791.785669858,2
v1.1,30,3,1660.280001884,2
v1.1,5,0,4.263438366,4
v1.1,5,1,0.18205155,4
v1.1,6,0,0.006656093,4
v1.1,6,1,0.047398801,4
v1.1,6,2,0.049912783,4
v1.1,7,0,0.02337892,4
v1.1,7,1,0.05202526,4
v1.1,7,2,0.161583268,4
v1.1,8,0,0.091026786,4
v1.1,8,1,0.098036703,4
v1.1,8,2,0.434848951,4
v1.1,9,0,0.169741239,4
v1.1,9,1,0.568742412,4
v1.1,9,2,0.670187939,4
v1.1,9,3,1.132483924,4
v1.1,10,0,0.22527621,4
v1.1,10,1,0.458994693,4
v1.1,10,2,1.311772657,4
v1.1,10,3,0.943554432,4
v1.1,11,0,0.573550753,4
v1.1,11,1,0.637855425,4
v1.1,11,2,0.513658365,4
v1.1,11,3,1.310995603,4
v1.1,12,0,1.261811347,4
v1.1,12,1,5.561028007,4
v1.1,12,2,1.935330137,4
v1.1,12,3,1.869839056,4
v1.1,13,0,1.998429117,4
v1.1,13,1,4.242947937,4
v1.1,13,2,5.903362337,4
v1.1,13,3,0.655997926,4
v1.1,14,0,1.651958949,4
v1.1,14,1,7.476904242,4
v1.1,14,2,7.434328737,4
v1.1,14,3,9.009953624,4
v1.1,15,0,5.91117421,4
v1.1,15,1,9.396190529,4
v1.1,15,2,7.758517783,4
v1.1,15,3,16.42058326,4
v1.1,16,0,12.532284764,4
v1.1,16,1,1.299122261,4
v1.1,16,2,14.412078785,4
v1.1,16,3,31.430287681,4
v1.1,17,0,8.149844205,4
v1.1,17,1,38.069414624,4
v1.1,17,2,48.118881323,4
v1.1,17,3,70.679670208,4
v1.1,18,0,4.924049732,4
v1.1,18,1,49.071563348,4
v1.1,18,2,47.27007229,4
v1.1,18,3,24.109820453,4
v1.1,19,0,17.232294638,4
v1.1,19,1,48.813850729,4
v1.1,19,2,14.929837414,4
v1.1,19,3,77.797848073,4
v1.1,20,0,35.783481699,4
v1.1,20,1,25.846773525,4
v1.1,20,2,86.702031125,4
v1.1,20,3,19.364745935,4
v1.1,21,0,10.959663282,4
v1.1,21,1,66.362362942,4
v1.1,21,2,21.673336117,4
v1.1,21,3,169.016092629,4
v1.1,22,0,45.722363655,4
v1.1,22,1,105.511608065,4
v1.1,22,2,128.085222633,4
v1.1,22,3,72.331722203,4
v1.1,23,0,83.143156534,4
v1.1,23,1,197.77541567,4
v1.1,23,2,186.784152715,4
v1.1,23,3,67.066827352,4
v1.1,24,0,71.2168859,4
v1.1,24,1,28.3411191,4
v1.1,24,2,407.029639481,4
v1.1,24,3,268.934112914,4
v1.1,25,0,39.905633764,4
v1.1,25,1,374.991512435,4
v1.1,25,2,69.999054341,4
v1.1,25,3,120.399529519,4
v1.1,26,0,324.107026522,4
v1.1,26,1,440.664750646,4
v1.1,26,2,484.493726006,4
v1.1,26,3,230.048682972,4
v1.1,27,0,221.639646084,4
v1.1,27,1,258.874290388,4
v1.1,27,2,613.306674482,4
v1.1,27,3,120.391214188,4
v1.1,28,0,301.359114131,4
v1.1,28,1,223.644993575,4
v1.1,28,2,672.249171736,4
v1.1,28,3,214.001063531,4
v1.1,29,0,224.582033094,4
v1.1,29,1,234.595800485,4
v1.1,29,2,1019.514125363,4
v1.1,29,3,262.789098575,4
v1.1,30,0,638.020242988,4
v1.1,30,1,127.865229837,4
v1.1,30,2,1065.970104463,4
v1.1,30,3,575.996290506,4
v1.1,5,0,0.003651915,4
v1.1,5,1,0.008295506,4
v1.1,6,0,0.005979257,4
v1.1,6,1,0.02627225,4
v1.1,6,2,0.017025483,4
v1.1,7,0,0.015068256,4
v1.1,7,1,0.038399043,4
v1.1,7,2,0.12927854,4
v1.1,8,0,0.079426349,4
v1.1,8,1,0.275312911,4
v1.1,8,2,0.286100588,4
v1.1,9,0,0.021489917,4
v1.1,9,1,0.173519111,4
v1.1,9,2,0.127684605,4
v1.1,9,3,1.118373554,4
v1.1,10,0,0.427401897,4
v1.1,10,1,0.737729186,4
v1.1,10,2,0.800916139,4
v1.1,10,3,0.456030214,4
v1.1,11,0,0.837473708,4
v1.1,11,1,2.716841304,4
v1.1,11,2,2.119388117,4
v1.1,11,3,0.782925275,4
v1.1,12,0,2.482678938,4
v1.1,12,1,0.257952322,4
v1.1,12,2,2.606056551,4
v1.1,12,3,5.122292598,4
v1.1,13,0,1.514512427,4
v1.1,13,1,6.25084079,4
v1.1,13,2,19.700786167,4
v1.1,13,3,0.836354185,4
v1.1,14,0,7.92333731,4
v1.1,14,1,6.950259306,4
v1.1,14,2,5.950631026,4
v1.1,14,3,10.56951127,4
v1.1,15,0,10.183910262,4
v1.1,15,1,11.600728572,4
v1.1,15,2,10.612988394,4
v1.1,15,3,20.345607373,4
v1.1,16,0,7.924225111,4
v1.1,16,1,15.283771045,4
v1.1,16,2,2.510958787,4
v1.1,16,3,5.229927408,4
v1.1,17,0,13.245526017,4
v1.1,17,1,13.997744607,4
v1.1,17,2,67.950274421,4
v1.1,17,3,21.434201881,4
v1.1,18,0,15.113565949,4
v1.1,18,1,42.498936395,4
v1.1,18,2,52.438903189,4
v1.1,18,3,122.151851016,4
v1.1,19,0,29.608363808,4
v1.1,19,1,50.235949898,4
v1.1,19,2,78.963724914,4
v1.1,19,3,36.88213328,4
v1.1,20,0,54.27383685,4
v1.1,20,1,58.905707424,4
v1.1,20,2,44.912853415,4
v1.1,20,3,29.788893555,4
v1.1,21,0,2.836493034,4
v1.1,21,1,57.747178208,4
v1.1,21,2,129.414028722,4
v1.1,21,3,185.595322757,4
v1.1,22,0,58.643968885,4
v1.1,22,1,78.179327265,4
v1.1,22,2,165.439398088,4
v1.1,22,3,90.754474705,4
v1.1,23,0,122.275132217,4
v1.1,23,1,133.173417152,4
v1.1,23,2,36.704573003,4
v1.1,23,3,120.076390381,4
v1.1,24,0,51.923493161,4
v1.1,24,1,176.7409091,4
v1.1,24,2,209.47718287,4
v1.1,24,3,427.803822786,4
v1.1,25,0,34.762024572,4
v1.1,25,1,249.180797865,4
v1.1,25,2,524.307111759,4
v1.1,25,3,305.303778736,4
v1.1,26,0,284.066563162,4
v1.1,26,1,424.623737764,4
v1.1,26,2,69.48352944,4
v1.1,26,3,125.873732404,4
v1.1,27,0,60.553140555,4
v1.1,27,1,170.125757386,4
v1.1,27,2,750.88400173,4
v1.1,27,3,569.735943021,4
v1.1,28,0,98.655594954,4
v1.1,28,1,203.284845686,4
v1.1,28,2,82.309983356,4
v1.1,28,3,111.461923385,4
v1.1,29,0,58.465558817,4
v1.1,29,1,848.334770341,4
v1.1,29,2,1014.867574233,4
v1.1,30,0,514.37693546,4
v1.1,30,1,916.122735211,4
v1.1,30,2,465.140467929,4
v1.1,30,3,961.233114304,4
v1.1,5,0,3.865145283,8
v1.1,5,1,0.155938199,8
v1.1,6,0,0.003961436,8
v1.1,6,1,0.034193052,8
v1.1,6,2,0.040693654,8
v1.1,7,0,0.014615107,8
v1.1,7,1,0.03281714,8
v1.1,7,2,0.107464529,8
v1.1,8,0,0.055530783,8
v1.1,8,1,0.061644473,8
v1.1,8,2,0.248929896,8
v1.1,9,0,0.115341468,8
v1.1,9,1,0.357579392,8
v1.1,9,2,0.424322735,8
v1.1,9,3,0.818258128,8
v1.1,10,0,0.181627877,8
v1.1,10,1,0.338172809,8
v1.1,10,2,0.99391381,8
v1.1,10,3,0.6895275,8
v1.1,11,0,0.432513515,8
v1.1,11,1,0.589416137,8
v1.1,11,2,0.325395163,8
v1.1,11,3,0.762343224,8
v1.1,12,0,0.584871168,8
v1.1,12,1,3.7008778,8
v1.1,12,2,1.208120743,8
v1.1,12,3,1.168332332,8
v1.1,13,0,1.268920985,8
v1.1,13,1,2.336288893,8
v1.1,13,2,2.97498616,8
v1.1,13,3,0.584521943,8
v1.1,14,0,0.684703182,8
v1.1,14,1,3.929345713,8
v1.1,14,2,3.949446084,8
v1.1,14,3,4.821933287,8
v1.1,15,0,3.533797234,8
v1.1,15,1,5.521682978,8
v1.1,15,2,5.078647326,8
v1.1,15,3,10.433854884,8
v1.1,16,0,6.883293835,8
v1.1,16,1,0.874000576,8
v1.1,16,2,8.014073848,8
v1.1,16,3,18.344933455,8
v1.1,17,0,5.598674946,8
v1.1,17,1,23.057542131,8
v1.1,17,2,25.624062116,8
v1.1,17,3,39.784028865,8
v1.1,18,0,3.108583324,8
v1.1,18,1,26.498890954,8
v1.1,18,2,27.394536134,8
v1.1,18,3,13.698540205,8
v1.1,19,0,8.405895903,8
v1.1,19,1,26.129277357,8
v1.1,19,2,8.667876887,8
v1.1,19,3,42.687662516,8
v1.1,20,0,20.720373236,8
v1.1,20,1,15.275901754,8
v1.1,20,2,51.798004828,8
v1.1,20,3,10.719797609,8
v1.1,21,0,5.850685268,8
v1.1,21,1,34.416010447,8
v1.1,21,2,11.704521539,8
v1.1,21,3,101.11649817,8
v1.1,22,0,24.518363099,8
v1.1,22,1,54.330624066,8
v1.1,22,2,66.07183455,8
v1.1,22,3,39.146043189,8
v1.1,23,0,47.551959699,8
v1.1,23,1,106.955036408,8
v1.1,23,2,106.163167007,8
v1.1,23,3,33.969262632,8
v1.1,24,0,40.83017976,8
v1.1,24,1,16.006887734,8
v1.1,24,2,220.166054543,8
v1.1,24,3,143.789646718,8
v1.1,25,0,21.839197073,8
v1.1,25,1,221.709613152,8
v1.1,25,2,41.825170213,8
v1.1,25,3,64.298883766,8
v1.1,26,0,179.832230687,8
v1.1,26,1,246.932097512,8
v1.1,26,2,289.736257371,8
v1.1,26,3,136.20190471,8
v1.1,27,0,123.569668145,8
v1.1,27,1,151.596632432,8
v1.1,27,2,382.642873219,8
v1.1,27,3,76.03231091,8
v1.1,28,0,195.802509618,8
v1.1,28,1,139.961103303,8
v1.1,28,2,427.555552817,8
v1.1,28,3,142.78799967,8
v1.1,29,0,135.12853528,8
v1.1,29,1,154.547044118,8
v1.1,29,2,567.42506984,8
v1.1,29,3,171.925109391,8
v1.1,30,0,352.906154967,8
v1.1,30,1,71.364173799,8
v1.1,30,2,622.278458863,8
v1.1,30,3,304.945101128,8
v1.1,5,0,0.002210936,8
v1.1,5,1,0.005384724,8
v1.1,6,0,0.003832116,8
v1.1,6,1,0.014273702,8
v1.1,6,2,0.010264865,8
v1.1,7,0,0.040471435,8
v1.1,7,1,0.022960094,8
v1.1,7,2,0.041789888,8
v1.1,8,0,0.046761713,8
v1.1,8,1,0.151557696,8
v1.1,8,2,0.158794348,8
v1.1,9,0,0.011944364,8
v1.1,9,1,0.102020237,8
v1.1,9,2,0.07056847,8
v1.1,9,3,0.668473038,8
v1.1,10,0,0.271832344,8
v1.1,10,1,0.438003421,8
v1.1,10,2,0.467680551,8
v1.1,10,3,0.259495802,8
v1.1,11,0,0.488314457,8
v1.1,11,1,1.400499894,8
v1.1,11,2,1.124714519,8
v1.1,11,3,0.413281944,8
v1.1,12,0,1.277293477,8
v1.1,12,1,0.13915486,8
v1.1,12,2,1.30553947,8
v1.1,12,3,2.598592747,8
v1.1,13,0,0.777434164,8
v1.1,13,1,2.935783085,8
v1.1,13,2,9.600994895,8
v1.1,13,3,0.412278591,8
v1.1,14,0,4.306906212,8
v1.1,14,1,3.793327276,8
v1.1,14,2,3.237798323,8
v1.1,14,3,5.485594331,8
v1.1,15,0,4.86168668,8
v1.1,15,1,5.67391274,8
v1.1,15,2,5.268803137,8
v1.1,15,3,10.152618533,8
v1.1,16,0,4.025072168,8
v1.1,16,1,8.273523188,8
v1.1,16,2,1.339792149,8
v1.1,16,3,3.12059525,8
v1.1,17,0,7.563770285,8
v1.1,17,1,6.925287297,8
v1.1,17,2,32.591404368,8
v1.1,17,3,11.82996101,8
v1.1,18,0,7.699768906,8
v1.1,18,1,22.675496138,8
v1.1,18,2,26.932707018,8
v1.1,18,3,64.081644967,8
v1.1,19,0,16.146780687,8
v1.1,19,1,27.771576726,8
v1.1,19,2,45.543756761,8
v1.1,19,3,18.658532592,8
v1.1,20,0,27.714476795,8
v1.1,20,1,33.431064249,8
v1.1,20,2,23.800180805,8
v1.1,20,3,17.125130106,8
v1.1,21,0,1.70998775,8
v1.1,21,1,31.414017363,8
v1.1,21,2,64.140683783,8
v1.1,21,3,90.00077192,8
v1.1,22,0,28.689760625,8
v1.1,22,1,39.163679225,8
v1.1,22,2,79.502770102,8
v1.1,22,3,44.093345115,8
v1.1,23,0,57.3382239,8
v1.1,23,1,67.984946905,8
v1.1,23,2,18.672303519,8
v1.1,23,3,63.864743547,8
v1.1,24,0,28.232760613,8
v1.1,24,1,101.91083719,8
v1.1,24,2,117.466923897,8
v1.1,24,3,237.426097802,8
v1.1,25,0,18.895049085,8
v1.1,25,1,137.694341263,8
v1.1,25,2,272.926287244,8
v1.1,25,3,154.297509536,8
v1.1,26,0,139.739894651,8
v1.1,26,1,236.80791721,8
v1.1,26,2,41.298740727,8
v1.1,26,3,72.578129852,8
v1.1,27,0,34.712706109,8
v1.1,27,1,95.540855372,8
v1.1,27,2,445.89039506,8
v1.1,27,3,334.025578165,8
v1.1,28,0,60.255210108,8
v1.1,28,1,140.677641764,8
v1.1,28,2,53.088175526,8
v1.1,28,3,69.847219734,8
v1.1,29,0,36.086326206,8
v1.1,29,1,492.029669539,8
v1.1,29,2,613.26257675,8
v1.1,30,0,297.3655439,8
v1.1,30,1,566.681432054,8
v1.1,30,2,292.542712453,8
v1.1,30,3,581.524016425,8
v1.1,5,0,3.846695324,2
v1.1,5,1,0.159819838,2
v1.1,6,0,0.009134418,2
v1.1,6,1,0.03891285,2
v1.1,6,2,0.062713285,2
v1.1,7,0,0.033660797,2
v1.1,7,1,0.075194067,2
v1.1,7,2,0.225545141,2
v1.1,8,0,0.121943022,2
v1.1,8,1,0.134053062,2
v1.1,8,2,0.610435075,2
v1.1,9,0,0.231722554,2
v1.1,9,1,0.789566378,2
v1.1,9,2,0.981997467,2
v1.1,9,3,1.978078001,2
v1.1,10,0,0.411504122,2
v1.1,10,1,0.829897179,2
v1.1,10,2,2.392726784,2
v1.1,10,3,1.681285176,2
v1.1,11,0,1.056711314,2
v1.1,11,1,1.167802676,2
v1.1,11,2,1.293185661,2
v1.1,11,3,2.421528388,2
v1.1,12,0,1.900807264,2
v1.1,12,1,10.534292241,2
v1.1,12,2,3.561644414,2
v1.1,12,3,3.402775767,2
v1.1,13,0,3.654623994,2
v1.1,13,1,6.982471738,2
v1.1,13,2,8.930139052,2
v1.1,13,3,1.268683733,2
v1.1,14,0,1.960802239,2
v1.1,14,1,11.103565858,2
v1.1,14,2,10.722660221,2
v1.1,14,3,14.294728045,2
v1.1,15,0,10.564580494,2
v1.1,15,1,17.049948168,2
v1.1,15,2,13.392985133,2
v1.1,15,3,29.200711008,2
v1.1,16,0,22.620935327,2
v1.1,16,1,2.195994938,2
v1.1,16,2,24.633002122,2
v1.1,16,3,56.175695949,2
v1.1,17,0,14.691008917,2
v1.1,17,1,62.222081151,2
v1.1,17,2,76.026486414,2
v1.1,17,3,118.552494811,2
v1.1,18,0,9.551116812,2
v1.1,18,1,83.469093145,2
v1.1,18,2,84.263945394,2
v1.1,18,3,42.057313242,2
v1.1,19,0,26.624717388,2
v1.1,19,1,80.967896068,2
v1.1,19,2,24.34073927,2
v1.1,19,3,140.288262242,2
v1.1,20,0,54.950935902,2
v1.1,20,1,42.609778793,2
v1.1,20,2,148.541589234,2
v1.1,20,3,30.303526071,2
v1.1,21,0,16.618315672,2
v1.1,21,1,109.021216561,2
v1.1,21,2,36.471443286,2
v1.1,21,3,289.209263143,2
v1.1,22,0,73.99431104,2
v1.1,22,1,173.148662307,2
v1.1,22,2,219.799300436,2
v1.1,22,3,122.92324109,2
v1.1,23,0,144.681542995,2
v1.1,23,1,344.279731293,2
v1.1,23,2,320.633960264,2
v1.1,23,3,105.817646725,2
v1.1,24,0,123.947492696,2
v1.1,24,1,48.873490539,2
v1.1,24,2,686.058035045,2
v1.1,24,3,463.975158212,2
v1.1,25,0,67.488713017,2
v1.1,25,1,647.74648405,2
v1.1,25,2,118.979557302,2
v1.1,25,3,192.570229691,2
v1.1,26,0,596.333344334,2
v1.1,26,1,785.906234465,2
v1.1,26,2,848.015441093,2
v1.1,26,3,391.450767705,2
v1.1,27,0,398.070923493,2
v1.1,27,1,465.161387093,2
v1.1,27,2,1068.074571831,2
v1.1,27,3,202.171182534,2
v1.1,28,0,543.305633518,2
v1.1,28,1,379.096080357,2
v1.1,28,2,1162.906206225,2
v1.1,28,3,363.600677382,2
v1.1,29,0,367.331631609,2
v1.1,29,1,415.888222345,2
v1.1,29,2,1640.857184547,2
v1.1,29,3,455.073650476,2
v1.1,30,0,1039.581066682,2
v1.1,30,1,211.844695271,2
v1.1,30,2,1730.051017421,2
v1.1,30,3,873.628390612,2
v1.1,5,0,0.005260542,2
v1.1,5,1,0.011573276,2
v1.1,6,0,0.010242538,2
v1.1,6,1,0.047747678,2
v1.1,6,2,0.029957719,2
v1.1,7,0,0.027783627,2
v1.1,7,1,0.072474689,2
v1.1,7,2,0.1327609,2
v1.1,8,0,0.147488183,2
v1.1,8,1,0.438767428,2
v1.1,8,2,0.463237473,2
v1.1,9,0,0.03643992,2
v1.1,9,1,0.190243646,2
v1.1,9,2,0.311162047,2
v1.1,9,3,2.023496931,2
v1.1,10,0,0.828870612,2
v1.1,10,1,1.272163683,2
v1.1,10,2,1.470046596,2
v1.1,10,3,0.651351897,2
v1.1,11,0,1.492476071,2
v1.1,11,1,4.478510954,2
v1.1,11,2,3.5538777,2
v1.1,11,3,1.377025768,2
v1.1,12,0,3.970510032,2
v1.1,12,1,0.374692985,2
v1.1,12,2,4.275284188,2
v1.1,12,3,8.75823562,2
v1.1,13,0,2.548383641,2
v1.1,13,1,9.607439295,2
v1.1,13,2,30.294428698,2
v1.1,13,3,1.268775672,2
v1.1,14,0,13.331962894,2
v1.1,14,1,11.959108051,2
v1.1,14,2,10.103837022,2
v1.1,14,3,17.151089185,2
v1.1,15,0,15.504458734,2
v1.1,15,1,18.021110893,2
v1.1,15,2,16.821981034,2
v1.1,15,3,31.355947999,2
v1.1,16,0,12.227447576,2
v1.1,16,1,25.635823375,2
v1.1,16,2,3.592833614,2
v1.1,16,3,8.667987593,2
v1.1,17,0,22.250875947,2
v1.1,17,1,18.808909837,2
v1.1,17,2,89.886936731,2
v1.1,17,3,33.348946032,2
v1.1,18,0,23.210417381,2
v1.1,18,1,67.387920088,2
v1.1,18,2,76.310989664,2
v1.1,18,3,191.663394859,2
v1.1,19,0,52.149190144,2
v1.1,19,1,83.95961301,2
v1.1,19,2,138.607922454,2
v1.1,19,3,58.003199252,2
v1.1,20,0,86.099830013,2
v1.1,20,1,91.887290846,2
v1.1,20,2,74.555549899,2
v1.1,20,3,53.604338283,2
v1.1,21,0,4.116108587,2
v1.1,21,1,99.227323209,2
v1.1,21,2,210.881224348,2
v1.1,21,3,288.021073031,2
v1.1,22,0,93.115169985,2
v1.1,22,1,121.292545706,2
v1.1,22,2,262.349228656,2
v1.1,22,3,137.272121118,2
v1.1,23,0,192.633245221,2
v1.1,23,1,219.37605255,2
v1.1,23,2,57.399245723,2
v1.1,23,3,184.512092828,2
v1.1,24,0,93.663228835,2
v1.1,24,1,319.830810602,2
v1.1,24,2,367.287606371,2
v1.1,24,3,730.662245892,2
v1.1,25,0,60.085102061,2
v1.1,25,1,412.993996287,2
v1.1,25,2,820.106760827,2
v1.1,25,3,473.096136282,2
v1.1,26,0,461.096767369,2
v1.1,26,1,705.230258137,2
v1.1,26,2,104.831408343,2
v1.1,26,3,209.531748899,2
v1.1,27,0,105.157108039,2
v1.1,27,1,267.801958581,2
v1.1,27,2,1219.574168205,2
v1.1,27,3,976.615518704,2
v1.1,28,0,179.735241899,2
v1.1,28,1,360.192160304,2
v1.1,28,2,142.913271617,2
v1.1,28,3,188.816025319,2
v1.1,29,0,104.041931551,2
v1.1,29,1,1462.420178316,2
v1.1,29,2,1649.449254698,2
v1.1,30,0,872.476175233,2
v1.1,30,1,1541.119251891,2
v1.1,30,2,768.341209416,2
v1.1,30,3,1613.017820338,2
v1.1,5,0,3.761496308,4
v1.1,5,1,0.153879191,4
v1.1,6,0,0.006546596,4
v1.1,6,1,0.025214031,4
v1.1,6,2,0.064215786,4
v1.1,7,0,0.037454033,4
v1.1,7,1,0.048561406,4
v1.1,7,2,0.154647372,4
v1.1,8,0,0.096295352,4
v1.1,8,1,0.097222294,4
v1.1,8,2,0.419282805,4
v1.1,9,0,0.166527918,4
v1.1,9,1,0.561211469,4
v1.1,9,2,0.648161493,4
v1.1,9,3,1.28595296,4
v1.1,10,0,0.279580182,4
v1.1,10,1,0.531578632,4
v1.1,10,2,1.534212053,4
v1.1,10,3,1.092255367,4
v1.1,11,0,0.684890064,4
v1.1,11,1,1.010542404,4
v1.1,11,2,0.579991322,4
v1.1,11,3,1.407114333,4
v1.1,12,0,1.090636785,4
v1.1,12,1,6.638531178,4
v1.1,12,2,2.233628436,4
v1.1,12,3,2.12918489,4
v1.1,13,0,2.381347779,4
v1.1,13,1,4.36876995,4
v1.1,13,2,5.588780252,4
v1.1,13,3,0.974489046,4
v1.1,14,0,1.291351295,4
v1.1,14,1,7.364477304,4
v1.1,14,2,7.657935922,4
v1.1,14,3,9.622409363,4
v1.1,15,0,6.74332935,4
v1.1,15,1,10.908714641,4
v1.1,15,2,8.866272911,4
v1.1,15,3,18.803238865,4
v1.1,16,0,14.456702982,4
v1.1,16,1,1.489133128,4
v1.1,16,2,16.609510274,4
v1.1,16,3,36.494148565,4
v1.1,17,0,9.546473966,4
v1.1,17,1,41.460942574,4
v1.1,17,2,51.509726454,4
v1.1,17,3,71.983418598,4
v1.1,18,0,5.599718323,4
v1.1,18,1,48.228596715,4
v1.1,18,2,49.646712414,4
v1.1,18,3,23.501302304,4
v1.1,19,0,14.720794267,4
v1.1,19,1,47.365522465,4
v1.1,19,2,14.993805034,4
v1.1,19,3,77.390259271,4
v1.1,20,0,32.195453043,4
v1.1,20,1,23.569893048,4
v1.1,20,2,82.574478937,4
v1.1,20,3,17.341470435,4
v1.1,21,0,9.461356988,4
v1.1,21,1,59.249551149,4
v1.1,21,2,20.961707599,4
v1.1,21,3,158.653341498,4
v1.1,22,0,43.111509922,4
v1.1,22,1,98.412889084,4
v1.1,22,2,123.269207365,4
v1.1,22,3,69.048256006,4
v1.1,23,0,81.859893283,4
v1.1,23,1,191.713443218,4
v1.1,23,2,176.337368166,4
v1.1,23,3,59.883905015,4
v1.1,24,0,70.431892183,4
v1.1,24,1,28.182509323,4
v1.1,24,2,379.885778213,4
v1.1,24,3,258.985145715,4
v1.1,25,0,38.057170314,4
v1.1,25,1,358.249804985,4
v1.1,25,2,66.728122009,4
v1.1,25,3,108.083465028,4
v1.1,26,0,327.804886821,4
v1.1,26,1,435.081322932,4
v1.1,26,2,476.779778506,4
v1.1,26,3,224.47565603,4
v1.1,27,0,218.028542461,4
v1.1,27,1,259.99133956,4
v1.1,27,2,599.059936012,4
v1.1,27,3,117.353744361,4
v1.1,28,0,305.624362423,4
v1.1,28,1,212.534967881,4
v1.1,28,2,641.94993916,4
v1.1,28,3,208.763534714,4
v1.1,29,0,204.997923881,4
v1.1,29,1,232.374997448,4
v1.1,29,2,922.864479358,4
v1.1,29,3,260.363798205,4
v1.1,30,0,587.791386178,4
v1.1,30,1,118.780381579,4
v1.1,30,2,978.5870663,4
v1.1,30,3,494.064131582,4
v1.1,5,0,0.002977474,4
v1.1,5,1,0.008449687,4
v1.1,6,0,0.005746194,4
v1.1,6,1,0.026356033,4
v1.1,6,2,0.017110228,4
v1.1,7,0,0.015357808,4
v1.1,7,1,0.038680769,4
v1.1,7,2,0.075255804,4
v1.1,8,0,0.076376631,4
v1.1,8,1,0.251262919,4
v1.1,8,2,0.26719644,4
v1.1,9,0,0.021072165,4
v1.1,9,1,0.158591008,4
v1.1,9,2,0.126342802,4
v1.1,9,3,1.138814681,4
v1.1,10,0,0.392633076,4
v1.1,10,1,0.759079033,4
v1.1,10,2,0.819241615,4
v1.1,10,3,0.423169055,4
v1.1,11,0,0.759987441,4
v1.1,11,1,2.446100118,4
v1.1,11,2,1.99685678,4
v1.1,11,3,0.731326229,4
v1.1,12,0,2.169051073,4
v1.1,12,1,0.223616794,4
v1.1,12,2,2.276709272,4
v1.1,12,3,4.601118402,4
v1.1,13,0,1.301613904,4
v1.1,13,1,5.0915855,4
v1.1,13,2,16.814353423,4
v1.1,13,3,0.712769936,4
v1.1,14,0,7.433491552,4
v1.1,14,1,6.604507966,4
v1.1,14,2,5.578623227,4
v1.1,14,3,9.559274779,4
v1.1,15,0,8.39277851,4
v1.1,15,1,9.943252004,4
v1.1,15,2,9.02808765,4
v1.1,15,3,17.587992017,4
v1.1,16,0,6.920685435,4
v1.1,16,1,14.313115621,4
v1.1,16,2,2.249027677,4
v1.1,16,3,4.953385367,4
v1.1,17,0,12.884625156,4
v1.1,17,1,11.885982808,4
v1.1,17,2,54.755098445,4
v1.1,17,3,19.918792069,4
v1.1,18,0,14.503191406,4
v1.1,18,1,40.130933529,4
v1.1,18,2,45.066451371,4
v1.1,18,3,110.214618436,4
v1.1,19,0,29.143382615,4
v1.1,19,1,47.146565857,4
v1.1,19,2,76.877706302,4
v1.1,19,3,33.388800028,4
v1.1,20,0,48.11081742,4
v1.1,20,1,51.873690659,4
v1.1,20,2,40.787726362,4
v1.1,20,3,29.485058148,4
v1.1,21,0,2.758736542,4
v1.1,21,1,55.746767936,4
v1.1,21,2,112.397381789,4
v1.1,21,3,166.009519481,4
v1.1,22,0,51.134715484,4
v1.1,22,1,69.370870353,4
v1.1,22,2,145.357636139,4
v1.1,22,3,79.067568801,4
v1.1,23,0,105.198715359,4
v1.1,23,1,122.133858445,4
v1.1,23,2,34.005072795,4
v1.1,23,3,108.046731626,4
v1.1,24,0,50.219599306,4
v1.1,24,1,179.337706532,4
v1.1,24,2,206.03063241,4
v1.1,24,3,409.762262252,4
v1.1,25,0,33.715678722,4
v1.1,25,1,231.727199726,4
v1.1,25,2,465.000046168,4
v1.1,25,3,274.784915208,4
v1.1,26,0,256.199516455,4
v1.1,26,1,400.315131286,4
v1.1,26,2,62.554831477,4
v1.1,26,3,116.479894493,4
v1.1,27,0,58.539363899,4
v1.1,27,1,153.483263154,4
v1.1,27,2,714.088916029,4
v1.1,27,3,571.74294694,4
v1.1,28,0,102.739830214,4
v1.1,28,1,205.279998668,4
v1.1,28,2,80.93560795,4
v1.1,28,3,111.595521635,4
v1.1,29,0,58.005407461,4
v1.1,29,1,843.959028924,4
v1.1,29,2,966.948073593,4
v1.1,30,0,527.928662419,4
v1.1,30,1,959.28821605,4
v1.1,30,2,459.006051354,4
v1.1,30,3,991.883618621,4
v1.1,5,0,3.827769586,8
v1.1,5,1,0.172637869,8
v1.1,6,0,0.005011713,8
v1.1,6,1,0.033128648,8
v1.1,6,2,0.052512259,8
v1.1,7,0,0.028696799,8
v1.1,7,1,0.035785225,8
v1.1,7,2,0.116906414,8
v1.1,8,0,0.046550786,8
v1.1,8,1,0.059705466,8
v1.1,8,2,0.257828091,8
v1.1,9,0,0.077364461,8
v1.1,9,1,0.250280861,8
v1.1,9,2,0.334823895,8
v1.1,9,3,0.64349822,8
v1.1,10,0,0.134808401,8
v1.1,10,1,0.267050143,8
v1.1,10,2,0.896155266,8
v1.1,10,3,0.556988843,8
v1.1,11,0,0.342413879,8
v1.1,11,1,0.362203169,8
v1.1,11,2,0.302048524,8
v1.1,11,3,0.736564541,8
v1.1,12,0,0.56823364,8
v1.1,12,1,3.359433433,8
v1.1,12,2,1.170630962,8
v1.1,12,3,1.081590174,8
v1.1,13,0,1.159828523,8
v1.1,13,1,2.138895654,8
v1.1,13,2,2.792006731,8
v1.1,13,3,0.332047449,8
v1.1,14,0,0.658729908,8
v1.1,14,1,3.681379812,8
v1.1,14,2,3.719737739,8
v1.1,14,3,4.568864185,8
v1.1,15,0,3.277232027,8
v1.1,15,1,5.04708214,8
v1.1,15,2,4.585506458,8
v1.1,15,3,9.111668724,8
v1.1,16,0,7.741829517,8
v1.1,16,1,0.841050383,8
v1.1,16,2,7.891421681,8
v1.1,16,3,17.039717124,8
v1.1,17,0,4.50333853,8
v1.1,17,1,19.418137344,8
v1.1,17,2,25.113002074,8
v1.1,17,3,39.815418506,8
v1.1,18,0,3.092548397,8
v1.1,18,1,29.333801338,8
v1.1,18,2,28.415967956,8
v1.1,18,3,13.206989536,8
v1.1,19,0,8.042666469,8
v1.1,19,1,25.369585832,8
v1.1,19,2,8.438221289,8
v1.1,19,3,42.00190707,8
v1.1,20,0,17.177307235,8
v1.1,20,1,13.05212293,8
v1.1,20,2,45.228814552,8
v1.1,20,3,10.125717608,8
v1.1,21,0,5.559325421,8
v1.1,21,1,33.352200055,8
v1.1,21,2,11.408650965,8
v1.1,21,3,90.325523275,8
v1.1,22,0,23.304193638,8
v1.1,22,1,52.653043061,8
v1.1,22,2,66.173194853,8
v1.1,22,3,37.941181388,8
v1.1,23,0,44.578175053,8
v1.1,23,1,101.97103858,8
v1.1,23,2,98.103866324,8
v1.1,23,3,32.822517299,8
v1.1,24,0,40.131246508,8
v1.1,24,1,16.106155675,8
v1.1,24,2,233.668067673,8
v1.1,24,3,180.621970458,8
v1.1,25,0,26.776742859,8
v1.1,25,1,254.677029162,8
v1.1,25,2,46.087552705,8
v1.1,25,3,77.874397039,8
v1.1,26,0,228.57644388,8
v1.1,26,1,306.965815249,8
v1.1,26,2,346.217706789,8
v1.1,26,3,164.338781429,8
v1.1,27,0,148.851518497,8
v1.1,27,1,192.046837188,8
v1.1,27,2,440.167365021,8
v1.1,27,3,87.487152133,8
v1.1,28,0,205.616737821,8
v1.1,28,1,153.05469382,8
v1.1,28,2,456.250652609,8
v1.1,28,3,157.691008808,8
v1.1,29,0,148.285774949,8
v1.1,29,1,169.558874679,8
v1.1,29,2,669.955011384,8
v1.1,29,3,189.68508688,8
v1.1,30,0,422.001818466,8
v1.1,30,1,89.229786087,8
v1.1,30,2,760.885444401,8
v1.1,30,3,372.587966859,8
v1.1,5,0,0.002807517,8
v1.1,5,1,0.056963704,8
v1.1,6,0,0.004624891,8
v1.1,6,1,0.017733917,8
v1.1,6,2,0.013378359,8
v1.1,7,0,0.012262379,8
v1.1,7,1,0.029519552,8
v1.1,7,2,0.051914949,8
v1.1,8,0,0.059734831,8
v1.1,8,1,0.19582216,8
v1.1,8,2,0.216322519,8
v1.1,9,0,0.015011446,8
v1.1,9,1,0.132707386,8
v1.1,9,2,0.087166999,8
v1.1,9,3,0.859648397,8
v1.1,10,0,0.355528056,8
v1.1,10,1,0.584574132,8
v1.1,10,2,0.611748938,8
v1.1,10,3,0.341067621,8
v1.1,11,0,0.598127718,8
v1.1,11,1,1.915439389,8
v1.1,11,2,1.515908755,8
v1.1,11,3,0.544617902,8
v1.1,12,0,1.734091446,8
v1.1,12,1,0.182693829,8
v1.1,12,2,1.707672258,8
v1.1,12,3,3.391560041,8
v1.1,13,0,1.004269638,8
v1.1,13,1,3.856009812,8
v1.1,13,2,12.014080092,8
v1.1,13,3,0.505554807,8
v1.1,14,0,5.497476754,8
v1.1,14,1,4.899199549,8
v1.1,14,2,4.138929405,8
v1.1,14,3,6.895754292,8
v1.1,15,0,6.264038419,8
v1.1,15,1,7.401220866,8
v1.1,15,2,6.802053659,8
v1.1,15,3,12.081346762,8
v1.1,16,0,5.199113548,8
v1.1,16,1,10.583237399,8
v1.1,16,2,1.585329828,8
v1.1,16,3,3.627562495,8
v1.1,17,0,9.753771914,8
v1.1,17,1,8.970759842,8
v1.1,17,2,39.979202837,8
v1.1,17,3,13.385369824,8
v1.1,18,0,9.723516031,8
v1.1,18,1,28.720440381,8
v1.1,18,2,31.953365893,8
v1.1,18,3,76.237553339,8
v1.1,19,0,20.765244234,8
v1.1,19,1,34.840821821,8
v1.1,19,2,56.832706378,8
v1.1,19,3,23.713760798,8
v1.1,20,0,35.933241563,8
v1.1,20,1,38.931765317,8
v1.1,20,2,29.465798955,8
v1.1,20,3,21.439642652,8
v1.1,21,0,2.145049168,8
v1.1,21,1,39.463522325,8
v1.1,21,2,78.213700995,8
v1.1,21,3,112.411952313,8
v1.1,22,0,36.788821025,8
v1.1,22,1,48.822504739,8
v1.1,22,2,99.15332418,8
v1.1,22,3,54.658845789,8
v1.1,23,0,73.040525491,8
v1.1,23,1,86.034009734,8
v1.1,23,2,23.296509336,8
v1.1,23,3,80.585173121,8
v1.1,24,0,36.505387265,8
v1.1,24,1,121.979724158,8
v1.1,24,2,145.235432644,8
v1.1,24,3,285.037009912,8
v1.1,25,0,24.006913034,8
v1.1,25,1,169.216632203,8
v1.1,25,2,327.621960861,8
v1.1,25,3,192.257010301,8
v1.1,26,0,175.850981171,8
v1.1,26,1,285.710620806,8
v1.1,26,2,45.82585998,8
v1.1,26,3,86.085131436,8
v1.1,27,0,41.975981436,8
v1.1,27,1,112.605689401,8
v1.1,27,2,504.468645696,8
v1.1,27,3,397.743225823,8
v1.1,28,0,71.271368877,8
v1.1,28,1,150.133752866,8
v1.1,28,2,59.85335976,8
v1.1,28,3,82.185962806,8
v1.1,29,0,42.648673084,8
v1.1,29,1,593.795476664,8
v1.1,29,2,677.268014274,8
v1.1,30,0,351.873701722,8
v1.1,30,1,615.690148353,8
v1.1,30,2,323.836347707,8
v1.1,30,3,677.974557038,8
v1.1,5,0,3.681290661,2
v1.1,5,1,0.144983245,2
v1.1,6,0,0.008894514,2
v1.1,6,1,0.038747285,2
v1.1,6,2,0.059247097,2
v1.1,7,0,0.052951844,2
v1.1,7,1,0.07363572,2
v1.1,7,2,0.213535939,2
v1.1,8,0,0.116656021,2
v1.1,8,1,0.131378256,2
v1.1,8,2,0.566014139,2
v1.1,9,0,0.221641222,2
v1.1,9,1,0.740236736,2
v1.1,9,2,0.922057021,2
v1.1,9,3,1.766909673,2
v1.1,10,0,0.392351883,2
v1.1,10,1,0.757894735,2
v1.1,10,2,2.161784992,2
v1.1,10,3,1.551849724,2
v1.1,11,0,0.973668533,2
v1.1,11,1,1.080998079,2
v1.1,11,2,0.868046492,2
v1.1,11,3,2.439195371,2
v1.1,12,0,1.530457426,2
v1.1,12,1,9.433372833,2
v1.1,12,2,3.224113642,2
v1.1,12,3,3.068044754,2
v1.1,13,0,3.325927522,2
v1.1,13,1,6.455817077,2
v1.1,13,2,8.44902544,2
v1.1,13,3,1.256826551,2
v1.1,14,0,1.975638745,2
v1.1,14,1,10.996489565,2
v1.1,14,2,10.601384407,2
v1.1,14,3,13.420743843,2
v1.1,15,0,9.797605288,2
v1.1,15,1,15.472736701,2
v1.1,15,2,13.111602219,2
v1.1,15,3,28.319400202,2
v1.1,16,0,20.524630075,2
v1.1,16,1,1.676291256,2
v1.1,16,2,24.385484712,2
v1.1,16,3,50.975468396,2
v1.1,17,0,12.951575505,2
v1.1,17,1,60.966430057,2
v1.1,17,2,71.893940908,2
v1.1,17,3,108.537445533,2
v1.1,18,0,8.603161716,2
v1.1,18,1,78.913252858,2
v1.1,18,2,81.357848019,2
v1.1,18,3,39.603803316,2
v1.1,19,0,25.176068206,2
v1.1,19,1,75.639420048,2
v1.1,19,2,23.770693374,2
v1.1,19,3,129.12612118,2
v1.1,20,0,52.517265481,2
v1.1,20,1,39.524926901,2
v1.1,20,2,144.21249249,2
v1.1,20,3,28.757608345,2
v1.1,21,0,15.444546585,2
v1.1,21,1,101.039185851,2
v1.1,21,2,35.234315696,2
v1.1,21,3,265.547081034,2
v1.1,22,0,72.231583472,2
v1.1,22,1,161.272567064,2
v1.1,22,2,211.810754161,2
v1.1,22,3,114.450973908,2
v1.1,23,0,143.647000972,2
v1.1,23,1,329.917747912,2
v1.1,23,2,304.20715909,2
v1.1,23,3,99.864987909,2
v1.1,24,0,118.431827941,2
v1.1,24,1,48.00743734,2
v1.1,24,2,646.598445862,2
v1.1,24,3,437.779759655,2
v1.1,25,0,63.252625899,2
v1.1,25,1,610.086144823,2
v1.1,25,2,112.033778377,2
v1.1,25,3,182.955160343,2
v1.1,26,0,570.290565911,2
v1.1,26,1,754.445859774,2
v1.1,26,2,811.066210777,2
v1.1,26,3,372.751070952,2
v1.1,27,0,368.52760227,2
v1.1,27,1,445.283827828,2
v1.1,27,2,1032.972420857,2
v1.1,27,3,198.868539234,2
v1.1,28,0,488.954802365,2
v1.1,28,1,370.48205401,2
v1.1,28,2,1125.686139037,2
v1.1,28,3,354.451458918,2
v1.1,29,0,337.512397873,2
v1.1,29,1,401.807331434,2
v1.1,29,2,1576.322024508,2
v1.1,29,3,433.603156961,2
v1.1,30,0,942.543579161,2
v1.1,30,1,204.393157109,2
v1.1,30,2,1673.101284547,2
v1.1,30,3,824.75080402,2
v1.1,5,0,0.003905079,2
v1.1,5,1,0.011553731,2
v1.1,6,0,0.010541159,2
v1.1,6,1,0.04622466,2
v1.1,6,2,0.028916493,2
v1.1,7,0,0.027782788,2
v1.1,7,1,0.06946723,2
v1.1,7,2,0.178797058,2
v1.1,8,0,0.138778952,2
v1.1,8,1,0.4102833,2
v1.1,8,2,0.432086535,2
v1.1,9,0,0.035304911,2
v1.1,9,1,0.182429744,2
v1.1,9,2,0.226881739,2
v1.1,9,3,1.957602325,2
v1.1,10,0,0.74618272,2
v1.1,10,1,1.267688964,2
v1.1,10,2,1.439558235,2
v1.1,10,3,0.600720891,2
v1.1,11,0,1.314912963,2
v1.1,11,1,4.113912845,2
v1.1,11,2,3.241689856,2
v1.1,11,3,1.271787267,2
v1.1,12,0,3.719542197,2
v1.1,12,1,0.342197512,2
v1.1,12,2,3.921269971,2
v1.1,12,3,7.802257724,2
v1.1,13,0,2.195902486,2
v1.1,13,1,8.587668801,2
v1.1,13,2,27.316326316,2
v1.1,13,3,1.147267356,2
v1.1,14,0,12.40510216,2
v1.1,14,1,11.075751234,2
v1.1,14,2,9.256401883,2
v1.1,14,3,15.974727585,2
v1.1,15,0,14.243331141,2
v1.1,15,1,16.857643214,2
v1.1,15,2,15.682812532,2
v1.1,15,3,29.801312258,2
v1.1,16,0,11.473631605,2
v1.1,16,1,24.347056001,2
v1.1,16,2,3.460245879,2
v1.1,16,3,8.289911372,2
v1.1,17,0,21.887077254,2
v1.1,17,1,20.44067969,2
v1.1,17,2,96.453556043,2
v1.1,17,3,32.456906583,2
v1.1,18,0,21.545727229,2
v1.1,18,1,65.463574729,2
v1.1,18,2,76.106488114,2
v1.1,18,3,180.341594263,2
v1.1,19,0,46.4164409,2
v1.1,19,1,82.011323169,2
v1.1,19,2,130.043475006,2
v1.1,19,3,55.479014867,2
v1.1,20,0,80.979376913,2
v1.1,20,1,88.321719228,2
v1.1,20,2,68.504668268,2
v1.1,20,3,51.170410025,2
v1.1,21,0,4.432215675,2
v1.1,21,1,97.347877551,2
v1.1,21,2,192.374030156,2
v1.1,21,3,287.310527485,2
v1.1,22,0,86.500805782,2
v1.1,22,1,120.187724996,2
v1.1,22,2,244.385515728,2
v1.1,22,3,137.880458312,2
v1.1,23,0,179.385307874,2
v1.1,23,1,212.652715551,2
v1.1,23,2,57.268942298,2
v1.1,23,3,179.671683998,2
v1.1,24,0,86.023077732,2
v1.1,24,1,303.069871267,2
v1.1,24,2,345.419995929,2
v1.1,24,3,699.351802366,2
v1.1,25,0,57.481508157,2
v1.1,25,1,396.446333052,2
v1.1,25,2,791.989740193,2
v1.1,25,3,462.568069355,2
v1.1,26,0,438.296322373,2
v1.1,26,1,680.062659423,2
v1.1,26,2,101.39872953,2
v1.1,26,3,202.622541439,2
v1.1,27,0,99.762098585,2
v1.1,27,1,262.36632732,2
v1.1,27,2,1184.678134347,2
v1.1,27,3,953.446378095,2
v1.1,28,0,174.383485693,2
v1.1,28,1,360.117349748,2
v1.1,28,2,140.053236445,2
v1.1,28,3,187.883605677,2
v1.1,29,0,98.087289789,2
v1.1,29,1,1449.951596026,2
v1.1,29,2,1628.982200968,2
v1.1,30,0,849.667815945,2
v1.1,30,1,1503.797809519,2
v1.1,30,2,753.663043931,2
v1.1,30,3,1580.564317234,2
v1.1,5,0,3.765937498,4
v1.1,5,1,0.147014594,4
v1.1,6,0,0.006090101,4
v1.1,6,1,0.025723345,4
v1.1,6,2,0.060207501,4
v1.1,7,0,0.035477799,4
v1.1,7,1,0.040332307,4
v1.1,7,2,0.13451256,4
v1.1,8,0,0.079112356,4
v1.1,8,1,0.08427255,4
v1.1,8,2,0.357721141,4
v1.1,9,0,0.139426015,4
v1.1,9,1,0.457843533,4
v1.1,9,2,0.549279107,4
v1.1,9,3,1.102361732,4
v1.1,10,0,0.227770313,4
v1.1,10,1,0.4435831,4
v1.1,10,2,1.288436699,4
v1.1,10,3,0.919822233,4
v1.1,11,0,0.564914744,4
v1.1,11,1,0.843383771,4
v1.1,11,2,0.497464049,4
v1.1,11,3,1.192574793,4
v1.1,12,0,0.905712314,4
v1.1,12,1,5.864123353,4
v1.1,12,2,1.913092498,4
v1.1,12,3,1.815740869,4
v1.1,13,0,1.976285724,4
v1.1,13,1,3.716520217,4
v1.1,13,2,4.750109035,4
v1.1,13,3,0.790045849,4
v1.1,14,0,1.117048889,4
v1.1,14,1,6.27172414,4
v1.1,14,2,6.473082355,4
v1.1,14,3,8.756856915,4
v1.1,15,0,6.191493513,4
v1.1,15,1,10.18733418,4
v1.1,15,2,8.426915838,4
v1.1,15,3,17.77761581,4
v1.1,16,0,13.482539321,4
v1.1,16,1,1.477973295,4
v1.1,16,2,15.179421535,4
v1.1,16,3,33.840682557,4
v1.1,17,0,9.162268531,4
v1.1,17,1,38.675478037,4
v1.1,17,2,46.709388272,4
v1.1,17,3,68.369814675,4
v1.1,18,0,4.870587521,4
v1.1,18,1,50.072663142,4
v1.1,18,2,50.28289141,4
v1.1,18,3,25.458663196,4
v1.1,19,0,16.787083496,4
v1.1,19,1,46.547581248,4
v1.1,19,2,13.996328111,4
v1.1,19,3,79.785266611,4
v1.1,20,0,32.997861656,4
v1.1,20,1,25.046826442,4
v1.1,20,2,83.545477845,4
v1.1,20,3,18.007547403,4
v1.1,21,0,9.554130698,4
v1.1,21,1,62.01224752,4
v1.1,21,2,22.393970816,4
v1.1,21,3,162.697343409,4
v1.1,22,0,45.653751484,4
v1.1,22,1,100.549328063,4
v1.1,22,2,129.339926791,4
v1.1,22,3,70.660710779,4
v1.1,23,0,91.619556611,4
v1.1,23,1,207.137631984,4
v1.1,23,2,190.331024905,4
v1.1,23,3,62.791035704,4
v1.1,24,0,68.299705383,4
v1.1,24,1,30.198203951,4
v1.1,24,2,398.387514124,4
v1.1,24,3,272.690283842,4
v1.1,25,0,38.86542577,4
v1.1,25,1,387.434850912,4
v1.1,25,2,73.641842401,4
v1.1,25,3,110.252269959,4
v1.1,26,0,350.590579594,4
v1.1,26,1,462.254126454,4
v1.1,26,2,506.913684464,4
v1.1,26,3,238.106462205,4
v1.1,27,0,228.710686232,4
v1.1,27,1,280.503470445,4
v1.1,27,2,633.054945301,4
v1.1,27,3,125.249458892,4
v1.1,28,0,330.519704215,4
v1.1,28,1,225.349969906,4
v1.1,28,2,708.318591535,4
v1.1,28,3,230.512358829,4
v1.1,29,0,217.42083707,4
v1.1,29,1,237.659080376,4
v1.1,29,2,991.570931854,4
v1.1,29,3,272.028222695,4
v1.1,30,0,596.608740575,4
v1.1,30,1,133.247420108,4
v1.1,30,2,1048.397037004,4
v1.1,30,3,529.980777181,4
v1.1,5,0,0.003929882,4
v1.1,5,1,0.009057518,4
v1.1,6,0,0.006705166,4
v1.1,6,1,0.028802236,4
v1.1,6,2,0.019196185,4
v1.1,7,0,0.017542816,4
v1.1,7,1,0.04448984,4
v1.1,7,2,0.081541395,4
v1.1,8,0,0.092451794,4
v1.1,8,1,0.276089145,4
v1.1,8,2,0.261604246,4
v1.1,9,0,0.022651102,4
v1.1,9,1,0.166247982,4
v1.1,9,2,0.201300002,4
v1.1,9,3,1.184298299,4
v1.1,10,0,0.432780911,4
v1.1,10,1,0.8506215,4
v1.1,10,2,0.951984656,4
v1.1,10,3,0.417509403,4
v1.1,11,0,0.912980681,4
v1.1,11,1,2.786795569,4
v1.1,11,2,2.194414687,4
v1.1,11,3,0.886856917,4
v1.1,12,0,2.326601506,4
v1.1,12,1,0.229924881,4
v1.1,12,2,2.486266371,4
v1.1,12,3,4.871835294,4
v1.1,13,0,1.576992222,4
v1.1,13,1,5.233289571,4
v1.1,13,2,17.719353658,4
v1.1,13,3,0.731532682,4
v1.1,14,0,8.011963589,4
v1.1,14,1,7.364764874,4
v1.1,14,2,6.168771776,4
v1.1,14,3,9.641860945,4
v1.1,15,0,8.117707755,4
v1.1,15,1,9.931574081,4
v1.1,15,2,8.988231942,4
v1.1,15,3,17.299855676,4
v1.1,16,0,6.889335613,4
v1.1,16,1,13.99570153,4
v1.1,16,2,2.21384306,4
v1.1,16,3,4.876026832,4
v1.1,17,0,13.074293383,4
v1.1,17,1,12.759559415,4
v1.1,17,2,59.371056515,4
v1.1,17,3,19.843042562,4
v1.1,18,0,12.75943171,4
v1.1,18,1,40.155658341,4
v1.1,18,2,49.336629537,4
v1.1,18,3,113.390586216,4
v1.1,19,0,29.207969875,4
v1.1,19,1,53.230605157,4
v1.1,19,2,83.198983053,4
v1.1,19,3,35.686432951,4
v1.1,20,0,52.174439224,4
v1.1,20,1,55.018142851,4
v1.1,20,2,44.334697992,4
v1.1,20,3,33.228478496,4
v1.1,21,0,2.969389331,4
v1.1,21,1,61.979044055,4
v1.1,21,2,116.636593599,4
v1.1,21,3,173.067435068,4
v1.1,22,0,54.570582525,4
v1.1,22,1,74.269775985,4
v1.1,22,2,151.003131973,4
v1.1,22,3,86.142823896,4
v1.1,23,0,113.266074982,4
v1.1,23,1,134.848450735,4
v1.1,23,2,37.211833554,4
v1.1,23,3,113.967411742,4
v1.1,24,0,55.893678454,4
v1.1,24,1,191.852160376,4
v1.1,24,2,220.899018396,4
v1.1,24,3,440.654141216,4
v1.1,25,0,35.705418306,4
v1.1,25,1,253.670025713,4
v1.1,25,2,482.295700938,4
v1.1,25,3,286.281720814,4
v1.1,26,0,277.733896791,4
v1.1,26,1,431.5703152,4
v1.1,26,2,66.666963154,4
v1.1,26,3,125.158467809,4
v1.1,27,0,62.36329175,4
v1.1,27,1,166.926000581,4
v1.1,27,2,732.670876438,4
v1.1,27,3,598.666276918,4
v1.1,28,0,111.218796129,4
v1.1,28,1,222.106538028,4
v1.1,28,2,87.464865836,4
v1.1,28,3,120.80059816,4
v1.1,29,0,65.249701855,4
v1.1,29,1,903.589715055,4
v1.1,29,2,1021.697562435,4
v1.1,30,0,538.704837629,4
v1.1,30,1,945.087418684,4
v1.1,30,2,473.288046174,4
v1.1,30,3,976.54639737,4
v1.1,5,0,3.588997423,8
v1.1,5,1,0.140745216,8
v1.1,6,0,0.004146315,8
v1.1,6,1,0.015877979,8
v1.1,6,2,0.037192471,8
v1.1,7,0,0.015025879,8
v1.1,7,1,0.040151742,8
v1.1,7,2,0.099478594,8
v1.1,8,0,0.05322455,8
v1.1,8,1,0.066668937,8
v1.1,8,2,0.26093445,8
v1.1,9,0,0.109510703,8
v1.1,9,1,0.341228592,8
v1.1,9,2,0.459128945,8
v1.1,9,3,0.873777905,8
v1.1,10,0,0.186982462,8
v1.1,10,1,0.360310212,8
v1.1,10,2,1.033156588,8
v1.1,10,3,0.726343347,8
v1.1,11,0,0.625616424,8
v1.1,11,1,0.474805679,8
v1.1,11,2,0.37299863,8
v1.1,11,3,0.913089276,8
v1.1,12,0,0.719797581,8
v1.1,12,1,4.473204977,8
v1.1,12,2,1.429440646,8
v1.1,12,3,1.332509255,8
v1.1,13,0,1.478229475,8
v1.1,13,1,2.683068986,8
v1.1,13,2,3.535902722,8
v1.1,13,3,0.420543531,8
v1.1,14,0,0.849825368,8
v1.1,14,1,4.706073973,8
v1.1,14,2,4.671688365,8
v1.1,14,3,5.698418235,8
v1.1,15,0,4.032530373,8
v1.1,15,1,6.269919633,8
v1.1,15,2,5.589533352,8
v1.1,15,3,11.212973907,8
v1.1,16,0,8.494406561,8
v1.1,16,1,0.935923727,8
v1.1,16,2,9.719261032,8
v1.1,16,3,21.157004466,8
v1.1,17,0,5.668423489,8
v1.1,17,1,24.111966682,8
v1.1,17,2,30.477203258,8
v1.1,17,3,47.296391256,8
v1.1,18,0,3.651098759,8
v1.1,18,1,31.351977102,8
v1.1,18,2,32.858754527,8
v1.1,18,3,15.986392262,8
v1.1,19,0,10.041094034,8
v1.1,19,1,32.095580151,8
v1.1,19,2,10.460627539,8
v1.1,19,3,51.856024644,8
v1.1,20,0,22.433014102,8
v1.1,20,1,16.592534551,8
v1.1,20,2,56.34084109,8
v1.1,20,3,12.251599378,8
v1.1,21,0,6.731605236,8
v1.1,21,1,41.760805191,8
v1.1,21,2,14.298184744,8
v1.1,21,3,110.115292666,8
v1.1,22,0,29.443744092,8
v1.1,22,1,64.751161765,8
v1.1,22,2,84.167653147,8
v1.1,22,3,45.916708144,8
v1.1,23,0,55.471477225,8
v1.1,23,1,127.72816603,8
v1.1,23,2,121.13532927,8
v1.1,23,3,40.261152889,8
v1.1,24,0,48.938498897,8
v1.1,24,1,19.996232775,8
v1.1,24,2,258.689084435,8
v1.1,24,3,176.095171775,8
v1.1,25,0,25.759958937,8
v1.1,25,1,248.993204128,8
v1.1,25,2,46.886140383,8
v1.1,25,3,75.905878808,8
v1.1,26,0,220.556306866,8
v1.1,26,1,304.845404238,8
v1.1,26,2,345.960795265,8
v1.1,26,3,159.71126406,8
v1.1,27,0,147.521657796,8
v1.1,27,1,187.961569671,8
v1.1,27,2,433.254423918,8
v1.1,27,3,87.352679964,8
v1.1,28,0,209.443310953,8
v1.1,28,1,157.770558928,8
v1.1,28,2,452.917810207,8
v1.1,28,3,156.427381317,8
v1.1,29,0,146.702973409,8
v1.1,29,1,169.608884802,8
v1.1,29,2,661.267581214,8
v1.1,29,3,190.433145699,8
v1.1,30,0,394.840436339,8
v1.1,30,1,90.429650052,8
v1.1,30,2,708.258455848,8
v1.1,30,3,357.354673362,8
v1.1,5,0,0.00273625,8
v1.1,5,1,0.006710305,8
v1.1,6,0,0.004796554,8
v1.1,6,1,0.017841511,8
v1.1,6,2,0.013093163,8
v1.1,7,0,0.01203373,8
v1.1,7,1,0.029232783,8
v1.1,7,2,0.050414658,8
v1.1,8,0,0.057687872,8
v1.1,8,1,0.188631407,8
v1.1,8,2,0.194060236,8
v1.1,9,0,0.014735709,8
v1.1,9,1,0.073971429,8
v1.1,9,2,0.08587331,8
v1.1,9,3,0.823700707,8
v1.1,10,0,0.331291978,8
v1.1,10,1,0.539154111,8
v1.1,10,2,0.564724957,8
v1.1,10,3,0.309196848,8
v1.1,11,0,0.578893068,8
v1.1,11,1,1.856034677,8
v1.1,11,2,1.398430586,8
v1.1,11,3,0.54871529,8
v1.1,12,0,1.63082346,8
v1.1,12,1,0.175888127,8
v1.1,12,2,1.673434987,8
v1.1,12,3,3.30527412,8
v1.1,13,0,0.923599939,8
v1.1,13,1,3.661334782,8
v1.1,13,2,11.618741917,8
v1.1,13,3,0.478439601,8
v1.1,14,0,5.365436673,8
v1.1,14,1,4.804099224,8
v1.1,14,2,4.08159415,8
v1.1,14,3,6.85894909,8
v1.1,15,0,6.323362245,8
v1.1,15,1,7.770103923,8
v1.1,15,2,7.432119287,8
v1.1,15,3,13.827373868,8
v1.1,16,0,5.814649019,8
v1.1,16,1,11.268869742,8
v1.1,16,2,1.678762095,8
v1.1,16,3,3.344646295,8
v1.1,17,0,9.954436171,8
v1.1,17,1,9.038006877,8
v1.1,17,2,41.757681824,8
v1.1,17,3,15.291320263,8
v1.1,18,0,9.704184966,8
v1.1,18,1,28.372245385,8
v1.1,18,2,32.215074634,8
v1.1,18,3,78.983602472,8
v1.1,19,0,20.701318137,8
v1.1,19,1,35.321349743,8
v1.1,19,2,55.931428531,8
v1.1,19,3,22.158928709,8
v1.1,20,0,34.717509916,8
v1.1,20,1,38.926284955,8
v1.1,20,2,27.66488143,8
v1.1,20,3,20.063854934,8
v1.1,21,0,1.977425839,8
v1.1,21,1,38.696151325,8
